/*
Navicat MySQL Data Transfer

Source Server         : 122.112.15.152
Source Server Version : 50173
Source Host           : 122.112.15.152:3306
Source Database       : integralmall

Target Server Type    : MYSQL
Target Server Version : 50173
File Encoding         : 65001

Date: 2015-11-11 14:13:29
*/

SET FOREIGN_KEY_CHECKS=0;
-- ----------------------------
-- Table structure for `branch_shop`
-- ----------------------------
DROP TABLE IF EXISTS `branch_shop`;
CREATE TABLE `branch_shop` (
  `id` varchar(255) NOT NULL,
  `create_time` datetime DEFAULT NULL,
  `deleted` bit(1) NOT NULL,
  `update_time` datetime DEFAULT NULL,
  `address` varchar(255) DEFAULT NULL,
  `contact` varchar(255) DEFAULT NULL,
  `latitude` varchar(255) DEFAULT NULL,
  `longitude` varchar(255) DEFAULT NULL,
  `name` varchar(255) DEFAULT NULL,
  `num` varchar(255) DEFAULT NULL,
  `tel` varchar(255) DEFAULT NULL,
  `shop` varchar(255) DEFAULT NULL,
  PRIMARY KEY (`id`),
  KEY `FK_pfe9agurkq7i388goo43b7p7t` (`shop`),
  CONSTRAINT `FK_pfe9agurkq7i388goo43b7p7t` FOREIGN KEY (`shop`) REFERENCES `shop` (`id`)
) ENGINE=InnoDB DEFAULT CHARSET=utf8;

-- ----------------------------
-- Records of branch_shop
-- ----------------------------
INSERT INTO branch_shop VALUES ('faf08f184f8d4bc5014f8d4f51c30000', '2015-09-02 17:07:09', '', '2015-09-10 16:08:57', '北京市朝阳区建国路87号新光天地二层', '', '39.915635', '116.485149', 'JEFEN吉芬［北京SKP店］', '1', '010-65305757', 'faf08f184f69691e014f698429e3000d');
INSERT INTO branch_shop VALUES ('faf08f184fa58458014fa5c09f27000d', '2015-09-07 11:01:48', '', '2015-09-10 17:52:15', '北京市', 'sss', '39.92031', '116.469608', '商户1', '1', '123456', 'faf08f184fa58458014fa5bf9ced000c');
INSERT INTO branch_shop VALUES ('faf08f184fa58458014fa5c27b9e0013', '2015-09-07 11:03:50', '', '2015-09-10 17:58:33', '北京市11111111111111111111111111111111111111111111', 'ddd', '39.91367', '116.264938', '商户2', '1', '454365657', 'faf08f184fa58458014fa5c22dca0012');
INSERT INTO branch_shop VALUES ('faf08f184fa58458014fa5c866fd0017', '2015-09-07 11:10:18', '', '2015-09-10 17:52:09', '北京市', 'fff', '39.928278', '116.438563', '商户3', '1', '56436456', 'faf08f184fa58458014fa5c2f4650016');
INSERT INTO branch_shop VALUES ('faf08f184fa58458014fa5c9ac2f001b', '2015-09-07 11:11:41', '', '2015-09-10 17:52:07', '北京市', 'hgh', '39.954389', '116.486856', '商户4', '1', '5435435', 'faf08f184fa58458014fa5c9541f001a');
INSERT INTO branch_shop VALUES ('faf08f184fa58458014fa5cb7964001e', '2015-09-07 11:13:39', '', '2015-09-10 17:52:05', '北京市', 'gfhgfh', '39.958814', '116.403493', '商户5', '1', '54676', 'faf08f184fa58458014fa5cb40ad001d');
INSERT INTO branch_shop VALUES ('faf08f184faafe6b014fac27074100af', '2015-09-08 16:51:23', '', '2015-09-10 17:52:03', '北京市', '时代', '39.92031', '116.432239', '商户7', '1', '123456', 'faf08f184faafe6b014fac267d2600ae');
INSERT INTO branch_shop VALUES ('faf08f184faafe6b014fac2d768200b2', '2015-09-08 16:58:24', '', '2015-09-10 17:51:39', '北京市', 'fdsf', '39.922081', '116.512727', '商户8', '1', '546546', 'faf08f184faafe6b014fac28c13300b1');
INSERT INTO branch_shop VALUES ('faf08f184faafe6b014fac2ee99f00b7', '2015-09-08 16:59:59', '', '2015-09-10 17:51:34', '北京市', 'dsfds', '39.931819', '116.473633', '商户10', '1', '54646546', 'faf08f184faafe6b014fac2e6a8300b6');
INSERT INTO branch_shop VALUES ('faf08f184faafe6b014fac2f356200b8', '2015-09-08 17:00:19', '', '2015-09-10 17:51:37', '北京市', 'ytuyt', '39.899501', '116.375897', '商户9', '9', '67657', 'faf08f184faafe6b014fac2df1ca00b4');
INSERT INTO branch_shop VALUES ('faf08f184faafe6b014fac30012300bb', '2015-09-08 17:01:11', '', '2015-09-10 17:51:28', '北京市', 'gfhfd', '39.869825', '116.441437', '商户11', '1', '6745645', 'faf08f184faafe6b014fac2fb1ad00ba');
INSERT INTO branch_shop VALUES ('faf08f184fb07a88014fb09c17c70002', '2015-09-09 13:37:43', '', '2015-09-10 16:16:10', '北京朝阳区朝阳北路107号院罗马嘉园商务会所一层105', '', '39.930774', '116.52271', '佳美口腔青年中路门诊', '1', '010-58627394', 'faf08f184faafe6b014fb04be1fd016a');
INSERT INTO branch_shop VALUES ('faf08f184fb13015014fb1496541001c', '2015-09-09 16:47:01', '', '2015-09-09 16:47:01', '北京市朝阳区将台路芳园南里水岸会所底商', '刘艳', '39.975044', '116.489355', '光之树瑜伽中心', '1', '4006806201', 'faf08f184fb13015014fb143cc1c0019');
INSERT INTO branch_shop VALUES ('faf08f184fb5e098014fb64e7f610010', '2015-09-10 16:10:41', '', '2015-09-10 16:10:41', '北京市东城区王府井大街255号百货大楼北馆二层', '', '39.92029', '116.416449', 'JEFEN吉芬［北京王府井店］', '2', '010-62167177', 'faf08f184f69691e014f698429e3000d');
INSERT INTO branch_shop VALUES ('faf08f184fb5e098014fb64f7dc10011', '2015-09-10 16:11:47', '', '2015-09-10 16:11:47', '北京市海淀区复兴路33号翠微大厦三层', '', '39.914355', '116.310001', 'JEFEN吉芬［北京翠微店］', '3', '010-68238986', 'faf08f184f69691e014f698429e3000d');
INSERT INTO branch_shop VALUES ('faf08f184fb5e098014fb65009a80012', '2015-09-10 16:12:22', '', '2015-09-10 16:12:22', '北京市西城区复兴门内大街101号百盛购物中心北二层', '', '39.914887', '116.365', 'JEFEN吉芬［北京百盛店］', '4', '010-66536226', 'faf08f184f69691e014f698429e3000d');
INSERT INTO branch_shop VALUES ('faf08f184fb5e098014fb6507f3c0013', '2015-09-10 16:12:52', '', '2015-09-10 16:12:52', '北京市朝阳区亮马桥路52号燕莎友谊商城三层', '', '39.954476', '116.46973', 'JEFEN吉芬［北京燕莎店］', '5', '010-64651188-342', 'faf08f184f69691e014f698429e3000d');
INSERT INTO branch_shop VALUES ('faf08f184fb5e098014fb650ff9a0014', '2015-09-10 16:13:25', '', '2015-09-10 16:13:25', '北京市海淀区中关村大街40号当代商城二层      ', '', '39.976386', '116.327569', 'JEFEN吉芬［北京当代店］', '6', '010-62696274', 'faf08f184f69691e014f698429e3000d');
INSERT INTO branch_shop VALUES ('faf08f184fb6d0c2014fba25cb5b0003', '2015-09-11 10:04:43', '', '2015-09-11 10:04:43', '北京市海淀区玉渊潭南路普惠南里12号楼东侧(翠微路凯德MALL)  ', '', '39.918122', '116.315748', '谦亨SPA会所 [翠微店]', '1', '', 'faf08f184fb6d0c2014fba2033980002');
INSERT INTO branch_shop VALUES ('faf08f184fb6d0c2014fba8a1e9c0004', '2015-09-11 11:54:18', '', '2015-09-11 11:54:50', '北京市朝阳区朝阳门外大街乙6号朝外SOHOA座5楼05038-05039号', '', '39.92554', '116.461123', 'Kira Kira Nail日式美甲', '15', '010-58690290', 'faf08f184fb6d0c2014fba2033980002');
INSERT INTO branch_shop VALUES ('faf08f184fb6d0c2014fba8e92510007', '2015-09-11 11:59:09', '', '2015-09-11 11:59:09', '北京市朝阳区朝阳门外大街乙6号朝外SOHOA座5楼05038-05039号', '', '39.925564', '116.461132', 'Kira Kira Nail [朝外SOHO店]', '1', '010-58690290', 'faf08f184fb6d0c2014fba8d8d4b0006');
INSERT INTO branch_shop VALUES ('faf08f184fbb13d7014fbb21b5f4000a', '2015-09-11 14:39:52', '', '2015-09-11 14:39:52', '北京市海淀区中关村大街19号新中关购物中心L416B号(近丹棱街) ', '', '39.984233', '116.321723', '美丽田园 [新中关店]', '1', '010-82486466', 'faf08f184fbb13d7014fbb20d1ce0009');
INSERT INTO branch_shop VALUES ('faf08f184fbb2400014fbb34f3590004', '2015-09-11 15:00:53', '', '2015-09-11 15:00:53', '北京市朝阳区光华东里8号中海广场1号楼F1层F1-02单元', '', '39.916316', '116.463032', '東田造型 [中海广场店]', '1', '010-59772860 ', 'faf08f184fbb2400014fbb3317860001');
INSERT INTO branch_shop VALUES ('faf08f184fbb2400014fbb9db6ee000b', '2015-09-11 16:55:19', '', '2015-09-11 16:55:19', '北京市朝阳区新东路10号逸盛阁公寓B1-107商铺', '', '39.943727', '116.457466', '布瑞琳 [三里屯店]', '1', '010-65996011', 'faf08f184fbb2400014fbb9c41290006');
INSERT INTO branch_shop VALUES ('faf08f184fbb2400014fbbc89597000f', '2015-09-11 17:42:09', '', '2015-09-11 17:42:09', '北京市朝阳区新源南路西口12号楼(琨莎中心对面)  ', '', '39.954431', '116.456804', '美国UPPER奢侈品养护中心', '1', '010-64654838', 'faf08f184fbb2400014fbbc7a882000e');
INSERT INTO branch_shop VALUES ('faf08f184fcf1fdd014fd4ca19640056', '2015-09-16 14:14:18', '', '2015-09-16 14:14:32', '北京市朝阳区新源里西乙6号', '', '39.955275', '116.454571', '欧丽馨美容美发 [新源里店]', '1', ' 010-64604847', 'faf08f184fcf1fdd014fd4c92a840055');

-- ----------------------------
-- Table structure for `category`
-- ----------------------------
DROP TABLE IF EXISTS `category`;
CREATE TABLE `category` (
  `id` varchar(255) NOT NULL,
  `create_time` datetime DEFAULT NULL,
  `deleted` bit(1) NOT NULL,
  `update_time` datetime DEFAULT NULL,
  `name` varchar(255) DEFAULT NULL,
  `remark` varchar(255) DEFAULT NULL,
  `type` varchar(255) NOT NULL,
  `parent_id` varchar(255) DEFAULT NULL,
  PRIMARY KEY (`id`),
  UNIQUE KEY `UK_c2491gxyu6bsjw346i1fgojqf` (`type`),
  KEY `type_index` (`type`),
  KEY `FK_81thrbnb8c08gua7tvqj7xdqk` (`parent_id`),
  CONSTRAINT `FK_81thrbnb8c08gua7tvqj7xdqk` FOREIGN KEY (`parent_id`) REFERENCES `category` (`id`)
) ENGINE=InnoDB DEFAULT CHARSET=utf8;

-- ----------------------------
-- Records of category
-- ----------------------------
INSERT INTO category VALUES ('123', '2015-08-26 18:26:08', '', '2015-08-26 18:26:14', '商家标签分类', null, 'SHOP_TAG', null);
INSERT INTO category VALUES ('32423', '2015-07-24 09:49:21', '', '2015-07-24 09:49:26', '商品品牌', null, 'MERCHANDISE_BRAND', null);
INSERT INTO category VALUES ('345', '2015-07-24 09:47:42', '', '2015-07-24 09:47:48', '商品分类', null, 'MERCHANDISE_CLASSIFY', null);
INSERT INTO category VALUES ('435', '2015-07-24 12:12:18', '', '2015-07-24 12:12:13', '积分来源', null, 'INTEGRAL_ORIGIN', null);

-- ----------------------------
-- Table structure for `categoryitem`
-- ----------------------------
DROP TABLE IF EXISTS `categoryitem`;
CREATE TABLE `categoryitem` (
  `id` varchar(255) NOT NULL,
  `create_time` datetime DEFAULT NULL,
  `deleted` bit(1) NOT NULL,
  `update_time` datetime DEFAULT NULL,
  `attr` varchar(255) DEFAULT NULL,
  `attr2` varchar(255) DEFAULT NULL,
  `name` varchar(255) DEFAULT NULL,
  `priority` int(11) DEFAULT NULL,
  `remark` varchar(255) DEFAULT NULL,
  `category_id` varchar(255) NOT NULL,
  PRIMARY KEY (`id`),
  KEY `FK_qqu62lf8x3ss3a4apwan8v5vo` (`category_id`),
  CONSTRAINT `FK_qqu62lf8x3ss3a4apwan8v5vo` FOREIGN KEY (`category_id`) REFERENCES `category` (`id`)
) ENGINE=InnoDB DEFAULT CHARSET=utf8;

-- ----------------------------
-- Records of categoryitem
-- ----------------------------
INSERT INTO categoryitem VALUES ('34534', '2015-07-24 09:51:55', '', '2015-07-24 09:51:59', null, null, '配饰', null, null, '345');
INSERT INTO categoryitem VALUES ('435345', '2015-07-24 09:51:55', '', '2015-07-24 09:51:59', null, null, '服装', null, null, '345');
INSERT INTO categoryitem VALUES ('43543', '2015-07-24 09:50:51', '', '2015-07-24 09:50:53', null, null, 'BURBERRY', null, null, '32423');
INSERT INTO categoryitem VALUES ('456546', '2015-07-24 12:13:26', '', '2015-07-24 12:13:28', null, null, '兑换商品', null, null, '435');
INSERT INTO categoryitem VALUES ('5435', '2015-07-24 12:14:02', '', '2015-07-24 12:14:06', null, null, '兑换商品取消', null, null, '435');
INSERT INTO categoryitem VALUES ('54645', '2015-07-24 09:49:41', '', '2015-07-24 09:49:45', null, null, 'JEFEN', null, null, '32423');
INSERT INTO categoryitem VALUES ('67546', '2015-07-24 09:51:03', '', '2015-07-24 09:51:06', null, null, '代金券', null, null, '345');
INSERT INTO categoryitem VALUES ('676545435', '2015-09-07 11:21:59', '', '2015-09-07 11:22:02', null, null, 'xxx', null, null, '32423');
INSERT INTO categoryitem VALUES ('faf08f184fa58458014fa5bee5bf0006', '2015-09-07 10:59:55', '', '2015-09-07 10:59:55', null, null, '美容/SPA', null, null, '123');
INSERT INTO categoryitem VALUES ('faf08f184fa58458014fa5bee60f0007', '2015-09-07 10:59:55', '', '2015-09-07 10:59:55', null, null, '美发', null, null, '123');
INSERT INTO categoryitem VALUES ('faf08f184fa58458014fa5bee6670008', '2015-09-07 10:59:55', '', '2015-09-07 10:59:55', null, null, '造型', null, null, '123');
INSERT INTO categoryitem VALUES ('faf08f184fa58458014fa5bee6830009', '2015-09-07 10:59:55', '', '2015-09-07 10:59:55', null, null, '美甲', null, null, '123');
INSERT INTO categoryitem VALUES ('faf08f184fa58458014fa5bf9ced000b', '2015-09-07 11:00:42', '', '2015-09-07 11:00:42', null, null, '瑜伽/健身', null, null, '123');
INSERT INTO categoryitem VALUES ('faf08f184fa58458014fa5c22d8a000f', '2015-09-07 11:03:30', '', '2015-09-07 11:03:30', null, null, '干洗', null, null, '123');
INSERT INTO categoryitem VALUES ('faf08f184fa58458014fa5c22db00010', '2015-09-07 11:03:30', '', '2015-09-07 11:03:30', null, null, '改衣', null, null, '123');
INSERT INTO categoryitem VALUES ('faf08f184fa58458014fa5c22dc90011', '2015-09-07 11:03:30', '', '2015-09-07 11:03:30', null, null, '奢侈品保养', null, null, '123');
INSERT INTO categoryitem VALUES ('faf08f184fa58458014fa5c2f4650015', '2015-09-07 11:04:21', '', '2015-09-07 11:04:21', null, null, '健康体检（口腔牙医）', null, null, '123');
INSERT INTO categoryitem VALUES ('faf08f184fa58458014fa5c9541f0019', '2015-09-07 11:11:19', '', '2015-09-07 11:11:19', null, null, '红酒鉴赏', null, null, '123');
INSERT INTO categoryitem VALUES ('faf08f184faafe6b014fb04123b2014c', '2015-09-09 11:58:23', '', '2015-09-09 11:58:23', null, null, '佳美', null, null, '123');
INSERT INTO categoryitem VALUES ('faf08f184faafe6b014fb04123d5014d', '2015-09-09 11:58:23', '', '2015-09-09 11:58:23', null, null, '口腔', null, null, '123');
INSERT INTO categoryitem VALUES ('faf08f184faafe6b014fb04123ed014e', '2015-09-09 11:58:23', '', '2015-09-09 11:58:23', null, null, '门诊', null, null, '123');
INSERT INTO categoryitem VALUES ('faf08f184faafe6b014fb0412403014f', '2015-09-09 11:58:23', '', '2015-09-09 11:58:23', null, null, '牙科', null, null, '123');
INSERT INTO categoryitem VALUES ('faf08f184faafe6b014fb041241c0150', '2015-09-09 11:58:23', '', '2015-09-09 11:58:23', null, null, '洗牙', null, null, '123');
INSERT INTO categoryitem VALUES ('faf08f184faafe6b014fb04124340151', '2015-09-09 11:58:23', '', '2015-09-09 11:58:23', null, null, '整牙', null, null, '123');
INSERT INTO categoryitem VALUES ('faf08f184faafe6b014fb04be1c30169', '2015-09-09 12:10:07', '', '2015-09-09 12:10:07', null, null, '牙齿', null, null, '123');
INSERT INTO categoryitem VALUES ('faf08f184fb13015014fb143cc140016', '2015-09-09 16:40:54', '', '2015-09-09 16:40:54', null, null, '光之树', null, null, '123');
INSERT INTO categoryitem VALUES ('faf08f184fb13015014fb143cc190017', '2015-09-09 16:40:54', '', '2015-09-09 16:40:54', null, null, '瑜伽', null, null, '123');
INSERT INTO categoryitem VALUES ('faf08f184fb13015014fb143cc1c0018', '2015-09-09 16:40:54', '', '2015-09-09 16:40:54', null, null, '健身', null, null, '123');
INSERT INTO categoryitem VALUES ('faf08f184fb5e098014fb64b2bef000c', '2015-09-10 16:07:03', '', '2015-09-10 16:07:03', null, null, '高端定制', null, null, '123');
INSERT INTO categoryitem VALUES ('faf08f184fb5e098014fb64b2bf6000d', '2015-09-10 16:07:03', '', '2015-09-10 16:07:03', null, null, '女装', null, null, '123');
INSERT INTO categoryitem VALUES ('faf08f184fb5e098014fb64b2bf9000e', '2015-09-10 16:07:03', '', '2015-09-10 16:07:03', null, null, 'jefen', null, null, '123');
INSERT INTO categoryitem VALUES ('faf08f184fb5e098014fb64b2bfc000f', '2015-09-10 16:07:03', '', '2015-09-10 16:07:03', null, null, '吉芬', null, null, '123');

-- ----------------------------
-- Table structure for `config`
-- ----------------------------
DROP TABLE IF EXISTS `config`;
CREATE TABLE `config` (
  `id` varchar(255) NOT NULL,
  `create_time` datetime DEFAULT NULL,
  `deleted` bit(1) NOT NULL,
  `update_time` datetime DEFAULT NULL,
  `value` varchar(255) DEFAULT NULL,
  PRIMARY KEY (`id`)
) ENGINE=InnoDB DEFAULT CHARSET=utf8;

-- ----------------------------
-- Records of config
-- ----------------------------
INSERT INTO config VALUES ('backup_live_address', '2015-11-03 16:24:08', '', '2015-11-03 16:24:08', 'http://vod.butel.com/60263485e1cc4620b89f92cb9fa6f17a.mp4');
INSERT INTO config VALUES ('live_address', '2015-11-03 16:24:08', '', '2015-11-03 16:24:08', 'http://vod.butel.com/60263485e1cc4620b89f92cb9fa6f17a.mp4');

-- ----------------------------
-- Table structure for `coupons`
-- ----------------------------
DROP TABLE IF EXISTS `coupons`;
CREATE TABLE `coupons` (
  `id` varchar(255) NOT NULL,
  `create_time` datetime DEFAULT NULL,
  `deleted` bit(1) NOT NULL,
  `update_time` datetime DEFAULT NULL,
  `account` varchar(255) DEFAULT NULL,
  `type` int(11) DEFAULT NULL,
  PRIMARY KEY (`id`)
) ENGINE=InnoDB DEFAULT CHARSET=utf8;

-- ----------------------------
-- Records of coupons
-- ----------------------------
INSERT INTO coupons VALUES ('faf08f1850adbeef0150add295b50001', '2015-10-28 17:41:10', '', '2015-10-28 17:41:10', '18611725159', '1');
INSERT INTO coupons VALUES ('faf08f1850adbeef0150add414df0002', '2015-10-28 17:42:48', '', '2015-10-28 17:42:48', '18611725159', '0');
INSERT INTO coupons VALUES ('faf08f1850adbeef0150adda71910003', '2015-10-28 17:49:45', '', '2015-10-28 17:49:45', '156862710', '1');
INSERT INTO coupons VALUES ('faf08f1850adbeef0150addcb03c0004', '2015-10-28 17:52:12', '', '2015-10-28 17:52:12', '15693862710', '1');
INSERT INTO coupons VALUES ('faf08f1850adbeef0150adef11550005', '2015-10-28 18:12:17', '', '2015-10-28 18:12:17', '15693862710', '0');
INSERT INTO coupons VALUES ('faf08f1850adbeef0150adf278e50006', '2015-10-28 18:16:00', '', '2015-10-28 18:16:00', '13683561953', '0');
INSERT INTO coupons VALUES ('faf08f1850adbeef0150ae0d57f30007', '2015-10-28 18:45:21', '', '2015-10-28 18:45:21', '13980497527', '1');
INSERT INTO coupons VALUES ('faf08f1850adbeef0150ae171db40009', '2015-10-28 18:56:01', '', '2015-10-28 18:56:01', '', '1');
INSERT INTO coupons VALUES ('faf08f1850adbeef0150ae1b544a000b', '2015-10-28 19:00:38', '', '2015-10-28 19:00:38', '13513518050', '1');
INSERT INTO coupons VALUES ('faf08f1850adbeef0150ae206cdb0010', '2015-10-28 19:06:12', '', '2015-10-28 19:06:12', '3941285826', '0');
INSERT INTO coupons VALUES ('faf08f1850adbeef0150ae440d720015', '2015-10-28 19:45:06', '', '2015-10-28 19:45:06', '15198885740', '1');
INSERT INTO coupons VALUES ('faf08f1850adbeef0150ae45d34f0017', '2015-10-28 19:47:03', '', '2015-10-28 19:47:03', '18980763577', '0');
INSERT INTO coupons VALUES ('faf08f1850adbeef0150ae4b12ba0018', '2015-10-28 19:52:47', '', '2015-10-28 19:52:47', '18088268512', '1');
INSERT INTO coupons VALUES ('faf08f1850adbeef0150ae573bb8001c', '2015-10-28 20:06:03', '', '2015-10-28 20:06:03', '18913548129', '0');
INSERT INTO coupons VALUES ('faf08f1850adbeef0150ae5a55a3001d', '2015-10-28 20:09:27', '', '2015-10-28 20:09:27', '13530576058', '1');
INSERT INTO coupons VALUES ('faf08f1850adbeef0150ae9306dc0021', '2015-10-28 21:11:22', '', '2015-10-28 21:11:22', '13552297547', '1');
INSERT INTO coupons VALUES ('faf08f1850adbeef0150b147a6250032', '2015-10-29 09:47:54', '', '2015-10-29 09:47:54', '13287062563', '1');
INSERT INTO coupons VALUES ('faf08f1850adbeef0150b1a5d57c0039', '2015-10-29 11:30:46', '', '2015-10-29 11:30:46', '15223155663', '0');
INSERT INTO coupons VALUES ('faf08f1850adbeef0150b20ccaa4003c', '2015-10-29 13:23:14', '', '2015-10-29 13:23:14', '1389891567', '0');
INSERT INTO coupons VALUES ('faf08f1850adbeef0150b20ce2aa003d', '2015-10-29 13:23:20', '', '2015-10-29 13:23:20', '15832180583', '1');
INSERT INTO coupons VALUES ('faf08f1850adbeef0150b245bbc20040', '2015-10-29 14:25:25', '', '2015-10-29 14:25:25', '18652572368', '0');
INSERT INTO coupons VALUES ('faf08f1850adbeef0150b255633d0041', '2015-10-29 14:42:31', '', '2015-10-29 14:42:31', '18559225530', '0');
INSERT INTO coupons VALUES ('faf08f1850adbeef0150b256ba7a0042', '2015-10-29 14:43:59', '', '2015-10-29 14:43:59', '', '0');
INSERT INTO coupons VALUES ('faf08f1850adbeef0150b26be5c40046', '2015-10-29 15:07:07', '', '2015-10-29 15:07:07', '18701110539', '0');
INSERT INTO coupons VALUES ('faf08f1850adbeef0150b286b0e3004c', '2015-10-29 15:36:23', '', '2015-10-29 15:36:23', '18368190755', '0');
INSERT INTO coupons VALUES ('faf08f1850adbeef0150b28f25d7004d', '2015-10-29 15:45:37', '', '2015-10-29 15:45:37', '13962175032', '0');
INSERT INTO coupons VALUES ('faf08f1850adbeef0150b2a31849004f', '2015-10-29 16:07:24', '', '2015-10-29 16:07:24', '13730843205', '0');
INSERT INTO coupons VALUES ('faf08f1850adbeef0150b2a354e10050', '2015-10-29 16:07:40', '', '2015-10-29 16:07:40', '13730843205', '1');
INSERT INTO coupons VALUES ('faf08f1850adbeef0150b2a9ca810053', '2015-10-29 16:14:43', '', '2015-10-29 16:14:43', '13551270626', '0');
INSERT INTO coupons VALUES ('faf08f1850adbeef0150b2aa2db10054', '2015-10-29 16:15:08', '', '2015-10-29 16:15:08', '13551270626', '1');
INSERT INTO coupons VALUES ('faf08f1850adbeef0150b2bacd840059', '2015-10-29 16:33:18', '', '2015-10-29 16:33:18', '15195581118', '0');
INSERT INTO coupons VALUES ('faf08f1850adbeef0150b2cc85f7005b', '2015-10-29 16:52:39', '', '2015-10-29 16:52:39', '18660086155', '1');
INSERT INTO coupons VALUES ('faf08f1850adbeef0150b2ccf219005c', '2015-10-29 16:53:07', '', '2015-10-29 16:53:07', '18660086155', '0');
INSERT INTO coupons VALUES ('faf08f1850adbeef0150b3013700005f', '2015-10-29 17:50:12', '', '2015-10-29 17:50:12', '15882242694', '0');
INSERT INTO coupons VALUES ('faf08f1850adbeef0150b30167360060', '2015-10-29 17:50:25', '', '2015-10-29 17:50:25', '15882242694', '1');
INSERT INTO coupons VALUES ('faf08f1850adbeef0150b30936bc0061', '2015-10-29 17:58:56', '', '2015-10-29 17:58:56', '13941285826', '1');
INSERT INTO coupons VALUES ('faf08f1850b30a780150b32cee070003', '2015-10-29 18:37:57', '', '2015-10-29 18:37:57', '18909911629', '1');
INSERT INTO coupons VALUES ('faf08f1850b332c70150b3bf2bb00004', '2015-10-29 21:17:41', '', '2015-10-29 21:17:41', '18669777153', '1');
INSERT INTO coupons VALUES ('faf08f1850b332c70150b41d5cce0006', '2015-10-29 23:00:34', '', '2015-10-29 23:00:34', '13911733381', '0');
INSERT INTO coupons VALUES ('faf08f1850b332c70150b664697a000a', '2015-10-30 09:37:25', '', '2015-10-30 09:37:25', '13391678226', '0');
INSERT INTO coupons VALUES ('faf08f1850b332c70150b6afa249000b', '2015-10-30 10:59:35', '', '2015-10-30 10:59:35', '15223155663', '1');
INSERT INTO coupons VALUES ('faf08f1850b6bb620150b6c32adf0005', '2015-10-30 11:20:55', '', '2015-10-30 11:20:55', '13980738779', '0');
INSERT INTO coupons VALUES ('faf08f1850b6daf80150b72e6ca60002', '2015-10-30 13:18:04', '', '2015-10-30 13:18:04', '13581718770', '0');
INSERT INTO coupons VALUES ('faf08f1850b6daf80150b747f6760005', '2015-10-30 13:45:58', '', '2015-10-30 13:45:58', '13805270922', '0');
INSERT INTO coupons VALUES ('faf08f1850b6daf80150b76bae000009', '2015-10-30 14:24:58', '', '2015-10-30 14:24:58', '15910345838', '0');
INSERT INTO coupons VALUES ('faf08f1850b6daf80150b788a33d000a', '2015-10-30 14:56:36', '', '2015-10-30 14:56:36', '18980005390', '1');
INSERT INTO coupons VALUES ('faf08f1850b6daf80150b78934d3000b', '2015-10-30 14:57:13', '', '2015-10-30 14:57:13', '13608031218', '1');
INSERT INTO coupons VALUES ('faf08f1850b6daf80150b7c86a150016', '2015-10-30 16:06:16', '', '2015-10-30 16:06:16', '18012306276', '1');
INSERT INTO coupons VALUES ('faf08f1850b6daf80150b818c01a0019', '2015-10-30 17:34:01', '', '2015-10-30 17:34:01', '13563255069', '1');
INSERT INTO coupons VALUES ('faf08f1850b6daf80150b81d55d4001a', '2015-10-30 17:39:01', '', '2015-10-30 17:39:01', '13621180206', '1');
INSERT INTO coupons VALUES ('faf08f1850b6daf80150b81f4473001b', '2015-10-30 17:41:08', '', '2015-10-30 17:41:08', '13621180206', '0');
INSERT INTO coupons VALUES ('faf08f1850b6daf80150b83e5e3b001d', '2015-10-30 18:15:06', '', '2015-10-30 18:15:06', '13709906629', '1');
INSERT INTO coupons VALUES ('faf08f1850b6daf80150b841c2c0001f', '2015-10-30 18:18:48', '', '2015-10-30 18:18:48', '13410600415', '1');
INSERT INTO coupons VALUES ('faf08f1850b6daf80150b84bef8d0020', '2015-10-30 18:29:55', '', '2015-10-30 18:29:55', '13809007296', '0');
INSERT INTO coupons VALUES ('faf08f1850b6daf80150b84d01800021', '2015-10-30 18:31:05', '', '2015-10-30 18:31:05', '13809007296', '1');
INSERT INTO coupons VALUES ('faf08f1850b852520150b88af2f90001', '2015-10-30 19:38:45', '', '2015-10-30 19:38:45', '13817937040', '1');
INSERT INTO coupons VALUES ('faf08f1850b852520150b88b81a00002', '2015-10-30 19:39:21', '', '2015-10-30 19:39:21', '13817937040', '0');
INSERT INTO coupons VALUES ('faf08f1850b852520150b8bfde3a0004', '2015-10-30 20:36:33', '', '2015-10-30 20:36:33', '13611686959', '1');
INSERT INTO coupons VALUES ('faf08f1850b852520150b907ebfd0007', '2015-10-30 21:55:15', '', '2015-10-30 21:55:15', '15894998888', '1');
INSERT INTO coupons VALUES ('faf08f1850b852520150bc16d3f30011', '2015-10-31 12:10:24', '', '2015-10-31 12:10:24', '18611533816', '1');
INSERT INTO coupons VALUES ('faf08f1850b852520150bc18ebc00012', '2015-10-31 12:12:41', '', '2015-10-31 12:12:41', '13651841800', '1');
INSERT INTO coupons VALUES ('faf08f1850b852520150bc5a838f0014', '2015-10-31 13:24:19', '', '2015-10-31 13:24:19', '13841701116', '0');
INSERT INTO coupons VALUES ('faf08f1850b852520150bc5ae1fb0015', '2015-10-31 13:24:44', '', '2015-10-31 13:24:44', '13841701116', '1');
INSERT INTO coupons VALUES ('faf08f1850b852520150bc6ab1510016', '2015-10-31 13:42:00', '', '2015-10-31 13:42:00', '18131112309', '1');
INSERT INTO coupons VALUES ('faf08f1850b852520150bc6e75f80018', '2015-10-31 13:46:07', '', '2015-10-31 13:46:07', '13764567225', '1');
INSERT INTO coupons VALUES ('faf08f1850b852520150bc8b13f3001b', '2015-10-31 14:17:22', '', '2015-10-31 14:17:22', '13903436712', '1');
INSERT INTO coupons VALUES ('faf08f1850b852520150bc9f5af1001d', '2015-10-31 14:39:31', '', '2015-10-31 14:39:31', '15846339280', '0');
INSERT INTO coupons VALUES ('faf08f1850b852520150bcbd26b0001f', '2015-10-31 15:12:04', '', '2015-10-31 15:12:04', '13840171116', '1');
INSERT INTO coupons VALUES ('faf08f1850b852520150bcd18b5f0020', '2015-10-31 15:34:20', '', '2015-10-31 15:34:20', '13823399549', '1');
INSERT INTO coupons VALUES ('faf08f1850b852520150bd015d8f0021', '2015-10-31 16:26:34', '', '2015-10-31 16:26:34', '18600449369', '1');
INSERT INTO coupons VALUES ('faf08f1850b852520150bd022c3c0022', '2015-10-31 16:27:27', '', '2015-10-31 16:27:27', '13895077736', '1');
INSERT INTO coupons VALUES ('faf08f1850b852520150bd212b2e0023', '2015-10-31 17:01:19', '', '2015-10-31 17:01:19', '13840157048', '1');
INSERT INTO coupons VALUES ('faf08f1850b852520150bd392a6e0025', '2015-10-31 17:27:31', '', '2015-10-31 17:27:31', '13811699086', '1');
INSERT INTO coupons VALUES ('faf08f1850b852520150bd57fa5a0027', '2015-10-31 18:01:11', '', '2015-10-31 18:01:11', '13671711556', '1');
INSERT INTO coupons VALUES ('faf08f1850b852520150bdb423b4002f', '2015-10-31 19:41:50', '', '2015-10-31 19:41:50', '13509758789', '1');
INSERT INTO coupons VALUES ('faf08f1850b852520150bdba569e0030', '2015-10-31 19:48:37', '', '2015-10-31 19:48:37', '13941248117', '1');
INSERT INTO coupons VALUES ('faf08f1850b852520150be01460d0031', '2015-10-31 21:06:05', '', '2015-10-31 21:06:05', '13074853258', '1');
INSERT INTO coupons VALUES ('faf08f1850b852520150be203b160033', '2015-10-31 21:39:54', '', '2015-10-31 21:39:54', '18611833677', '1');
INSERT INTO coupons VALUES ('faf08f1850b852520150c10a2289003b', '2015-11-01 11:14:38', '', '2015-11-01 11:14:38', '18630137083', '1');
INSERT INTO coupons VALUES ('faf08f1850b852520150c12c48ab003d', '2015-11-01 11:51:56', '', '2015-11-01 11:51:56', '13648409377', '1');
INSERT INTO coupons VALUES ('faf08f1850b852520150c164301f003f', '2015-11-01 12:53:00', '', '2015-11-01 12:53:00', '13901297501', '1');
INSERT INTO coupons VALUES ('faf08f1850b852520150c166322c0040', '2015-11-01 12:55:11', '', '2015-11-01 12:55:11', '13601022430', '1');
INSERT INTO coupons VALUES ('faf08f1850b852520150c19a68b10042', '2015-11-01 13:52:13', '', '2015-11-01 13:52:13', '13951618799', '0');
INSERT INTO coupons VALUES ('faf08f1850b852520150c19b45d70043', '2015-11-01 13:53:10', '', '2015-11-01 13:53:10', '13913013290', '0');
INSERT INTO coupons VALUES ('faf08f1850b852520150c19b7ffc0044', '2015-11-01 13:53:24', '', '2015-11-01 13:53:24', '13466851720', '1');
INSERT INTO coupons VALUES ('faf08f1850b852520150c19be3c40045', '2015-11-01 13:53:50', '', '2015-11-01 13:53:50', '18136486817', '0');
INSERT INTO coupons VALUES ('faf08f1850b852520150c1c060030048', '2015-11-01 14:33:41', '', '2015-11-01 14:33:41', '18643525690', '1');
INSERT INTO coupons VALUES ('faf08f1850b852520150c1d20138004a', '2015-11-01 14:52:57', '', '2015-11-01 14:52:57', '15025496269', '1');
INSERT INTO coupons VALUES ('faf08f1850b852520150c1d86b62004b', '2015-11-01 14:59:57', '', '2015-11-01 14:59:57', '18810838966', '1');
INSERT INTO coupons VALUES ('faf08f1850b852520150c20d4c38004e', '2015-11-01 15:57:42', '', '2015-11-01 15:57:42', '13832155566', '1');
INSERT INTO coupons VALUES ('faf08f1850b852520150c20fb9d0004f', '2015-11-01 16:00:21', '', '2015-11-01 16:00:21', '13718035279', '1');
INSERT INTO coupons VALUES ('faf08f1850b852520150c21883870052', '2015-11-01 16:09:57', '', '2015-11-01 16:09:57', '13834590718', '1');
INSERT INTO coupons VALUES ('faf08f1850b852520150c21f2d410053', '2015-11-01 16:17:14', '', '2015-11-01 16:17:14', '13910447024', '1');
INSERT INTO coupons VALUES ('faf08f1850b852520150c2259a7b0054', '2015-11-01 16:24:15', '', '2015-11-01 16:24:15', '13653383038', '1');
INSERT INTO coupons VALUES ('faf08f1850b852520150c24889dc0055', '2015-11-01 17:02:25', '', '2015-11-01 17:02:25', '15823941946', '1');
INSERT INTO coupons VALUES ('faf08f1850b852520150c25eb6460061', '2015-11-01 17:26:38', '', '2015-11-01 17:26:38', '18221272978', '1');
INSERT INTO coupons VALUES ('faf08f1850b852520150c273d5020069', '2015-11-01 17:49:42', '', '2015-11-01 17:49:42', '15801279197', '0');
INSERT INTO coupons VALUES ('faf08f1850b852520150c2879edb006c', '2015-11-01 18:11:19', '', '2015-11-01 18:11:19', '13831189256', '1');
INSERT INTO coupons VALUES ('faf08f1850b852520150c28806eb006d', '2015-11-01 18:11:46', '', '2015-11-01 18:11:46', '15130191560', '1');
INSERT INTO coupons VALUES ('faf08f1850b852520150c2953787006e', '2015-11-01 18:26:10', '', '2015-11-01 18:26:10', '15959101333', '1');
INSERT INTO coupons VALUES ('faf08f1850b852520150c2a39c07006f', '2015-11-01 18:41:53', '', '2015-11-01 18:41:53', '15215032279', '1');
INSERT INTO coupons VALUES ('faf08f1850b852520150c2a7b7e30070', '2015-11-01 18:46:22', '', '2015-11-01 18:46:22', '13609621979', '1');
INSERT INTO coupons VALUES ('faf08f1850b852520150c2add7770071', '2015-11-01 18:53:04', '', '2015-11-01 18:53:04', '13728903159', '1');
INSERT INTO coupons VALUES ('faf08f1850b852520150c2b58c630072', '2015-11-01 19:01:29', '', '2015-11-01 19:01:29', '15922999614', '1');
INSERT INTO coupons VALUES ('faf08f1850b852520150c2cac63b0074', '2015-11-01 19:24:40', '', '2015-11-01 19:24:40', '15810216076', '1');
INSERT INTO coupons VALUES ('faf08f1850b852520150c2dab52a0076', '2015-11-01 19:42:04', '', '2015-11-01 19:42:04', '15104440447', '1');
INSERT INTO coupons VALUES ('faf08f1850b852520150c2f040520077', '2015-11-01 20:05:36', '', '2015-11-01 20:05:36', '15235456188', '1');
INSERT INTO coupons VALUES ('faf08f1850b852520150c2f0958c0078', '2015-11-01 20:05:58', '', '2015-11-01 20:05:58', '13834136336', '1');
INSERT INTO coupons VALUES ('faf08f1850b852520150c659e9a00088', '2015-11-02 11:59:52', '', '2015-11-02 11:59:52', '13910853738', '1');
INSERT INTO coupons VALUES ('faf08f1850b852520150c6787a780089', '2015-11-02 12:33:15', '', '2015-11-02 12:33:15', '18504725777', '1');
INSERT INTO coupons VALUES ('faf08f1850b852520150c67d2ffa008a', '2015-11-02 12:38:24', '', '2015-11-02 12:38:24', '13705087496', '1');
INSERT INTO coupons VALUES ('faf08f1850b852520150c691c9af008c', '2015-11-02 13:00:54', '', '2015-11-02 13:00:54', '13579446677', '1');
INSERT INTO coupons VALUES ('faf08f1850b852520150c6f1c5a70092', '2015-11-02 14:45:44', '', '2015-11-02 14:45:44', '15962508099', '1');
INSERT INTO coupons VALUES ('faf08f1850b852520150c73f57da0099', '2015-11-02 16:10:28', '', '2015-11-02 16:10:28', '15099576628', '1');
INSERT INTO coupons VALUES ('faf08f1850b852520150c7fee7a200b0', '2015-11-02 19:39:42', '', '2015-11-02 19:39:42', '13669752563', '1');
INSERT INTO coupons VALUES ('faf08f1850b852520150c80c060100b5', '2015-11-02 19:54:02', '', '2015-11-02 19:54:02', '13529120981', '1');
INSERT INTO coupons VALUES ('faf08f1850b852520150c811f88d00b6', '2015-11-02 20:00:32', '', '2015-11-02 20:00:32', '13618060107', '1');
INSERT INTO coupons VALUES ('faf08f1850b852520150c815792a00b7', '2015-11-02 20:04:21', '', '2015-11-02 20:04:21', '13709515697', '1');
INSERT INTO coupons VALUES ('faf08f1850b852520150c871e65700e2', '2015-11-02 21:45:19', '', '2015-11-02 21:45:19', '13513510885', '1');
INSERT INTO coupons VALUES ('faf08f1850b852520150cb88b44a00ef', '2015-11-03 12:09:05', '', '2015-11-03 12:09:05', '18031157256', '1');
INSERT INTO coupons VALUES ('faf08f1850b852520150cbcfa06500f2', '2015-11-03 13:26:33', '', '2015-11-03 13:26:33', '13987114003', '1');
INSERT INTO coupons VALUES ('faf08f1850b852520150cbee871400f5', '2015-11-03 14:00:18', '', '2015-11-03 14:00:18', '15859101545', '1');
INSERT INTO coupons VALUES ('faf08f1850b852520150cc1eb8f900f9', '2015-11-03 14:52:56', '', '2015-11-03 14:52:56', '18241222669', '1');
INSERT INTO coupons VALUES ('faf08f1850b852520150cca3527900fe', '2015-11-03 17:17:47', '', '2015-11-03 17:17:47', '13604910662', '1');
INSERT INTO coupons VALUES ('faf08f1850cccd7f0150ccee4e620001', '2015-11-03 18:39:41', '', '2015-11-03 18:39:41', '15981693112', '1');
INSERT INTO coupons VALUES ('faf08f1850cccd7f0150cd04f9b20003', '2015-11-03 19:04:26', '', '2015-11-03 19:04:26', '13037006232', '1');
INSERT INTO coupons VALUES ('faf08f1850cccd7f0150cd5fcbed0005', '2015-11-03 20:43:38', '', '2015-11-03 20:43:38', '13950179906', '1');
INSERT INTO coupons VALUES ('faf08f1850cccd7f0150d1f3dd82000e', '2015-11-04 18:03:51', '', '2015-11-04 18:03:51', '13682936449', '1');
INSERT INTO coupons VALUES ('faf08f1850cccd7f0150d2127054000f', '2015-11-04 18:37:15', '', '2015-11-04 18:37:15', '13914400028', '0');
INSERT INTO coupons VALUES ('faf08f1850cccd7f0150d268ad710010', '2015-11-04 20:11:26', '', '2015-11-04 20:11:26', '13811303046', '1');
INSERT INTO coupons VALUES ('faf08f1850cccd7f0150d27015310011', '2015-11-04 20:19:32', '', '2015-11-04 20:19:32', '13508315528', '1');
INSERT INTO coupons VALUES ('faf08f1850cccd7f0150d65e9eba0017', '2015-11-05 14:38:56', '', '2015-11-05 14:38:56', '15951689307', '1');
INSERT INTO coupons VALUES ('faf08f1850cccd7f0150d6d5cb0f001b', '2015-11-05 16:49:06', '', '2015-11-05 16:49:06', '15923251539', '1');
INSERT INTO coupons VALUES ('faf08f1850cccd7f0150d6fb936e001c', '2015-11-05 17:30:22', '', '2015-11-05 17:30:22', '13901198999', '1');
INSERT INTO coupons VALUES ('faf08f1850cccd7f0150d6fbf06e001d', '2015-11-05 17:30:46', '', '2015-11-05 17:30:46', '13328811225', '1');
INSERT INTO coupons VALUES ('faf08f1850cccd7f0150d726b959001e', '2015-11-05 18:17:30', '', '2015-11-05 18:17:30', '15066240831', '1');
INSERT INTO coupons VALUES ('faf08f1850cccd7f0150d7bb4a36001f', '2015-11-05 20:59:47', '', '2015-11-05 20:59:47', '13609562699', '1');
INSERT INTO coupons VALUES ('faf08f1850cccd7f0150d7bf97870020', '2015-11-05 21:04:29', '', '2015-11-05 21:04:29', '18652106973', '1');
INSERT INTO coupons VALUES ('faf08f1850cccd7f0150db1cb33c0023', '2015-11-06 12:45:02', '', '2015-11-06 12:45:02', '13400595608', '1');
INSERT INTO coupons VALUES ('faf08f1850cccd7f0150db3946b50026', '2015-11-06 13:16:15', '', '2015-11-06 13:16:15', '18043189374', '1');
INSERT INTO coupons VALUES ('faf08f1850cccd7f0150db5d8cd00027', '2015-11-06 13:55:52', '', '2015-11-06 13:55:52', '13905185300', '1');
INSERT INTO coupons VALUES ('faf08f1850cccd7f0150dc2b75500029', '2015-11-06 17:40:47', '', '2015-11-06 17:40:47', '18511137376', '1');
INSERT INTO coupons VALUES ('faf08f1850cccd7f0150dc2d255e002a', '2015-11-06 17:42:37', '', '2015-11-06 17:42:37', '13940492258', '1');
INSERT INTO coupons VALUES ('faf08f1850cccd7f0150dc9d89a1002b', '2015-11-06 19:45:23', '', '2015-11-06 19:45:23', '13888971009', '1');
INSERT INTO coupons VALUES ('faf08f1850cccd7f0150dcf2a832002c', '2015-11-06 21:18:21', '', '2015-11-06 21:18:21', '18600449369', '0');
INSERT INTO coupons VALUES ('faf08f1850cccd7f0150e04c2da40030', '2015-11-07 12:55:00', '', '2015-11-07 12:55:00', '13998010905', '1');
INSERT INTO coupons VALUES ('faf08f1850cccd7f0150e0766f890031', '2015-11-07 13:41:09', '', '2015-11-07 13:41:09', '13348990429', '1');
INSERT INTO coupons VALUES ('faf08f1850cccd7f0150e0cdb6ff0035', '2015-11-07 15:16:29', '', '2015-11-07 15:16:29', '15168228910', '1');
INSERT INTO coupons VALUES ('faf08f1850cccd7f0150e0d1e4df0036', '2015-11-07 15:21:03', '', '2015-11-07 15:21:03', '13605704535', '1');
INSERT INTO coupons VALUES ('faf08f1850cccd7f0150e15a1cf5003d', '2015-11-07 17:49:50', '', '2015-11-07 17:49:50', '13369682589', '1');
INSERT INTO coupons VALUES ('faf08f1850cccd7f0150e1630840003e', '2015-11-07 17:59:35', '', '2015-11-07 17:59:35', '18642717712', '1');
INSERT INTO coupons VALUES ('faf08f1850cccd7f0150e1637ed2003f', '2015-11-07 18:00:05', '', '2015-11-07 18:00:05', '18640115708', '1');
INSERT INTO coupons VALUES ('faf08f1850cccd7f0150e17b47dc0040', '2015-11-07 18:26:04', '', '2015-11-07 18:26:04', '13909920899', '1');
INSERT INTO coupons VALUES ('faf08f1850cccd7f0150e1c948e40042', '2015-11-07 19:51:16', '', '2015-11-07 19:51:16', '18241296446', '1');
INSERT INTO coupons VALUES ('faf08f1850cccd7f0150e1d896430044', '2015-11-07 20:07:59', '', '2015-11-07 20:07:59', '1391099255', '0');
INSERT INTO coupons VALUES ('faf08f1850cccd7f0150e1d8d3180045', '2015-11-07 20:08:14', '', '2015-11-07 20:08:14', '13316883903', '1');
INSERT INTO coupons VALUES ('faf08f1850cccd7f0150e1e8205a0046', '2015-11-07 20:24:57', '', '2015-11-07 20:24:57', '13599436621', '1');
INSERT INTO coupons VALUES ('faf08f1850cccd7f0150e20eb93a0047', '2015-11-07 21:07:07', '', '2015-11-07 21:07:07', '18150311290', '1');
INSERT INTO coupons VALUES ('faf08f1850cccd7f0150e5027e9a0048', '2015-11-08 10:52:37', '', '2015-11-08 10:52:37', '13456803250', '1');
INSERT INTO coupons VALUES ('faf08f1850cccd7f0150e506da610049', '2015-11-08 10:57:23', '', '2015-11-08 10:57:23', '18960870757', '1');
INSERT INTO coupons VALUES ('faf08f1850cccd7f0150e524ff6b004a', '2015-11-08 11:30:18', '', '2015-11-08 11:30:18', '15082543613', '0');
INSERT INTO coupons VALUES ('faf08f1850cccd7f0150e5256783004b', '2015-11-08 11:30:45', '', '2015-11-08 11:30:45', '15082543613', '1');
INSERT INTO coupons VALUES ('faf08f1850cccd7f0150e533ef5c004c', '2015-11-08 11:46:37', '', '2015-11-08 11:46:37', '13529075743', '1');
INSERT INTO coupons VALUES ('faf08f1850cccd7f0150e574abdb004d', '2015-11-08 12:57:20', '', '2015-11-08 12:57:20', '13631690671', '1');
INSERT INTO coupons VALUES ('faf08f1850cccd7f0150e5a88d38004e', '2015-11-08 13:54:00', '', '2015-11-08 13:54:00', '13605271838', '0');
INSERT INTO coupons VALUES ('faf08f1850cccd7f0150e5c66996004f', '2015-11-08 14:26:37', '', '2015-11-08 14:26:37', '15810668989', '1');
INSERT INTO coupons VALUES ('faf08f1850cccd7f0150e5d081ff0050', '2015-11-08 14:37:38', '', '2015-11-08 14:37:38', '13281004197', '1');
INSERT INTO coupons VALUES ('faf08f1850cccd7f0150e5e0c1380051', '2015-11-08 14:55:23', '', '2015-11-08 14:55:23', '13980026651', '1');
INSERT INTO coupons VALUES ('faf08f1850cccd7f0150e5f5778d0054', '2015-11-08 15:18:00', '', '2015-11-08 15:18:00', '13394471778', '1');
INSERT INTO coupons VALUES ('faf08f1850cccd7f0150e5feafd00055', '2015-11-08 15:28:05', '', '2015-11-08 15:28:05', '15142214451', '1');
INSERT INTO coupons VALUES ('faf08f1850cccd7f0150e6023ea00056', '2015-11-08 15:31:58', '', '2015-11-08 15:31:58', '13911783886', '1');
INSERT INTO coupons VALUES ('faf08f1850cccd7f0150e603a62c0057', '2015-11-08 15:33:30', '', '2015-11-08 15:33:30', '13654314489', '1');
INSERT INTO coupons VALUES ('faf08f1850cccd7f0150e619356e0059', '2015-11-08 15:57:03', '', '2015-11-08 15:57:03', '13511743231', '0');
INSERT INTO coupons VALUES ('faf08f1850cccd7f0150e61a6dd4005a', '2015-11-08 15:58:23', '', '2015-11-08 15:58:23', '13092001288', '0');
INSERT INTO coupons VALUES ('faf08f1850cccd7f0150e62289a4005c', '2015-11-08 16:07:14', '', '2015-11-08 16:07:14', '13107708026', '1');
INSERT INTO coupons VALUES ('faf08f1850cccd7f0150e6240573005d', '2015-11-08 16:08:51', '', '2015-11-08 16:08:51', '13764133884', '1');
INSERT INTO coupons VALUES ('faf08f1850cccd7f0150e64014150060', '2015-11-08 16:39:30', '', '2015-11-08 16:39:30', '13823394075', '1');
INSERT INTO coupons VALUES ('faf08f1850cccd7f0150e64aeed10061', '2015-11-08 16:51:21', '', '2015-11-08 16:51:21', '18601329591', '0');
INSERT INTO coupons VALUES ('faf08f1850cccd7f0150e673a6200067', '2015-11-08 17:35:50', '', '2015-11-08 17:35:50', '13609839096', '1');
INSERT INTO coupons VALUES ('faf08f1850cccd7f0150e67fa5880069', '2015-11-08 17:48:56', '', '2015-11-08 17:48:56', '15998533007', '0');
INSERT INTO coupons VALUES ('faf08f1850cccd7f0150e6cdd244006b', '2015-11-08 19:14:19', '', '2015-11-08 19:14:19', '18602412711', '1');
INSERT INTO coupons VALUES ('faf08f1850cccd7f0150e707ddd0006c', '2015-11-08 20:17:43', '', '2015-11-08 20:17:43', '13588179102', '0');
INSERT INTO coupons VALUES ('faf08f1850cccd7f0150e715b0ea006d', '2015-11-08 20:32:49', '', '2015-11-08 20:32:49', '13941292686', '1');
INSERT INTO coupons VALUES ('faf08f1850cccd7f0150e7397c02006f', '2015-11-08 21:11:55', '', '2015-11-08 21:11:55', '18565713519', '0');
INSERT INTO coupons VALUES ('faf08f1850cccd7f0150eaa8e1800074', '2015-11-09 13:12:27', '', '2015-11-09 13:12:27', '13889758111', '1');
INSERT INTO coupons VALUES ('faf08f1850cccd7f0150eab759d90075', '2015-11-09 13:28:16', '', '2015-11-09 13:28:16', '18642238666', '1');
INSERT INTO coupons VALUES ('faf08f1850cccd7f0150eac24ab50076', '2015-11-09 13:40:13', '', '2015-11-09 13:40:13', '15810851941', '0');
INSERT INTO coupons VALUES ('faf08f1850cccd7f0150eb2368e40079', '2015-11-09 15:26:17', '', '2015-11-09 15:26:17', '13003981110', '1');
INSERT INTO coupons VALUES ('faf08f1850cccd7f0150eb4ded68007a', '2015-11-09 16:12:44', '', '2015-11-09 16:12:44', '18635059109', '1');
INSERT INTO coupons VALUES ('faf08f1850cccd7f0150eb4e7a70007b', '2015-11-09 16:13:20', '', '2015-11-09 16:13:20', '13834582598', '1');
INSERT INTO coupons VALUES ('faf08f1850cccd7f0150ebb6266c007e', '2015-11-09 18:06:34', '', '2015-11-09 18:06:34', '13639972009', '1');
INSERT INTO coupons VALUES ('faf08f1850cccd7f0150ebb6940c007f', '2015-11-09 18:07:02', '', '2015-11-09 18:07:02', '15295563110', '1');
INSERT INTO coupons VALUES ('faf08f1850cccd7f0150ebbe0f490080', '2015-11-09 18:15:12', '', '2015-11-09 18:15:12', '13904036866', '1');
INSERT INTO coupons VALUES ('faf08f1850cccd7f0150ebc3e7fb0081', '2015-11-09 18:21:36', '', '2015-11-09 18:21:36', '13366126063', '1');
INSERT INTO coupons VALUES ('faf08f1850cccd7f0150ec05c9d30083', '2015-11-09 19:33:33', '', '2015-11-09 19:33:33', '15928739548', '1');
INSERT INTO coupons VALUES ('faf08f1850cccd7f0150ec0ff1070084', '2015-11-09 19:44:39', '', '2015-11-09 19:44:39', '15235419000', '1');
INSERT INTO coupons VALUES ('faf08f1850cccd7f0150ec4143bd0085', '2015-11-09 20:38:31', '', '2015-11-09 20:38:31', '18150018890', '1');
INSERT INTO coupons VALUES ('faf08f1850cccd7f0150ec5e1ebc0087', '2015-11-09 21:10:02', '', '2015-11-09 21:10:02', '18078910628', '1');
INSERT INTO coupons VALUES ('faf08f1850cccd7f0150ef0e033e0089', '2015-11-10 09:41:24', '', '2015-11-10 09:41:24', '13591651723', '1');
INSERT INTO coupons VALUES ('faf08f1850cccd7f0150ef0fd9f7008a', '2015-11-10 09:43:24', '', '2015-11-10 09:43:24', '13614031311', '1');
INSERT INTO coupons VALUES ('faf08f1850cccd7f0150efcdd977008b', '2015-11-10 13:10:56', '', '2015-11-10 13:10:56', '13915421915', '1');
INSERT INTO coupons VALUES ('faf08f1850cccd7f0150f012a06c008d', '2015-11-10 14:26:04', '', '2015-11-10 14:26:04', '15373678519', '1');
INSERT INTO coupons VALUES ('faf08f1850cccd7f0150f014751c008e', '2015-11-10 14:28:03', '', '2015-11-10 14:28:03', '13399700299', '0');
INSERT INTO coupons VALUES ('faf08f1850cccd7f0150f050d6fb008f', '2015-11-10 15:34:01', '', '2015-11-10 15:34:01', '13902453367', '1');
INSERT INTO coupons VALUES ('faf08f1850cccd7f0150f0616d100090', '2015-11-10 15:52:08', '', '2015-11-10 15:52:08', '13703511484', '1');
INSERT INTO coupons VALUES ('faf08f1850cccd7f0150f08095100091', '2015-11-10 16:26:10', '', '2015-11-10 16:26:10', '13722655768', '0');
INSERT INTO coupons VALUES ('faf08f1850cccd7f0150f119a97b0093', '2015-11-10 19:13:22', '', '2015-11-10 19:13:22', '13603054688', '1');
INSERT INTO coupons VALUES ('faf08f1850cccd7f0150f128dc660094', '2015-11-10 19:29:58', '', '2015-11-10 19:29:58', '13715298735', '0');
INSERT INTO coupons VALUES ('faf08f1850cccd7f0150f135604e0097', '2015-11-10 19:43:38', '', '2015-11-10 19:43:38', '13999235546', '1');
INSERT INTO coupons VALUES ('faf08f1850cccd7f0150f13dd4820099', '2015-11-10 19:52:52', '', '2015-11-10 19:52:52', '13601772456', '1');
INSERT INTO coupons VALUES ('faf08f1850cccd7f0150f153a3f7009b', '2015-11-10 20:16:41', '', '2015-11-10 20:16:41', '13579808187', '1');
INSERT INTO coupons VALUES ('faf08f1850cccd7f0150f19f5aa4009c', '2015-11-10 21:39:23', '', '2015-11-10 21:39:23', '18631424808', '0');
INSERT INTO coupons VALUES ('faf08f1850cccd7f0150f45d58ff009d', '2015-11-11 10:26:09', '', '2015-11-11 10:26:09', '13518786089', '1');

-- ----------------------------
-- Table structure for `craftphotosattachment`
-- ----------------------------
DROP TABLE IF EXISTS `craftphotosattachment`;
CREATE TABLE `craftphotosattachment` (
  `craftid` varchar(255) NOT NULL,
  `attachmentid` varchar(255) NOT NULL,
  PRIMARY KEY (`craftid`,`attachmentid`),
  UNIQUE KEY `UK_tjx4v8dxfvsspg3gybb5csvxm` (`attachmentid`),
  CONSTRAINT `FK_345d2ov0rgg1drtffwn5ncp8s` FOREIGN KEY (`craftid`) REFERENCES `jefen`.`designercraft` (`id`),
  CONSTRAINT `FK_tjx4v8dxfvsspg3gybb5csvxm` FOREIGN KEY (`attachmentid`) REFERENCES `jefen`.`attachments` (`id`)
) ENGINE=InnoDB DEFAULT CHARSET=utf8;

-- ----------------------------
-- Records of craftphotosattachment
-- ----------------------------

-- ----------------------------
-- Table structure for `favour`
-- ----------------------------
DROP TABLE IF EXISTS `favour`;
CREATE TABLE `favour` (
  `id` varchar(255) NOT NULL,
  `create_time` datetime DEFAULT NULL,
  `deleted` bit(1) NOT NULL,
  `update_time` datetime DEFAULT NULL,
  `origin_id` varchar(255) DEFAULT NULL,
  `total_count` bigint(20) NOT NULL,
  PRIMARY KEY (`id`)
) ENGINE=InnoDB DEFAULT CHARSET=utf8;

-- ----------------------------
-- Records of favour
-- ----------------------------
INSERT INTO favour VALUES ('faf08f18508f683401508f6be0480001', '2015-10-22 20:00:23', '', '2015-10-26 19:12:05', 'faf08f184e438dab014e490a093100ef', '4');
INSERT INTO favour VALUES ('faf08f18508f683401508f6d39a50002', '2015-10-22 20:01:51', '', '2015-10-26 19:06:32', 'faf08f184e438dab014e49094d7c00eb', '4');
INSERT INTO favour VALUES ('faf08f18508f683401508fd2f90d0004', '2015-10-22 21:52:59', '', '2015-10-26 19:12:53', 'faf08f184e438dab014e490dbd7000f8', '2');
INSERT INTO favour VALUES ('faf08f18508f683401508fd4dea90005', '2015-10-22 21:55:03', '', '2015-10-26 19:15:25', 'faf08f184e438dab014e490b402c00f3', '4');
INSERT INTO favour VALUES ('faf08f18509329a301509349e3970001', '2015-10-23 14:01:44', '', '2015-10-23 14:01:44', '2', '1');
INSERT INTO favour VALUES ('faf08f18509329a30150934e093e0002', '2015-10-23 14:06:16', '', '2015-10-23 14:06:16', '3', '1');
INSERT INTO favour VALUES ('faf08f18509329a3015093504c1e0004', '2015-10-23 14:08:44', '', '2015-10-23 14:08:44', '5', '1');
INSERT INTO favour VALUES ('faf08f18509329a30150937c7f340006', '2015-10-23 14:57:01', '', '2015-10-26 19:12:26', 'faf08f184e438dab014e4906dcc000e3', '1');
INSERT INTO favour VALUES ('faf08f18509329a30150938bfe070007', '2015-10-23 15:13:56', '', '2015-10-26 18:53:15', 'faf08f184e438dab014e4907c98a00e7', '5');
INSERT INTO favour VALUES ('faf08f18509329a301509390a3340008', '2015-10-23 15:19:01', '', '2015-10-26 18:53:32', 'faf08f184e438dab014e4905dd7400df', '5');
INSERT INTO favour VALUES ('faf08f185093c280015093ea7bdc0003', '2015-10-23 16:57:09', '', '2015-10-26 19:15:40', 'faf08f184e438dab014e49041c3600da', '2');
INSERT INTO favour VALUES ('faf08f185093c2800150940bd56c0006', '2015-10-23 17:33:34', '', '2015-10-23 17:33:34', '8', '1');
INSERT INTO favour VALUES ('faf08f185093c2800150940c85660007', '2015-10-23 17:34:20', '', '2015-10-23 17:34:20', '4', '1');
INSERT INTO favour VALUES ('faf08f185093c28001509cd916100014', '2015-10-25 10:34:44', '', '2015-10-25 10:34:44', 'ff80808149f1f31e0149f1f326950001', '1');
INSERT INTO favour VALUES ('faf08f185093c28001509cd916120015', '2015-10-25 10:34:44', '', '2015-10-25 10:34:44', 'ff80808149f1f31e0149f1f326950001', '1');
INSERT INTO favour VALUES ('faf08f185093c28001509cd916130016', '2015-10-25 10:34:44', '', '2015-10-25 10:34:44', 'ff80808149f1f31e0149f1f326950001', '1');
INSERT INTO favour VALUES ('faf08f185093c28001509d46c1d10017', '2015-10-25 12:34:31', '', '2015-10-26 19:15:36', 'faf08f184e438dab014e49030c1e00d6', '4');
INSERT INTO favour VALUES ('faf08f1850a3947c0150a89d71ec0000', '2015-10-27 17:25:02', '', '2015-10-27 21:43:46', 'faf08f18501bcbac0150a8894f470148', '1');
INSERT INTO favour VALUES ('faf08f1850a3947c0150a89dcc3e0001', '2015-10-27 17:25:25', '', '2015-10-27 20:17:11', 'faf08f18501bcbac0150a888f7a60144', '1');
INSERT INTO favour VALUES ('faf08f1850a3947c0150a89e2b270002', '2015-10-27 17:25:49', '', '2015-10-27 20:50:25', 'faf08f18501bcbac0150a887cc1a013e', '1');
INSERT INTO favour VALUES ('faf08f1850a3947c0150a8f441f90006', '2015-10-27 18:59:51', '', '2015-10-27 20:50:13', 'faf08f18501bcbac0150a88beba20162', '2');
INSERT INTO favour VALUES ('faf08f1850a3947c0150a94ee19e0009', '2015-10-27 20:38:50', '', '2015-10-27 20:38:55', 'faf08f18501bcbac0150a88971f0014a', '1');
INSERT INTO favour VALUES ('faf08f1850a3947c0150a94f19a0000a', '2015-10-27 20:39:04', '', '2015-10-27 20:48:50', 'faf08f18501bcbac0150a88a41de0152', '2');
INSERT INTO favour VALUES ('faf08f1850a3947c0150a9572ca2000b', '2015-10-27 20:47:54', '', '2015-10-27 20:47:54', 'faf08f18501bcbac0150a8880da20140', '1');
INSERT INTO favour VALUES ('faf08f1850a3947c0150a9578aa2000c', '2015-10-27 20:48:18', '', '2015-10-27 20:48:18', 'faf08f18501bcbac0150a8890dfe0146', '1');
INSERT INTO favour VALUES ('faf08f1850a3947c0150a98ad0e5000e', '2015-10-27 21:44:18', '', '2015-10-27 21:44:18', 'faf08f18501bcbac0150a88a20530150', '1');
INSERT INTO favour VALUES ('faf08f1850a3947c0150a98af486000f', '2015-10-27 21:44:27', '', '2015-10-27 21:44:27', 'faf08f18501bcbac0150a88a89910154', '1');
INSERT INTO favour VALUES ('faf08f1850a3947c0150a98b30ae0010', '2015-10-27 21:44:42', '', '2015-10-28 00:29:12', 'faf08f18501bcbac0150a88adedd0158', '2');
INSERT INTO favour VALUES ('faf08f1850a3947c0150a98b56e00011', '2015-10-27 21:44:52', '', '2015-10-27 21:44:52', 'faf08f18501bcbac0150a88b4c61015c', '1');
INSERT INTO favour VALUES ('faf08f1850a3947c0150ab8eb7b8001f', '2015-10-28 07:07:48', '', '2015-10-28 07:08:12', 'faf08f18501bcbac0150a88b734a015e', '1');
INSERT INTO favour VALUES ('faf08f1850a3947c0150abb9832d0020', '2015-10-28 07:54:33', '', '2015-10-28 07:54:33', 'faf08f18501bcbac0150a889d828014e', '1');
INSERT INTO favour VALUES ('faf08f1850a3947c0150ac1de61c0027', '2015-10-28 09:44:12', '', '2015-10-28 09:44:12', 'faf08f18501bcbac0150a88baff40160', '1');
INSERT INTO favour VALUES ('faf08f1850b852520150c2545d870058', '2015-11-01 17:15:20', '', '2015-11-10 15:23:57', 'faf08f18501bcbac0150ad02a2830167', '23');
INSERT INTO favour VALUES ('faf08f1850b852520150c25597c30059', '2015-11-01 17:16:40', '', '2015-11-02 20:16:05', 'faf08f18501bcbac0150ad29c27d018a', '6');
INSERT INTO favour VALUES ('faf08f1850b852520150c2569228005a', '2015-11-01 17:17:44', '', '2015-11-02 20:12:30', 'faf08f18501bcbac0150ad330f610193', '3');
INSERT INTO favour VALUES ('faf08f1850b852520150c2576450005b', '2015-11-01 17:18:38', '', '2015-11-03 15:44:26', 'faf08f18501bcbac0150ad3bc776019c', '7');
INSERT INTO favour VALUES ('faf08f1850b852520150c257e75e005c', '2015-11-01 17:19:12', '', '2015-11-03 11:42:52', 'faf08f18501bcbac0150ad2effb10190', '6');
INSERT INTO favour VALUES ('faf08f1850b852520150c2585f2a005d', '2015-11-01 17:19:42', '', '2015-11-03 15:43:53', 'faf08f18501bcbac0150ad3772340198', '6');
INSERT INTO favour VALUES ('faf08f1850b852520150c26934e30062', '2015-11-01 17:38:06', '', '2015-11-06 20:56:59', 'faf08f18501bcbac0150ad155a94017b', '8');
INSERT INTO favour VALUES ('faf08f1850b852520150c27256ce0066', '2015-11-01 17:48:04', '', '2015-11-04 14:57:52', 'faf08f18501bcbac0150ad64373e01af', '5');
INSERT INTO favour VALUES ('faf08f1850b852520150c27282580067', '2015-11-01 17:48:15', '', '2015-11-02 20:15:04', 'faf08f18501bcbac0150ad60b81101aa', '3');
INSERT INTO favour VALUES ('faf08f1850b852520150c369f46d007d', '2015-11-01 22:18:32', '', '2015-11-08 21:57:54', 'faf08f18501bcbac0150ad060a3d016a', '18');
INSERT INTO favour VALUES ('faf08f1850b852520150c36a3fd6007e', '2015-11-01 22:18:51', '', '2015-11-06 11:52:29', 'faf08f18501bcbac0150ad0af256016f', '11');
INSERT INTO favour VALUES ('faf08f1850b852520150c36aabbb007f', '2015-11-01 22:19:19', '', '2015-11-06 11:53:33', 'faf08f18501bcbac0150ad11897f0175', '8');
INSERT INTO favour VALUES ('faf08f1850b852520150c36b62680080', '2015-11-01 22:20:06', '', '2015-11-04 15:18:09', 'faf08f18501bcbac0150ad12b5fb0178', '6');
INSERT INTO favour VALUES ('faf08f1850b852520150c374d4980081', '2015-11-01 22:30:25', '', '2015-11-04 22:28:12', 'faf08f18501bcbac0150ada71bec01d5', '11');
INSERT INTO favour VALUES ('faf08f1850b852520150c6fc04ed0093', '2015-11-02 14:56:56', '', '2015-11-04 21:42:11', 'faf08f18501bcbac0150ad88814601b2', '10');
INSERT INTO favour VALUES ('faf08f1850b852520150c6fc1c5e0094', '2015-11-02 14:57:02', '', '2015-11-03 15:49:27', 'faf08f18501bcbac0150ad8bd99b01b5', '6');
INSERT INTO favour VALUES ('faf08f1850b852520150c6fcd79f0095', '2015-11-02 14:57:50', '', '2015-11-02 20:17:00', 'faf08f18501bcbac0150ad93c92601bc', '3');
INSERT INTO favour VALUES ('faf08f1850b852520150c6fd9f4c0096', '2015-11-02 14:58:41', '', '2015-11-02 20:18:17', 'faf08f18501bcbac0150ada1922401cb', '2');
INSERT INTO favour VALUES ('faf08f1850b852520150c819432500bf', '2015-11-02 20:08:30', '', '2015-11-06 11:52:53', 'faf08f18501bcbac0150ad0eccc00172', '10');
INSERT INTO favour VALUES ('faf08f1850b852520150c81b170900c0', '2015-11-02 20:10:30', '', '2015-11-05 13:16:43', 'faf08f18501bcbac0150ad1f80a30181', '5');
INSERT INTO favour VALUES ('faf08f1850b852520150c81b62d100c1', '2015-11-02 20:10:49', '', '2015-11-03 06:38:42', 'faf08f18501bcbac0150ad2112a70184', '4');
INSERT INTO favour VALUES ('faf08f1850b852520150c81bc79800c2', '2015-11-02 20:11:15', '', '2015-11-07 10:49:18', 'faf08f18501bcbac0150ad2560a50187', '5');
INSERT INTO favour VALUES ('faf08f1850b852520150c81e233e00c3', '2015-11-02 20:13:49', '', '2015-11-04 00:03:59', 'faf08f18501bcbac0150ad550bc201a1', '4');
INSERT INTO favour VALUES ('faf08f1850b852520150c81e74d100c4', '2015-11-02 20:14:10', '', '2015-11-03 14:52:28', 'faf08f18501bcbac0150ad5cfe2001a4', '3');
INSERT INTO favour VALUES ('faf08f1850b852520150c81ed54900c5', '2015-11-02 20:14:35', '', '2015-11-04 08:09:58', 'faf08f18501bcbac0150ad5f612501a7', '6');
INSERT INTO favour VALUES ('faf08f1850b852520150c8214fa700c6', '2015-11-02 20:17:17', '', '2015-11-03 15:50:46', 'faf08f18501bcbac0150ad9642c301c2', '5');
INSERT INTO favour VALUES ('faf08f1850b852520150c821bb5500c7', '2015-11-02 20:17:45', '', '2015-11-02 23:13:31', 'faf08f18501bcbac0150ad9e202201c7', '3');
INSERT INTO favour VALUES ('faf08f1850b852520150c8228f7700ca', '2015-11-02 20:18:39', '', '2015-11-02 20:18:40', 'faf08f18501bcbac0150ada2abcf01ce', '1');
INSERT INTO favour VALUES ('faf08f1850b852520150ca598be500ea', '2015-11-03 06:37:57', '', '2015-11-04 14:43:09', 'faf08f18501bcbac0150ad196468017e', '4');
INSERT INTO favour VALUES ('faf08f1850b852520150cc5570b200fc', '2015-11-03 15:52:42', '', '2015-11-03 20:08:44', 'faf08f18501bcbac0150ada43d5701d1', '2');
INSERT INTO favour VALUES ('faf08f1850cccd7f0150d15c6d4f0008', '2015-11-04 15:18:26', '', '2015-11-04 15:18:26', 'faf08f18501bcbac0150ad91f53c01b9', '1');

-- ----------------------------
-- Table structure for `integral`
-- ----------------------------
DROP TABLE IF EXISTS `integral`;
CREATE TABLE `integral` (
  `id` varchar(255) NOT NULL,
  `create_time` datetime DEFAULT NULL,
  `deleted` bit(1) NOT NULL,
  `update_time` datetime DEFAULT NULL,
  `totalcount` bigint(20) NOT NULL,
  `user` varchar(255) DEFAULT NULL,
  PRIMARY KEY (`id`),
  KEY `FK_jwifd1dcfrasvp0ck233e5t69` (`user`),
  CONSTRAINT `FK_jwifd1dcfrasvp0ck233e5t69` FOREIGN KEY (`user`) REFERENCES `jefen`.`userinfo` (`id`)
) ENGINE=InnoDB DEFAULT CHARSET=utf8;

-- ----------------------------
-- Records of integral
-- ----------------------------
INSERT INTO integral VALUES ('faf08f184fb6d0c2014fb71535be0000', '2015-09-10 19:47:44', '', '2015-09-10 19:47:44', '0', '000000004b1fafb1014b1fcf8dc50001');
INSERT INTO integral VALUES ('faf08f184fcf1fdd014fcf3395fb0000', '2015-09-15 12:11:48', '', '2015-09-15 18:13:30', '998300', 'faf08f184e438dab014e4d84cc300103');
INSERT INTO integral VALUES ('faf08f184fcf1fdd014fd3fa487c000b', '2015-09-16 10:27:19', '', '2015-09-16 10:27:19', '0', 'faf08f184fcc5c02014fceb9d0e10005');
INSERT INTO integral VALUES ('faf08f184fcf1fdd014fd44867f5000c', '2015-09-16 11:52:39', '', '2015-09-18 10:34:10', '975996', 'faf08f184fd366a3014fd446be92001c');
INSERT INTO integral VALUES ('faf08f184fcf1fdd014fd4513a3d001a', '2015-09-16 12:02:17', '', '2015-09-16 12:02:17', '0', 'faf08f184fd366a3014fd43bbe4c0019');
INSERT INTO integral VALUES ('faf08f184fcf1fdd014fd51219830057', '2015-09-16 15:32:57', '', '2015-09-16 15:32:57', '0', 'faf08f184fd366a3014fd511dc480021');
INSERT INTO integral VALUES ('faf08f184fd5a3c0014fd805cb5d0000', '2015-09-17 05:18:22', '', '2015-09-17 05:18:22', '0', '000000004b213cde014b34c1bd68028c');
INSERT INTO integral VALUES ('faf08f184fd5a3c0014fd91c35990001', '2015-09-17 10:22:28', '', '2015-09-17 10:22:28', '0', 'faf08f184fd7a324014fd91b79cb0004');
INSERT INTO integral VALUES ('faf08f184fd5a3c0014fd99798840002', '2015-09-17 12:37:15', '', '2015-09-17 12:37:15', '0', 'faf08f184e8abd15014e927a10c20003');
INSERT INTO integral VALUES ('faf08f184fd5a3c0014fd9eb16000003', '2015-09-17 14:08:26', '', '2015-09-17 14:08:26', '0', 'faf08f184fd9cd23014fd9df7ddc0001');
INSERT INTO integral VALUES ('faf08f184fd5a3c0014fd9f7c2240022', '2015-09-17 14:22:17', '', '2015-09-17 14:22:17', '0', 'faf08f184e438dab014e852f7f3002d8');
INSERT INTO integral VALUES ('faf08f184fdeeb92014fdf6c036a0000', '2015-09-18 15:47:22', '', '2015-09-18 15:47:22', '0', 'faf08f184e438dab014e4d6b2af40100');
INSERT INTO integral VALUES ('faf08f184fdeeb92014fe97f2a6f0001', '2015-09-20 14:44:29', '', '2015-09-20 14:44:29', '0', 'faf08f184fd9cd23014fe5d3b92200ca');
INSERT INTO integral VALUES ('faf08f184fdeeb92014feddd89c80002', '2015-09-21 11:06:03', '', '2015-09-21 11:06:03', '0', 'faf08f184fd9cd23014feddbb66400d0');
INSERT INTO integral VALUES ('faf08f184fdeeb92014fede057080003', '2015-09-21 11:09:06', '', '2015-09-21 11:09:06', '0', 'faf08f184fd9cd23014feddbf99000d3');
INSERT INTO integral VALUES ('faf08f184fdeeb92014fede1138c0004', '2015-09-21 11:09:54', '', '2015-09-21 11:09:54', '0', 'faf08f184fd9cd23014feddbfad300d6');
INSERT INTO integral VALUES ('faf08f184fdeeb92014fede1ca570005', '2015-09-21 11:10:41', '', '2015-09-21 11:10:41', '0', 'faf08f184fd9cd23014feddbfb5600d9');
INSERT INTO integral VALUES ('faf08f184fdeeb92014fede25b4e0006', '2015-09-21 11:11:18', '', '2015-09-21 11:11:18', '0', 'faf08f184fd9cd23014feddbfbca00dc');
INSERT INTO integral VALUES ('faf08f184fdeeb92014fede2eae40007', '2015-09-21 11:11:55', '', '2015-09-21 11:11:55', '0', 'faf08f184fd9cd23014feddbfc5e00df');
INSERT INTO integral VALUES ('faf08f184fdeeb92014fee0f60e10009', '2015-09-21 12:00:29', '', '2015-09-21 12:00:29', '0', 'faf08f184fd9cd23014fee0e3e6900e9');
INSERT INTO integral VALUES ('faf08f184fdeeb92014feef0f3a70012', '2015-09-21 16:06:52', '', '2015-09-21 16:06:52', '0', 'faf08f184fd9cd23014feeea7b9600f4');
INSERT INTO integral VALUES ('faf08f184fdeeb92014ffd6af4290014', '2015-09-24 11:34:49', '', '2015-09-24 11:34:49', '0', 'faf08f184be41285014c458ad91a003c');
INSERT INTO integral VALUES ('faf08f184ffeb9bc01500376eae10007', '2015-09-25 15:45:36', '', '2015-09-25 15:45:36', '0', 'faf08f184fd9cd2301500376c0d20108');
INSERT INTO integral VALUES ('faf08f184ffeb9bc015013b9e4470008', '2015-09-28 19:32:41', '', '2015-09-28 19:32:41', '0', 'faf08f18501349e9015013aa83750008');
INSERT INTO integral VALUES ('faf08f184ffeb9bc015016bde6f20009', '2015-09-29 09:35:55', '', '2015-09-29 09:35:55', '0', 'faf08f184fd9cd23014ff9a2a35f0103');
INSERT INTO integral VALUES ('faf08f184ffeb9bc0150175750a1000a', '2015-09-29 12:23:29', '', '2015-09-29 12:23:29', '0', 'faf08f184fd9cd23015009f34d85010b');
INSERT INTO integral VALUES ('faf08f184ffeb9bc015017f401c0000c', '2015-09-29 15:14:38', '', '2015-09-29 15:14:38', '0', 'faf08f185013ea19015016d9d196001a');
INSERT INTO integral VALUES ('faf08f184ffeb9bc01501bd06f100017', '2015-09-30 09:14:16', '', '2015-09-30 09:14:16', '0', 'faf08f184db4d1d5014dc16fc5c8001c');
INSERT INTO integral VALUES ('faf08f184ffeb9bc015029004609001d', '2015-10-02 22:41:35', '', '2015-10-02 22:41:35', '0', 'faf08f18501bcb91015029001ac00005');
INSERT INTO integral VALUES ('faf08f184ffeb9bc01504301e489001e', '2015-10-07 23:53:28', '', '2015-10-07 23:53:28', '0', 'faf08f184d9ddaea014d9de13efe002a');
INSERT INTO integral VALUES ('faf08f185046f60301504be331e80000', '2015-10-09 17:16:32', '', '2015-10-09 17:16:32', '0', 'faf08f18501bcb9101504b1fadc60023');
INSERT INTO integral VALUES ('faf08f185046f60301504f608c6c0001', '2015-10-10 09:32:18', '', '2015-10-10 09:32:18', '0', 'faf08f18501bcb9101504f4d5adb0029');
INSERT INTO integral VALUES ('faf08f18507065ca015075ca2a8b0000', '2015-10-17 20:33:14', '', '2015-10-17 20:33:14', '0', 'faf08f18501bcb91015075c392450049');
INSERT INTO integral VALUES ('faf08f18507065ca01507bbc55e90001', '2015-10-19 00:15:51', '', '2015-10-19 00:15:51', '0', 'faf08f184fd366a3014fd3fda04c0004');
INSERT INTO integral VALUES ('faf08f18507065ca0150845ebd8b0002', '2015-10-20 16:30:12', '', '2015-10-20 16:30:12', '0', 'faf08f18501bcb910150845ebce90070');
INSERT INTO integral VALUES ('faf08f18508f683401508fd5dd570006', '2015-10-22 21:56:09', '', '2015-10-22 21:56:09', '0', 'faf08f18501bcb9101508fd53a8a007b');
INSERT INTO integral VALUES ('faf08f18508f683401508fdeff540007', '2015-10-22 22:06:07', '', '2015-10-22 22:06:07', '0', 'faf08f18501bcb9101508fde8908007e');
INSERT INTO integral VALUES ('faf08f18508f683401508fe7ba030008', '2015-10-22 22:15:39', '', '2015-10-22 22:15:39', '0', 'faf08f18501bcb9101508fe7a3da0081');
INSERT INTO integral VALUES ('faf08f185092c495015093251c1c0000', '2015-10-23 13:21:34', '', '2015-10-23 13:21:34', '0', 'faf08f18501bcb910150900c0b0c0087');
INSERT INTO integral VALUES ('faf08f18509329a30150934f4f9a0003', '2015-10-23 14:07:39', '', '2015-10-23 14:07:39', '0', 'faf08f18501bcb91015092b354c9008c');
INSERT INTO integral VALUES ('faf08f18509329a30150939ac1fd0009', '2015-10-23 15:30:04', '', '2015-10-23 15:30:04', '0', 'faf08f18501bcb9101509397e5ef009b');
INSERT INTO integral VALUES ('faf08f18509329a3015093b5bcc6000a', '2015-10-23 15:59:32', '', '2015-10-23 15:59:32', '0', 'faf08f18501bcb91015093b4769f00a2');
INSERT INTO integral VALUES ('faf08f185093c280015093e01e620000', '2015-10-23 16:45:50', '', '2015-10-23 16:45:50', '0', 'faf08f18501bcb91015093df1ff600a9');
INSERT INTO integral VALUES ('faf08f185093c2800150940612ae0004', '2015-10-23 17:27:17', '', '2015-10-23 17:27:17', '0', 'faf08f18501bcb9101509405b6d700ac');
INSERT INTO integral VALUES ('faf08f185093c2800150940ba4bb0005', '2015-10-23 17:33:22', '', '2015-10-23 17:33:22', '0', 'faf08f184d9ddaea014d9e1992c10099');
INSERT INTO integral VALUES ('faf08f185093c28001509416c7010008', '2015-10-23 17:45:32', '', '2015-10-23 17:45:32', '0', 'faf08f184db4d1d5014e1f67caa00085');
INSERT INTO integral VALUES ('faf08f185093c280015094327e040009', '2015-10-23 18:15:48', '', '2015-10-23 18:15:48', '0', 'faf08f18501bcb910150942d92c800b5');
INSERT INTO integral VALUES ('faf08f185093c28001509498e930000a', '2015-10-23 20:07:40', '', '2015-10-23 20:07:40', '0', 'faf08f184eafa2f2014f9d2d6f0703e4');
INSERT INTO integral VALUES ('faf08f185093c280015094f538ff000b', '2015-10-23 21:48:30', '', '2015-10-23 21:48:30', '0', 'faf08f184d9ddaea014d9e78cfe901c0');
INSERT INTO integral VALUES ('faf08f185093c280015097295caf000d', '2015-10-24 08:04:41', '', '2015-10-24 08:04:41', '0', 'faf08f18501bcb9101508e0dc1200075');
INSERT INTO integral VALUES ('faf08f185093c280015098ef87ef000f', '2015-10-24 16:20:46', '', '2015-10-24 16:20:46', '0', 'faf08f184cff8c09014d9a533af600dc');
INSERT INTO integral VALUES ('faf08f185093c280015098f80fec0010', '2015-10-24 16:30:05', '', '2015-10-24 16:30:05', '0', 'faf08f184d9ddaea014d9f79869e03e3');
INSERT INTO integral VALUES ('faf08f185093c280015098fbd5030012', '2015-10-24 16:34:12', '', '2015-10-24 16:34:12', '0', 'faf08f184cff8c09014d7f8b83bd0053');
INSERT INTO integral VALUES ('faf08f185093c280015098fd0eea0013', '2015-10-24 16:35:32', '', '2015-10-24 16:35:32', '0', 'faf08f184d9ddaea014d9ead3638023a');
INSERT INTO integral VALUES ('faf08f185093c2800150a2254ed10019', '2015-10-26 11:16:05', '', '2015-10-26 11:16:05', '0', 'faf08f184eafa2f2014f980f508b03df');
INSERT INTO integral VALUES ('faf08f185093c2800150a22b6d81001a', '2015-10-26 11:22:46', '', '2015-10-26 11:22:46', '0', 'faf08f184cff8c09014d99af07e700a8');
INSERT INTO integral VALUES ('faf08f185093c2800150a232e43e001b', '2015-10-26 11:30:55', '', '2015-10-26 11:30:55', '0', 'faf08f18501bcb910150a232752400d5');
INSERT INTO integral VALUES ('faf08f1850a3947c0150a8e5980d0003', '2015-10-27 18:43:50', '', '2015-10-27 18:43:50', '0', 'faf08f184d9ddaea014d9f6391b103c0');
INSERT INTO integral VALUES ('faf08f1850a3947c0150a8fe12ab0007', '2015-10-27 19:10:34', '', '2015-10-27 19:10:34', '0', 'faf08f184db4d1d5014dd6eecb77003e');
INSERT INTO integral VALUES ('faf08f1850a3947c0150a9c044db0014', '2015-10-27 22:42:41', '', '2015-10-27 22:42:41', '0', 'faf08f184db4d1d5014dc7933767002c');
INSERT INTO integral VALUES ('faf08f1850a3947c0150a9c3fb870015', '2015-10-27 22:46:44', '', '2015-10-27 22:46:44', '0', 'faf08f184cff8c09014d003a8c3c0001');
INSERT INTO integral VALUES ('faf08f1850a3947c0150a9d12d340016', '2015-10-27 23:01:09', '', '2015-10-27 23:01:09', '0', 'faf08f18501bcb910150a9c8c3240129');
INSERT INTO integral VALUES ('faf08f1850a3947c0150aa185cd20019', '2015-10-28 00:18:54', '', '2015-10-28 00:18:54', '0', 'faf08f18501bcb910150aa173b680136');
INSERT INTO integral VALUES ('faf08f1850a3947c0150aa575f3d001b', '2015-10-28 01:27:44', '', '2015-10-28 01:27:44', '0', 'faf08f18501bcb910150aa575e020139');
INSERT INTO integral VALUES ('faf08f1850a3947c0150ab583a64001d', '2015-10-28 06:08:17', '', '2015-10-28 06:08:17', '0', 'faf08f18501bcb910150ab582afb013c');
INSERT INTO integral VALUES ('faf08f1850a3947c0150abc54a8f0022', '2015-10-28 08:07:25', '', '2015-10-28 08:07:25', '0', 'faf08f18501bcb910150abc3f64c014b');
INSERT INTO integral VALUES ('faf08f1850a3947c0150abfa22640023', '2015-10-28 09:05:08', '', '2015-10-28 09:05:08', '0', 'faf08f18501bcb910150abf9f72d0151');
INSERT INTO integral VALUES ('faf08f1850a3947c0150ac064a000024', '2015-10-28 09:18:24', '', '2015-10-28 09:18:24', '0', 'faf08f18501bcb910150ac060b7c015d');
INSERT INTO integral VALUES ('faf08f1850a3947c0150ac1575600025', '2015-10-28 09:34:58', '', '2015-10-28 09:34:58', '0', 'faf08f184be41285014c0b053c790022');
INSERT INTO integral VALUES ('faf08f1850ac4d050150ac5386cd0000', '2015-10-28 10:42:46', '', '2015-10-28 10:42:46', '0', 'faf08f18501bcb910150ac537c0a0194');
INSERT INTO integral VALUES ('faf08f1850ac4d050150ac59a4f20002', '2015-10-28 10:49:27', '', '2015-10-28 10:49:27', '0', 'faf08f184eafa2f2014ef7ecf6c20029');
INSERT INTO integral VALUES ('faf08f1850ac4d050150ac5a8c140003', '2015-10-28 10:50:26', '', '2015-10-28 10:50:26', '0', 'faf08f184b57cadd014b58b9c51c0001');
INSERT INTO integral VALUES ('faf08f1850ac4d050150ac5c51f60004', '2015-10-28 10:52:22', '', '2015-10-28 10:52:22', '0', 'faf08f184d9d2b2f014d9d6fbbc10006');
INSERT INTO integral VALUES ('faf08f1850ac4d050150ac679f6c0005', '2015-10-28 11:04:43', '', '2015-10-28 11:04:43', '0', 'faf08f184d9ddaea014da2d6d7b5051a');
INSERT INTO integral VALUES ('faf08f1850ac4d050150ac6edf050006', '2015-10-28 11:12:38', '', '2015-10-28 11:12:38', '0', 'faf08f184cff8c09014d998572560099');
INSERT INTO integral VALUES ('faf08f1850ac70e20150ac76cb740000', '2015-10-28 11:21:17', '', '2015-10-28 11:21:17', '0', 'faf08f184cff8c09014d99aefc4800a5');
INSERT INTO integral VALUES ('faf08f1850ac70e20150ac8b88740002', '2015-10-28 11:43:57', '', '2015-10-28 11:43:57', '0', 'faf08f184d9ddaea014d9ddd3a860019');
INSERT INTO integral VALUES ('faf08f1850ac70e20150ac9405d50003', '2015-10-28 11:53:13', '', '2015-10-28 11:53:13', '0', 'faf08f184d9ddaea014d9ea4b1ab021f');
INSERT INTO integral VALUES ('faf08f1850ac70e20150ac95cee50004', '2015-10-28 11:55:10', '', '2015-10-28 11:55:10', '0', 'faf08f184e438dab014e60ae0336012f');
INSERT INTO integral VALUES ('faf08f1850ac70e20150ac982a130005', '2015-10-28 11:57:44', '', '2015-10-28 11:57:44', '0', 'faf08f18501bcb910150ac573edd0197');
INSERT INTO integral VALUES ('faf08f1850ac70e20150aca4872a0006', '2015-10-28 12:11:15', '', '2015-10-28 12:11:15', '0', 'faf08f184db4d1d5014db7f8ebf40006');
INSERT INTO integral VALUES ('faf08f1850ac70e20150acad5d360007', '2015-10-28 12:20:54', '', '2015-10-28 12:20:54', '0', 'faf08f18501bcb910150717892740046');
INSERT INTO integral VALUES ('faf08f1850ac70e20150acb8071f0009', '2015-10-28 12:32:33', '', '2015-10-28 12:32:33', '0', 'faf08f184e438dab014e533e455c0113');
INSERT INTO integral VALUES ('faf08f1850ac70e20150acc0ece4000a', '2015-10-28 12:42:16', '', '2015-10-28 12:42:16', '0', 'faf08f184cff8c09014d9a009f1a00cb');
INSERT INTO integral VALUES ('faf08f1850ac70e20150acc71b6c000b', '2015-10-28 12:49:01', '', '2015-10-28 12:49:01', '0', 'faf08f18501bcb910150acc2abc601ba');
INSERT INTO integral VALUES ('faf08f1850ac70e20150accc7cb6000c', '2015-10-28 12:54:53', '', '2015-10-28 12:54:53', '0', 'faf08f18501bcb910150accc7aca01c4');
INSERT INTO integral VALUES ('faf08f1850ac70e20150accf3fd8000d', '2015-10-28 12:57:54', '', '2015-10-28 12:57:54', '0', 'faf08f184eafa2f2014ef69839930021');
INSERT INTO integral VALUES ('faf08f1850ac70e20150acd9f4f1000e', '2015-10-28 13:09:36', '', '2015-10-28 13:09:36', '0', 'faf08f18501bcb910150acd7b61101c7');
INSERT INTO integral VALUES ('faf08f1850ac70e20150acde2b4a000f', '2015-10-28 13:14:12', '', '2015-10-28 13:14:12', '0', 'faf08f18501bcb910150acde29e701d6');
INSERT INTO integral VALUES ('faf08f1850ac70e20150acf326480012', '2015-10-28 13:37:07', '', '2015-10-28 13:37:07', '0', 'faf08f18501bcb910150ac6c11e001a0');
INSERT INTO integral VALUES ('faf08f1850ac70e20150acf3ada40013', '2015-10-28 13:37:42', '', '2015-10-28 13:37:42', '0', 'faf08f18501bcb910150acf3acc801e8');
INSERT INTO integral VALUES ('faf08f1850ac70e20150acf3ed060014', '2015-10-28 13:37:58', '', '2015-10-28 13:37:58', '0', 'faf08f18501bcb910150acf3556101e5');
INSERT INTO integral VALUES ('faf08f1850ac70e20150acf7de7d0016', '2015-10-28 13:42:16', '', '2015-10-28 13:42:16', '0', 'faf08f184d9ddaea014d9e1aee04009f');
INSERT INTO integral VALUES ('faf08f1850ac70e20150ad192f210018', '2015-10-28 14:18:40', '', '2015-10-28 14:18:40', '0', 'faf08f184d9ddaea014d9df97b7c0063');
INSERT INTO integral VALUES ('faf08f1850ac70e20150ad1dc2930019', '2015-10-28 14:23:40', '', '2015-10-28 14:23:40', '0', 'faf08f18501bcb910150ad1b7e3501f7');
INSERT INTO integral VALUES ('faf08f1850ac70e20150ad3a9cc3001d', '2015-10-28 14:55:11', '', '2015-10-28 14:55:11', '0', 'faf08f18501bcb910150abf9d8d3014e');
INSERT INTO integral VALUES ('faf08f1850ac70e20150ad41b2620021', '2015-10-28 15:02:55', '', '2015-10-28 15:02:55', '0', 'faf08f18501bcb910150ad4128fc0209');
INSERT INTO integral VALUES ('faf08f1850ac70e20150ad41fe850022', '2015-10-28 15:03:14', '', '2015-10-28 15:03:14', '0', 'faf08f18501bcb9101509a09622900be');
INSERT INTO integral VALUES ('faf08f1850ac70e20150ad4957410026', '2015-10-28 15:11:16', '', '2015-10-28 15:11:16', '0', 'faf08f18501bcb910150ad44f0ce0212');
INSERT INTO integral VALUES ('faf08f1850ac70e20150ad563943002b', '2015-10-28 15:25:20', '', '2015-10-28 15:25:20', '0', 'faf08f184cff8c09014d99877aa0009c');
INSERT INTO integral VALUES ('faf08f1850ac70e20150ad595a09002d', '2015-10-28 15:28:45', '', '2015-10-28 15:28:45', '0', 'faf08f18501bcb910150ad4d23d30221');
INSERT INTO integral VALUES ('faf08f1850ac70e20150ad5cf89b002e', '2015-10-28 15:32:42', '', '2015-10-28 15:32:42', '0', 'faf08f18501bcb910150ad5bab34022e');
INSERT INTO integral VALUES ('faf08f1850ac70e20150ad6d082a0032', '2015-10-28 15:50:15', '', '2015-10-28 15:50:15', '0', 'faf08f18501bcb910150ad444aec020c');
INSERT INTO integral VALUES ('faf08f1850ac70e20150ad76249a0035', '2015-10-28 16:00:12', '', '2015-10-28 16:00:12', '0', 'faf08f18501bcb910150ad74a09e0240');
INSERT INTO integral VALUES ('faf08f1850ac70e20150ad78f6090036', '2015-10-28 16:03:17', '', '2015-10-28 16:03:17', '0', 'faf08f184cff8c09014d99af81c500ab');
INSERT INTO integral VALUES ('faf08f1850ac70e20150ad88d4350037', '2015-10-28 16:20:37', '', '2015-10-28 16:20:37', '0', 'faf08f18501bcb910150aca4ed3c01ad');
INSERT INTO integral VALUES ('faf08f1850ac70e20150adb6a5b8003a', '2015-10-28 17:10:39', '', '2015-10-28 17:10:39', '0', 'faf08f18501bcb910150adb6a49b0252');
INSERT INTO integral VALUES ('faf08f1850ac70e20150adb9de9c003b', '2015-10-28 17:14:10', '', '2015-10-28 17:14:10', '0', 'faf08f18501bcb910150a91623d500ff');
INSERT INTO integral VALUES ('faf08f1850adbeef0150ae1110f20008', '2015-10-28 18:49:25', '', '2015-10-28 18:49:25', '0', 'faf08f184fd9cd23015002d8234b0106');
INSERT INTO integral VALUES ('faf08f1850adbeef0150ae1c3735000c', '2015-10-28 19:01:36', '', '2015-10-28 19:01:36', '0', 'faf08f184d9d2b2f014d9da4e8470008');
INSERT INTO integral VALUES ('faf08f1850adbeef0150ae1df56c000f', '2015-10-28 19:03:30', '', '2015-10-28 19:03:30', '0', 'faf08f18501bcb910150ae17aa5f025e');
INSERT INTO integral VALUES ('faf08f1850adbeef0150ae21d9310012', '2015-10-28 19:07:45', '', '2015-10-28 19:07:45', '0', 'faf08f18501bcb910150ae2099b40261');
INSERT INTO integral VALUES ('faf08f1850adbeef0150ae227ea10014', '2015-10-28 19:08:27', '', '2015-10-28 19:08:27', '0', 'faf08f18501bcb910150ae21357f0264');
INSERT INTO integral VALUES ('faf08f1850adbeef0150ae5512c0001a', '2015-10-28 20:03:42', '', '2015-10-28 20:03:42', '0', 'faf08f18501bcb910150ae54f964027c');
INSERT INTO integral VALUES ('faf08f1850adbeef0150ae5f0775001e', '2015-10-28 20:14:34', '', '2015-10-28 20:14:34', '0', 'faf08f18501bcb910150ae3b5210026d');
INSERT INTO integral VALUES ('faf08f1850adbeef0150aecdf8640023', '2015-10-28 22:15:45', '', '2015-10-28 22:15:45', '0', 'faf08f18501bcb910150aecde9050289');
INSERT INTO integral VALUES ('faf08f1850adbeef0150aee6dffd0028', '2015-10-28 22:42:57', '', '2015-10-28 22:42:57', '0', 'faf08f18501bcb910150ac1d0adc017f');
INSERT INTO integral VALUES ('faf08f1850adbeef0150aef2c29b0029', '2015-10-28 22:55:56', '', '2015-10-28 22:55:56', '0', 'faf08f18501bcb910150aeec93340298');
INSERT INTO integral VALUES ('faf08f1850adbeef0150af212c83002a', '2015-10-28 23:46:38', '', '2015-10-28 23:46:38', '0', 'faf08f18501bcb910150af1f5a3a029e');
INSERT INTO integral VALUES ('faf08f1850adbeef0150b0c5c301002b', '2015-10-29 07:26:01', '', '2015-10-29 07:26:01', '0', 'faf08f18501bcb910150b0c4aa1e02a1');
INSERT INTO integral VALUES ('faf08f1850adbeef0150b0cfb27c002c', '2015-10-29 07:36:53', '', '2015-10-29 07:36:53', '0', 'faf08f18501bcb910150ad7e26c80243');
INSERT INTO integral VALUES ('faf08f1850adbeef0150b1169fec002d', '2015-10-29 08:54:21', '', '2015-10-29 08:54:21', '0', 'faf08f18501bcb910150b115299c02a4');
INSERT INTO integral VALUES ('faf08f1850adbeef0150b11a5534002f', '2015-10-29 08:58:24', '', '2015-10-29 08:58:24', '0', 'faf08f184d9ddaea014d9ddaf6b70002');
INSERT INTO integral VALUES ('faf08f1850adbeef0150b1a143610037', '2015-10-29 11:25:47', '', '2015-10-29 11:25:47', '0', 'faf08f18501bcb910150b1a1417d02b6');
INSERT INTO integral VALUES ('faf08f1850adbeef0150b262ef0e0044', '2015-10-29 14:57:19', '', '2015-10-29 14:57:19', '0', 'faf08f18501bcb910150b261670002d2');
INSERT INTO integral VALUES ('faf08f1850adbeef0150b265c6570045', '2015-10-29 15:00:25', '', '2015-10-29 15:00:25', '0', 'faf08f184e438dab014e6d59377d02c1');
INSERT INTO integral VALUES ('faf08f1850adbeef0150b270ed1d0047', '2015-10-29 15:12:36', '', '2015-10-29 15:12:36', '0', 'faf08f184e438dab014e51d75f4b010a');
INSERT INTO integral VALUES ('faf08f1850adbeef0150b28460c1004b', '2015-10-29 15:33:51', '', '2015-10-29 15:33:51', '0', 'faf08f184d9ddaea014d9e095e1f007b');
INSERT INTO integral VALUES ('faf08f1850adbeef0150b2a520360051', '2015-10-29 16:09:37', '', '2015-10-29 16:09:37', '0', 'faf08f18501bcb910150a9ce0114012c');
INSERT INTO integral VALUES ('faf08f1850adbeef0150b2b2abcd0057', '2015-10-29 16:24:25', '', '2015-10-29 16:24:25', '0', 'faf08f18501bcb910150b2b146d502fd');
INSERT INTO integral VALUES ('faf08f1850adbeef0150b2f4d30c005d', '2015-10-29 17:36:40', '', '2015-10-29 17:36:40', '0', 'faf08f18501bcb910150b2f460b60309');
INSERT INTO integral VALUES ('faf08f1850b30a780150b30d28360000', '2015-10-29 18:03:15', '', '2015-10-29 18:03:15', '0', 'faf08f18501bcb910150b30342db030f');
INSERT INTO integral VALUES ('faf08f1850b332c70150b379163d0001', '2015-10-29 20:01:08', '', '2015-10-29 20:01:08', '0', 'faf08f18501bcb910150b3745a570321');
INSERT INTO integral VALUES ('faf08f1850b332c70150b3c0cfba0005', '2015-10-29 21:19:29', '', '2015-10-29 21:19:29', '0', 'faf08f18501bcb910150b3c0cea10327');
INSERT INTO integral VALUES ('faf08f1850b332c70150b44726840007', '2015-10-29 23:46:13', '', '2015-10-29 23:46:13', '0', 'faf08f18501bcb910150b4472580032a');
INSERT INTO integral VALUES ('faf08f1850b332c70150b5ba3bfe0009', '2015-10-30 06:31:32', '', '2015-10-30 06:31:32', '0', 'faf08f18501bcb910150b1e459dd02bd');
INSERT INTO integral VALUES ('faf08f1850b332c70150b6ba542c000d', '2015-10-30 11:11:16', '', '2015-10-30 11:11:16', '0', 'faf08f18501bcb910150ad65a208023a');
INSERT INTO integral VALUES ('faf08f1850b6bb620150b6bc09900000', '2015-10-30 11:13:07', '', '2015-10-30 11:13:07', '0', 'faf08f18501bcb910150b6bc07850337');
INSERT INTO integral VALUES ('faf08f1850b6bb620150b6bfe4e50002', '2015-10-30 11:17:20', '', '2015-10-30 11:17:20', '0', 'faf08f18501bcb910150b6bfe3a2033a');
INSERT INTO integral VALUES ('faf08f1850b6daf80150b6f3bce30001', '2015-10-30 12:13:58', '', '2015-10-30 12:13:58', '0', 'faf08f18501bcb910150ad2c517501fd');
INSERT INTO integral VALUES ('faf08f1850b6daf80150b73c14b00003', '2015-10-30 13:32:59', '', '2015-10-30 13:32:59', '0', 'faf08f184d9ddaea014d9fd43a2e047b');
INSERT INTO integral VALUES ('faf08f1850b6daf80150b76b400f0008', '2015-10-30 14:24:30', '', '2015-10-30 14:24:30', '0', 'faf08f18501bcb910150acde159e01d3');
INSERT INTO integral VALUES ('faf08f1850b6daf80150b7985485000c', '2015-10-30 15:13:45', '', '2015-10-30 15:13:45', '0', 'faf08f18501bcb910150b79852d20353');
INSERT INTO integral VALUES ('faf08f1850b6daf80150b7a35b8a000e', '2015-10-30 15:25:47', '', '2015-10-30 15:25:47', '0', 'faf08f184eafa2f2014fa70b093203e6');
INSERT INTO integral VALUES ('faf08f1850b6daf80150b7a3b1f7000f', '2015-10-30 15:26:09', '', '2015-10-30 15:26:09', '0', 'faf08f184eafa2f2014f9b802e3b03e2');
INSERT INTO integral VALUES ('faf08f1850b6daf80150b7ac16e60011', '2015-10-30 15:35:20', '', '2015-10-30 15:35:20', '0', 'faf08f184be41285014c0715d8470014');
INSERT INTO integral VALUES ('faf08f1850b6daf80150b7b587710013', '2015-10-30 15:45:38', '', '2015-10-30 15:45:38', '0', 'faf08f18501bcb910150b28efcd202e8');
INSERT INTO integral VALUES ('faf08f1850b6daf80150b7b959e40014', '2015-10-30 15:49:49', '', '2015-10-30 15:49:49', '0', 'faf08f184d9ddaea014d9df1f16b0050');
INSERT INTO integral VALUES ('faf08f1850b6daf80150b80e67800018', '2015-10-30 17:22:43', '', '2015-10-30 17:22:43', '0', 'faf08f185013ea1901501654e2c50002');
INSERT INTO integral VALUES ('faf08f1850b6daf80150b8416967001e', '2015-10-30 18:18:26', '', '2015-10-30 18:18:26', '0', 'faf08f18501bcb910150b83be50b0378');
INSERT INTO integral VALUES ('faf08f1850b852520150b888e84e0000', '2015-10-30 19:36:31', '', '2015-10-30 19:36:31', '0', 'faf08f18501bcb910150b888e5a90387');
INSERT INTO integral VALUES ('faf08f1850b852520150b8cd13540005', '2015-10-30 20:50:59', '', '2015-10-30 20:50:59', '0', 'faf08f18501bcb910150b7c329790360');
INSERT INTO integral VALUES ('faf08f1850b852520150bb2192bb0009', '2015-10-31 07:42:31', '', '2015-10-31 07:42:31', '0', 'faf08f18501bcb910150bb1c64b60396');
INSERT INTO integral VALUES ('faf08f1850b852520150bb24fee7000a', '2015-10-31 07:46:15', '', '2015-10-31 07:46:15', '0', 'faf08f18501bcb910150b8fb12b90390');
INSERT INTO integral VALUES ('faf08f1850b852520150bb51f21c000b', '2015-10-31 08:35:21', '', '2015-10-31 08:35:21', '0', 'faf08f18501bcb910150bb507f230399');
INSERT INTO integral VALUES ('faf08f1850b852520150bbe5497c000c', '2015-10-31 11:16:17', '', '2015-10-31 11:16:17', '0', 'faf08f18501bcb910150bbe5481f03a2');
INSERT INTO integral VALUES ('faf08f1850b852520150bbee8852000d', '2015-10-31 11:26:23', '', '2015-10-31 11:26:23', '0', 'faf08f18501bcb910150b2a2a6cf02f1');
INSERT INTO integral VALUES ('faf08f1850b852520150bbf592a4000f', '2015-10-31 11:34:04', '', '2015-10-31 11:34:04', '0', 'faf08f18501bcb910150bbf334f103a5');
INSERT INTO integral VALUES ('faf08f1850b852520150bbfb38f80010', '2015-10-31 11:40:14', '', '2015-10-31 11:40:14', '0', 'faf08f18501bcb910150bbfb37d503a8');
INSERT INTO integral VALUES ('faf08f1850b852520150bc7899ca0019', '2015-10-31 13:57:11', '', '2015-10-31 13:57:11', '0', 'faf08f18501bcb910150bc7537dd03b4');
INSERT INTO integral VALUES ('faf08f1850b852520150bc9cd04d001c', '2015-10-31 14:36:45', '', '2015-10-31 14:36:45', '0', 'faf08f184cff8c09014d98302f540064');
INSERT INTO integral VALUES ('faf08f1850b852520150bd7770520028', '2015-10-31 18:35:32', '', '2015-10-31 18:35:32', '0', 'faf08f18501bcb910150bd776e6203ea');
INSERT INTO integral VALUES ('faf08f1850b852520150be0d47a10032', '2015-10-31 21:19:12', '', '2015-10-31 21:19:12', '0', 'faf08f18501bcb910150be0d4651040e');
INSERT INTO integral VALUES ('faf08f1850b852520150c05c66d00038', '2015-11-01 08:04:52', '', '2015-11-01 08:04:52', '0', 'faf08f18501bcb910150bd20243703d8');
INSERT INTO integral VALUES ('faf08f1850b852520150c0bf8e0b0039', '2015-11-01 09:53:10', '', '2015-11-01 09:53:10', '0', 'faf08f18501bcb910150b214bc9c02c9');
INSERT INTO integral VALUES ('faf08f1850b852520150c128d359003c', '2015-11-01 11:48:09', '', '2015-11-01 11:48:09', '0', 'faf08f18501bcb910150c128030f042c');
INSERT INTO integral VALUES ('faf08f1850b852520150c1d0265a0049', '2015-11-01 14:50:55', '', '2015-11-01 14:50:55', '0', 'faf08f18501bcb910150c1cf4c7d0453');
INSERT INTO integral VALUES ('faf08f1850b852520150c201d7b5004d', '2015-11-01 15:45:12', '', '2015-11-01 15:45:12', '0', 'faf08f184eafa2f2014eba682e59000a');
INSERT INTO integral VALUES ('faf08f1850b852520150c213fe6f0051', '2015-11-01 16:05:01', '', '2015-11-01 16:05:01', '0', 'faf08f18501bcb910150c20c1ee5046b');
INSERT INTO integral VALUES ('faf08f1850b852520150c25065e60057', '2015-11-01 17:11:00', '', '2015-11-01 17:11:00', '0', 'faf08f18501bcb910150c25065040486');
INSERT INTO integral VALUES ('faf08f1850b852520150c25b10a5005f', '2015-11-01 17:22:39', '', '2015-11-01 17:22:39', '0', 'faf08f18501bcb910150c25576c0048c');
INSERT INTO integral VALUES ('faf08f1850b852520150c2694fb20063', '2015-11-01 17:38:13', '', '2015-11-01 17:38:13', '0', 'faf08f18501bcb910150c1af75ff044d');
INSERT INTO integral VALUES ('faf08f1850b852520150c26b88950064', '2015-11-01 17:40:38', '', '2015-11-01 17:40:38', '0', 'faf08f18501bcb910150c26a68e40492');
INSERT INTO integral VALUES ('faf08f1850b852520150c2721fb30065', '2015-11-01 17:47:50', '', '2015-11-01 17:47:50', '0', 'faf08f18501bcb910150c2721ee10495');
INSERT INTO integral VALUES ('faf08f1850b852520150c27d02de006a', '2015-11-01 17:59:44', '', '2015-11-01 17:59:44', '0', 'faf08f18501bcb910150bdb12b0203fc');
INSERT INTO integral VALUES ('faf08f1850b852520150c27e8842006b', '2015-11-01 18:01:23', '', '2015-11-01 18:01:23', '0', 'faf08f18501bcb910150c27e86b4049b');
INSERT INTO integral VALUES ('faf08f1850b852520150c30d2e3d007c', '2015-11-01 20:37:12', '', '2015-11-01 20:37:12', '0', 'faf08f18501bcb910150c30d203204c2');
INSERT INTO integral VALUES ('faf08f1850b852520150c39acc460082', '2015-11-01 23:11:53', '', '2015-11-01 23:11:53', '0', 'faf08f18501bcb910150c36933d904cb');
INSERT INTO integral VALUES ('faf08f1850b852520150c64dbeed0085', '2015-11-02 11:46:35', '', '2015-11-02 11:46:35', '0', 'faf08f18501bcb910150c27f452e049e');
INSERT INTO integral VALUES ('faf08f1850b852520150c6596b500087', '2015-11-02 11:59:20', '', '2015-11-02 11:59:20', '0', 'faf08f18501bcb910150c2fe38d004bc');
INSERT INTO integral VALUES ('faf08f1850b852520150c6906031008b', '2015-11-02 12:59:22', '', '2015-11-02 12:59:22', '0', 'faf08f18501bcb910150c6905e770504');
INSERT INTO integral VALUES ('faf08f1850b852520150c6ae7146008f', '2015-11-02 13:32:12', '', '2015-11-02 13:32:12', '0', 'faf08f18501bcb910150c297058a04a4');
INSERT INTO integral VALUES ('faf08f1850b852520150c6f111220091', '2015-11-02 14:44:58', '', '2015-11-02 14:44:58', '0', 'faf08f18501bcb910150c6f1102c0516');
INSERT INTO integral VALUES ('faf08f1850b852520150c738912f0097', '2015-11-02 16:03:04', '', '2015-11-02 16:03:04', '0', 'faf08f18501bcb910150c7369da70522');
INSERT INTO integral VALUES ('faf08f1850b852520150c767198b009a', '2015-11-02 16:53:54', '', '2015-11-02 16:53:54', '0', 'faf08f184d9ddaea014d9dea5693003e');
INSERT INTO integral VALUES ('faf08f1850b852520150c7a6e07a009d', '2015-11-02 18:03:33', '', '2015-11-02 18:03:33', '0', 'faf08f18501bcb910150c7a488e5052e');
INSERT INTO integral VALUES ('faf08f1850b852520150c7b4728d009e', '2015-11-02 18:18:23', '', '2015-11-02 18:18:23', '0', 'faf08f18501bcb910150c7b4719f0534');
INSERT INTO integral VALUES ('faf08f1850b852520150c7c786bb00a0', '2015-11-02 18:39:13', '', '2015-11-02 18:39:13', '0', 'faf08f18501bcb910150c7c738b70537');
INSERT INTO integral VALUES ('faf08f1850b852520150c7e0997600a4', '2015-11-02 19:06:36', '', '2015-11-02 19:06:36', '0', 'faf08f18501bcb910150c7e002ec0552');
INSERT INTO integral VALUES ('faf08f1850b852520150c7e4d98600a6', '2015-11-02 19:11:15', '', '2015-11-02 19:11:15', '0', 'faf08f18501bcb910150c7e36a930555');
INSERT INTO integral VALUES ('faf08f1850b852520150c7e87bbf00a9', '2015-11-02 19:15:13', '', '2015-11-02 19:15:13', '0', 'faf08f18501bcb910150c7e87acf055e');
INSERT INTO integral VALUES ('faf08f1850b852520150c7f19b6700ab', '2015-11-02 19:25:11', '', '2015-11-02 19:25:11', '0', 'faf08f18501bcb910150c7ef28350564');
INSERT INTO integral VALUES ('faf08f1850b852520150c7f646dc00ae', '2015-11-02 19:30:17', '', '2015-11-02 19:30:17', '0', 'faf08f18501bcb910150c7f39744056a');
INSERT INTO integral VALUES ('faf08f1850b852520150c7f80d7100af', '2015-11-02 19:32:13', '', '2015-11-02 19:32:13', '0', 'faf08f18501bcb910150c7f80bb70570');
INSERT INTO integral VALUES ('faf08f1850b852520150c809f7af00b2', '2015-11-02 19:51:47', '', '2015-11-02 19:51:47', '0', 'faf08f18501bcb910150c809f67e0580');
INSERT INTO integral VALUES ('faf08f1850b852520150c80a653a00b3', '2015-11-02 19:52:15', '', '2015-11-02 19:52:15', '0', 'faf08f184cff8c09014d9ab9288200e5');
INSERT INTO integral VALUES ('faf08f1850b852520150c81599da00b8', '2015-11-02 20:04:30', '', '2015-11-02 20:04:30', '0', 'faf08f18501bcb910150c814d7710598');
INSERT INTO integral VALUES ('faf08f1850b852520150c816061500ba', '2015-11-02 20:04:58', '', '2015-11-02 20:04:58', '0', 'faf08f18501bcb910150c62148cc04e5');
INSERT INTO integral VALUES ('faf08f1850b852520150c81689df00bb', '2015-11-02 20:05:31', '', '2015-11-02 20:05:31', '0', 'faf08f18501bcb910150c814b8560595');
INSERT INTO integral VALUES ('faf08f1850b852520150c816ad1f00bc', '2015-11-02 20:05:40', '', '2015-11-02 20:05:40', '0', 'faf08f18501bcb910150c816abe605a7');
INSERT INTO integral VALUES ('faf08f1850b852520150c816b75700bd', '2015-11-02 20:05:43', '', '2015-11-02 20:05:43', '0', 'faf08f18501bcb910150c816b5b505aa');
INSERT INTO integral VALUES ('faf08f1850b852520150c8184f8900be', '2015-11-02 20:07:27', '', '2015-11-02 20:07:27', '0', 'faf08f184d9ddaea014d9ddc98d3000d');
INSERT INTO integral VALUES ('faf08f1850b852520150c82244b100c8', '2015-11-02 20:18:20', '', '2015-11-02 20:18:20', '0', 'faf08f18501bcb910150c3d55d5904d4');
INSERT INTO integral VALUES ('faf08f1850b852520150c822c31e00cb', '2015-11-02 20:18:52', '', '2015-11-02 20:18:52', '0', 'faf08f18501bcb910150c822096b05cb');
INSERT INTO integral VALUES ('faf08f1850b852520150c826a2b200cc', '2015-11-02 20:23:06', '', '2015-11-02 20:23:06', '0', 'faf08f18501bcb910150c7e624540558');
INSERT INTO integral VALUES ('faf08f1850b852520150c82b5ba600cd', '2015-11-02 20:28:16', '', '2015-11-02 20:28:16', '0', 'faf08f18501bcb910150c7fae0af0573');
INSERT INTO integral VALUES ('faf08f1850b852520150c833332400d3', '2015-11-02 20:36:50', '', '2015-11-02 20:36:50', '0', 'faf08f18501bcb910150c82f836a05d4');
INSERT INTO integral VALUES ('faf08f1850b852520150c83426f100d4', '2015-11-02 20:37:52', '', '2015-11-02 20:37:52', '0', 'faf08f18501bcb910150bce125a103cf');
INSERT INTO integral VALUES ('faf08f1850b852520150c83fe74200d9', '2015-11-02 20:50:42', '', '2015-11-02 20:50:42', '0', 'faf08f18501bcb910150c83b0f0905e0');
INSERT INTO integral VALUES ('faf08f1850b852520150c84646a200db', '2015-11-02 20:57:40', '', '2015-11-02 20:57:40', '0', 'faf08f18501bcb910150c845cb8c05e9');
INSERT INTO integral VALUES ('faf08f1850b852520150c848130200dc', '2015-11-02 20:59:38', '', '2015-11-02 20:59:38', '0', 'faf08f18501bcb910150c84811ca05ef');
INSERT INTO integral VALUES ('faf08f1850b852520150c84ecaac00dd', '2015-11-02 21:06:58', '', '2015-11-02 21:06:58', '0', 'faf08f184d9ddaea014d9f24e952031b');
INSERT INTO integral VALUES ('faf08f1850b852520150c853edf900df', '2015-11-02 21:12:35', '', '2015-11-02 21:12:35', '0', 'faf08f18501bcb910150c84a0c4e05f3');
INSERT INTO integral VALUES ('faf08f1850b852520150c8704d5900e1', '2015-11-02 21:43:34', '', '2015-11-02 21:43:34', '0', 'faf08f18501bcb910150b6d86f2b033d');
INSERT INTO integral VALUES ('faf08f1850b852520150c8735e7100e4', '2015-11-02 21:46:55', '', '2015-11-02 21:46:55', '0', 'faf08f18501bcb910150c802be20057c');
INSERT INTO integral VALUES ('faf08f1850b852520150c877bbe600e6', '2015-11-02 21:51:41', '', '2015-11-02 21:51:41', '0', 'faf08f18501bcb910150c87569330602');
INSERT INTO integral VALUES ('faf08f1850b852520150c93c228800e7', '2015-11-03 01:26:12', '', '2015-11-03 01:26:12', '0', 'faf08f18501bcb910150c93a7c080611');
INSERT INTO integral VALUES ('faf08f1850b852520150ca58a2e700e9', '2015-11-03 06:36:57', '', '2015-11-03 06:36:57', '0', 'faf08f18501bcb910150ca588cd10617');
INSERT INTO integral VALUES ('faf08f1850b852520150caa35f4a00eb', '2015-11-03 07:58:35', '', '2015-11-03 07:58:35', '0', 'faf08f184d9ddaea014d9e9a78350204');
INSERT INTO integral VALUES ('faf08f1850b852520150cb58823f00ec', '2015-11-03 11:16:26', '', '2015-11-03 11:16:26', '0', 'faf08f18501bcb910150cb551ea00623');
INSERT INTO integral VALUES ('faf08f1850b852520150cb58937700ed', '2015-11-03 11:16:31', '', '2015-11-03 11:16:31', '0', 'faf08f18501bcb910150cb587cb00626');
INSERT INTO integral VALUES ('faf08f1850b852520150cbba9e9a00f0', '2015-11-03 13:03:36', '', '2015-11-03 13:03:36', '0', 'faf08f18501bcb910150cbba9d3b062f');
INSERT INTO integral VALUES ('faf08f1850b852520150cbcd593b00f1', '2015-11-03 13:24:04', '', '2015-11-03 13:24:04', '0', 'faf08f184d9ddaea014d9ea408e80216');
INSERT INTO integral VALUES ('faf08f1850b852520150cbd4099a00f3', '2015-11-03 13:31:22', '', '2015-11-03 13:31:22', '0', 'faf08f18501bcb910150c1f659e80468');
INSERT INTO integral VALUES ('faf08f1850b852520150cbe1c55d00f4', '2015-11-03 13:46:22', '', '2015-11-03 13:46:22', '0', 'faf08f18501bcb910150c5ac96ad04dd');
INSERT INTO integral VALUES ('faf08f1850b852520150cbf51e8200f6', '2015-11-03 14:07:30', '', '2015-11-03 14:07:30', '0', 'faf08f18501bcb910150cbf4f008063b');
INSERT INTO integral VALUES ('faf08f1850b852520150cc0fc51a00f8', '2015-11-03 14:36:37', '', '2015-11-03 14:36:37', '0', 'faf08f18501bcb910150cc0fc43a063e');
INSERT INTO integral VALUES ('faf08f1850b852520150cc2e4f8700fa', '2015-11-03 15:09:58', '', '2015-11-03 15:09:58', '0', 'faf08f184d9ddaea014d9f1a71eb0303');
INSERT INTO integral VALUES ('faf08f1850b852520150cc93ebda00fd', '2015-11-03 17:00:57', '', '2015-11-03 17:00:57', '0', 'faf08f18501bcb910150cc9107e0064d');
INSERT INTO integral VALUES ('faf08f1850cccd7f0150cce0929b0000', '2015-11-03 18:24:41', '', '2015-11-03 18:24:41', '0', 'faf08f18501bcb910150cce070750653');
INSERT INTO integral VALUES ('faf08f1850cccd7f0150cd0739420004', '2015-11-03 19:06:54', '', '2015-11-03 19:06:54', '0', 'faf08f18501bcb910150c7e76c50055b');
INSERT INTO integral VALUES ('faf08f1850cccd7f0150d170b2e30009', '2015-11-04 15:40:35', '', '2015-11-04 15:40:35', '0', 'faf08f18501bcb910150d170b19e0683');
INSERT INTO integral VALUES ('faf08f1850cccd7f0150d173c485000a', '2015-11-04 15:43:56', '', '2015-11-04 15:43:56', '0', 'faf08f18501bcb910150c8464b0f05ec');
INSERT INTO integral VALUES ('faf08f1850cccd7f0150d17f0e4a000b', '2015-11-04 15:56:16', '', '2015-11-04 15:56:16', '0', 'faf08f18501bcb910150acbb70d901b4');
INSERT INTO integral VALUES ('faf08f1850cccd7f0150d193794e000c', '2015-11-04 16:18:34', '', '2015-11-04 16:18:34', '0', 'faf08f18501bcb910150d19377ca0686');
INSERT INTO integral VALUES ('faf08f1850cccd7f0150d196b1d5000d', '2015-11-04 16:22:05', '', '2015-11-04 16:22:05', '0', 'faf08f18501bcb910150d19451f40689');
INSERT INTO integral VALUES ('faf08f1850cccd7f0150d2af47510013', '2015-11-04 21:28:33', '', '2015-11-04 21:28:33', '0', 'faf08f18501bcb910150d2af464e06a7');
INSERT INTO integral VALUES ('faf08f1850cccd7f0150d2d75e480014', '2015-11-04 22:12:21', '', '2015-11-04 22:12:21', '0', 'faf08f18501bcb910150d2cba5e206aa');
INSERT INTO integral VALUES ('faf08f1850cccd7f0150d68382240019', '2015-11-05 15:19:14', '', '2015-11-05 15:19:14', '0', 'faf08f18501bcb910150d25bb46b0698');
INSERT INTO integral VALUES ('faf08f1850cccd7f0150d69e441b001a', '2015-11-05 15:48:27', '', '2015-11-05 15:48:27', '0', 'faf08f18501bcb910150d69e42a106be');
INSERT INTO integral VALUES ('faf08f1850cccd7f0150db2c77070024', '2015-11-06 13:02:15', '', '2015-11-06 13:02:15', '0', 'faf08f18501bcb910150db2c6a4206ea');
INSERT INTO integral VALUES ('faf08f1850cccd7f0150dc2281b30028', '2015-11-06 17:31:00', '', '2015-11-06 17:31:00', '0', 'faf08f18501bcb9101509c62794b00c1');
INSERT INTO integral VALUES ('faf08f1850cccd7f0150dd3a9df3002d', '2015-11-06 22:36:57', '', '2015-11-06 22:36:57', '0', 'faf08f18501bcb910150d6d4a14d06c1');
INSERT INTO integral VALUES ('faf08f1850cccd7f0150dd7f2443002e', '2015-11-06 23:51:48', '', '2015-11-06 23:51:48', '0', 'faf08f18501bcb910150b69a61360331');
INSERT INTO integral VALUES ('faf08f1850cccd7f0150e079b2230033', '2015-11-07 13:44:43', '', '2015-11-07 13:44:43', '0', 'faf08f18501bcb910150dfe13bbe0709');
INSERT INTO integral VALUES ('faf08f1850cccd7f0150e0cc755c0034', '2015-11-07 15:15:07', '', '2015-11-07 15:15:07', '0', 'faf08f184d9ddaea014d9f58f3e703a2');
INSERT INTO integral VALUES ('faf08f1850cccd7f0150e12935620038', '2015-11-07 16:56:25', '', '2015-11-07 16:56:25', '0', 'faf08f18501bcb910150e1277475071b');
INSERT INTO integral VALUES ('faf08f1850cccd7f0150e154d014003b', '2015-11-07 17:44:03', '', '2015-11-07 17:44:03', '0', 'faf08f18501bcb910150e154cbad0724');
INSERT INTO integral VALUES ('faf08f1850cccd7f0150e1bff0770041', '2015-11-07 19:41:03', '', '2015-11-07 19:41:03', '0', 'faf08f18501bcb910150c8376e8205dd');
INSERT INTO integral VALUES ('faf08f1850cccd7f0150e61eca3e005b', '2015-11-08 16:03:08', '', '2015-11-08 16:03:08', '0', 'faf08f18501bcb910150e61ec8e307a5');
INSERT INTO integral VALUES ('faf08f1850cccd7f0150e6278452005e', '2015-11-08 16:12:40', '', '2015-11-08 16:12:40', '0', 'faf08f18501bcb910150e62782f507ae');
INSERT INTO integral VALUES ('faf08f1850cccd7f0150e63cdeef005f', '2015-11-08 16:36:00', '', '2015-11-08 16:36:00', '0', 'faf08f18501bcb910150aedae9ca0292');
INSERT INTO integral VALUES ('faf08f1850cccd7f0150e6505d190062', '2015-11-08 16:57:17', '', '2015-11-08 16:57:17', '0', 'faf08f18501bcb910150e64fb08807b4');
INSERT INTO integral VALUES ('faf08f1850cccd7f0150e6505dcc0063', '2015-11-08 16:57:18', '', '2015-11-08 16:57:18', '0', 'faf08f18501bcb910150e650428f07b7');
INSERT INTO integral VALUES ('faf08f1850cccd7f0150e65aeb730066', '2015-11-08 17:08:49', '', '2015-11-08 17:08:49', '0', 'faf08f18501bcb910150e659561107bd');
INSERT INTO integral VALUES ('faf08f1850cccd7f0150e6caf91d006a', '2015-11-08 19:11:13', '', '2015-11-08 19:11:13', '0', 'faf08f18501bcb910150e6caf81607cf');
INSERT INTO integral VALUES ('faf08f1850cccd7f0150e72b56fe006e', '2015-11-08 20:56:28', '', '2015-11-08 20:56:28', '0', 'faf08f18501bcb910150b85b6c39037e');
INSERT INTO integral VALUES ('faf08f1850cccd7f0150eaf14a7d0077', '2015-11-09 14:31:33', '', '2015-11-09 14:31:33', '0', 'faf08f18501bcb910150c8e89a78060e');
INSERT INTO integral VALUES ('faf08f1850cccd7f0150ee9472da0088', '2015-11-10 07:28:37', '', '2015-11-10 07:28:37', '0', 'faf08f18501bcb910150e5015eb4077b');
INSERT INTO integral VALUES ('faf08f1850cccd7f0150f12a71350095', '2015-11-10 19:31:42', '', '2015-11-10 19:31:42', '0', 'faf08f18501bcb910150f12a5e940838');
INSERT INTO integral VALUES ('faf08f1850cccd7f0150f136833a0098', '2015-11-10 19:44:53', '', '2015-11-10 19:44:53', '0', 'faf08f18501bcb910150f1368184083e');

-- ----------------------------
-- Table structure for `integral_detail`
-- ----------------------------
DROP TABLE IF EXISTS `integral_detail`;
CREATE TABLE `integral_detail` (
  `id` varchar(255) NOT NULL,
  `create_time` datetime DEFAULT NULL,
  `deleted` bit(1) NOT NULL,
  `update_time` datetime DEFAULT NULL,
  `count` bigint(20) NOT NULL,
  `integral` varchar(255) DEFAULT NULL,
  `origin` int(2) DEFAULT NULL,
  PRIMARY KEY (`id`),
  KEY `FK_3x5acto4r6c6nff6iawn13gdm` (`integral`),
  CONSTRAINT `FK_3x5acto4r6c6nff6iawn13gdm` FOREIGN KEY (`integral`) REFERENCES `integral` (`id`)
) ENGINE=InnoDB DEFAULT CHARSET=utf8;

-- ----------------------------
-- Records of integral_detail
-- ----------------------------
INSERT INTO integral_detail VALUES ('faf08f184fcf1fdd014fd07ea3270005', '2015-09-15 18:13:24', '', '2015-09-15 18:13:24', '-700', 'faf08f184fcf1fdd014fcf3395fb0000', '1');
INSERT INTO integral_detail VALUES ('faf08f184fcf1fdd014fd07eba7f0008', '2015-09-15 18:13:30', '', '2015-09-15 18:13:30', '-1000', 'faf08f184fcf1fdd014fcf3395fb0000', '1');
INSERT INTO integral_detail VALUES ('faf08f184fcf1fdd014fd44db45c000e', '2015-09-16 11:58:26', '', '2015-09-16 11:58:26', '-780', 'faf08f184fcf1fdd014fd44867f5000c', '1');
INSERT INTO integral_detail VALUES ('faf08f184fcf1fdd014fd44df06c0011', '2015-09-16 11:58:41', '', '2015-09-16 11:58:41', '-700', 'faf08f184fcf1fdd014fd44867f5000c', '1');
INSERT INTO integral_detail VALUES ('faf08f184fcf1fdd014fd44f713f0014', '2015-09-16 12:00:20', '', '2015-09-16 12:00:20', '-780', 'faf08f184fcf1fdd014fd44867f5000c', '1');
INSERT INTO integral_detail VALUES ('faf08f184fcf1fdd014fd450f7120017', '2015-09-16 12:02:00', '', '2015-09-16 12:02:00', '-780', 'faf08f184fcf1fdd014fd44867f5000c', '1');
INSERT INTO integral_detail VALUES ('faf08f184fcf1fdd014fd4515e02001b', '2015-09-16 12:02:26', '', '2015-09-16 12:02:26', '-780', 'faf08f184fcf1fdd014fd44867f5000c', '1');
INSERT INTO integral_detail VALUES ('faf08f184fcf1fdd014fd451b9ff001e', '2015-09-16 12:02:49', '', '2015-09-16 12:02:49', '-700', 'faf08f184fcf1fdd014fd44867f5000c', '1');
INSERT INTO integral_detail VALUES ('faf08f184fcf1fdd014fd451f7ed0021', '2015-09-16 12:03:05', '', '2015-09-16 12:03:05', '-780', 'faf08f184fcf1fdd014fd44867f5000c', '1');
INSERT INTO integral_detail VALUES ('faf08f184fcf1fdd014fd4524cc30024', '2015-09-16 12:03:27', '', '2015-09-16 12:03:27', '-780', 'faf08f184fcf1fdd014fd44867f5000c', '1');
INSERT INTO integral_detail VALUES ('faf08f184fcf1fdd014fd45718370027', '2015-09-16 12:08:41', '', '2015-09-16 12:08:41', '-780', 'faf08f184fcf1fdd014fd44867f5000c', '1');
INSERT INTO integral_detail VALUES ('faf08f184fcf1fdd014fd458c5ab002a', '2015-09-16 12:10:31', '', '2015-09-16 12:10:31', '-780', 'faf08f184fcf1fdd014fd44867f5000c', '1');
INSERT INTO integral_detail VALUES ('faf08f184fcf1fdd014fd459b899002d', '2015-09-16 12:11:33', '', '2015-09-16 12:11:33', '-780', 'faf08f184fcf1fdd014fd44867f5000c', '1');
INSERT INTO integral_detail VALUES ('faf08f184fcf1fdd014fd459f5920030', '2015-09-16 12:11:49', '', '2015-09-16 12:11:49', '-780', 'faf08f184fcf1fdd014fd44867f5000c', '1');
INSERT INTO integral_detail VALUES ('faf08f184fcf1fdd014fd45a3b6f0033', '2015-09-16 12:12:07', '', '2015-09-16 12:12:07', '-780', 'faf08f184fcf1fdd014fd44867f5000c', '1');
INSERT INTO integral_detail VALUES ('faf08f184fcf1fdd014fd45bc1270036', '2015-09-16 12:13:47', '', '2015-09-16 12:13:47', '-700', 'faf08f184fcf1fdd014fd44867f5000c', '1');
INSERT INTO integral_detail VALUES ('faf08f184fcf1fdd014fd45cd5b00039', '2015-09-16 12:14:57', '', '2015-09-16 12:14:57', '-1000', 'faf08f184fcf1fdd014fd44867f5000c', '1');
INSERT INTO integral_detail VALUES ('faf08f184fcf1fdd014fd45d1f2e003c', '2015-09-16 12:15:16', '', '2015-09-16 12:15:16', '-700', 'faf08f184fcf1fdd014fd44867f5000c', '1');
INSERT INTO integral_detail VALUES ('faf08f184fcf1fdd014fd4661ef4003f', '2015-09-16 12:25:06', '', '2015-09-16 12:25:06', '-780', 'faf08f184fcf1fdd014fd44867f5000c', '1');
INSERT INTO integral_detail VALUES ('faf08f184fcf1fdd014fd4666f860042', '2015-09-16 12:25:27', '', '2015-09-16 12:25:27', '-780', 'faf08f184fcf1fdd014fd44867f5000c', '1');
INSERT INTO integral_detail VALUES ('faf08f184fcf1fdd014fd466ea220045', '2015-09-16 12:25:58', '', '2015-09-16 12:25:58', '-1180', 'faf08f184fcf1fdd014fd44867f5000c', '1');
INSERT INTO integral_detail VALUES ('faf08f184fcf1fdd014fd4672aff0048', '2015-09-16 12:26:15', '', '2015-09-16 12:26:15', '-3480', 'faf08f184fcf1fdd014fd44867f5000c', '1');
INSERT INTO integral_detail VALUES ('faf08f184fcf1fdd014fd4681eac004b', '2015-09-16 12:27:17', '', '2015-09-16 12:27:17', '-1180', 'faf08f184fcf1fdd014fd44867f5000c', '1');
INSERT INTO integral_detail VALUES ('faf08f184fcf1fdd014fd468a06d004e', '2015-09-16 12:27:50', '', '2015-09-16 12:27:50', '-780', 'faf08f184fcf1fdd014fd44867f5000c', '1');
INSERT INTO integral_detail VALUES ('faf08f184fcf1fdd014fd46a92710051', '2015-09-16 12:29:58', '', '2015-09-16 12:29:58', '-780', 'faf08f184fcf1fdd014fd44867f5000c', '1');
INSERT INTO integral_detail VALUES ('faf08f184fd5a3c0014fd9f0a4090004', '2015-09-17 14:14:30', '', '2015-09-17 14:14:30', '-700', 'faf08f184fcf1fdd014fd44867f5000c', '1');
INSERT INTO integral_detail VALUES ('faf08f184fd5a3c0014fd9f154720007', '2015-09-17 14:15:15', '', '2015-09-17 14:15:15', '-1000', 'faf08f184fcf1fdd014fd44867f5000c', '1');
INSERT INTO integral_detail VALUES ('faf08f184fd5a3c0014fd9f23273000a', '2015-09-17 14:16:12', '', '2015-09-17 14:16:12', '-700', 'faf08f184fcf1fdd014fd44867f5000c', '1');
INSERT INTO integral_detail VALUES ('faf08f184fd5a3c0014fd9f29b37000d', '2015-09-17 14:16:39', '', '2015-09-17 14:16:39', '-380', 'faf08f184fcf1fdd014fd44867f5000c', '1');
INSERT INTO integral_detail VALUES ('faf08f184fd5a3c0014fd9f2c3d70010', '2015-09-17 14:16:49', '', '2015-09-17 14:16:49', '-580', 'faf08f184fcf1fdd014fd44867f5000c', '1');
INSERT INTO integral_detail VALUES ('faf08f184fd5a3c0014fd9f37ade0013', '2015-09-17 14:17:36', '', '2015-09-17 14:17:36', '-568', 'faf08f184fcf1fdd014fd44867f5000c', '1');
INSERT INTO integral_detail VALUES ('faf08f184fd5a3c0014fd9f4f2880016', '2015-09-17 14:19:12', '', '2015-09-17 14:19:12', '-700', 'faf08f184fcf1fdd014fd44867f5000c', '1');
INSERT INTO integral_detail VALUES ('faf08f184fd5a3c0014fd9f5b6a40019', '2015-09-17 14:20:03', '', '2015-09-17 14:20:03', '-568', 'faf08f184fcf1fdd014fd44867f5000c', '1');
INSERT INTO integral_detail VALUES ('faf08f184fd5a3c0014fd9f6a829001c', '2015-09-17 14:21:04', '', '2015-09-17 14:21:04', '-780', 'faf08f184fcf1fdd014fd44867f5000c', '1');
INSERT INTO integral_detail VALUES ('faf08f184fd5a3c0014fd9f78dc7001f', '2015-09-17 14:22:03', '', '2015-09-17 14:22:03', '-1180', 'faf08f184fcf1fdd014fd44867f5000c', '1');
INSERT INTO integral_detail VALUES ('faf08f184fd5a3c0014fd9f7df8c0023', '2015-09-17 14:22:24', '', '2015-09-17 14:22:24', '-568', 'faf08f184fcf1fdd014fd44867f5000c', '1');
INSERT INTO integral_detail VALUES ('faf08f184fd5a3c0014fd9f82a960026', '2015-09-17 14:22:43', '', '2015-09-17 14:22:43', '-380', 'faf08f184fcf1fdd014fd44867f5000c', '1');
INSERT INTO integral_detail VALUES ('faf08f184fd5a3c0014fd9f8bb500029', '2015-09-17 14:23:20', '', '2015-09-17 14:23:20', '-380', 'faf08f184fcf1fdd014fd44867f5000c', '1');
INSERT INTO integral_detail VALUES ('faf08f184fd5a3c0014fde4c5675002c', '2015-09-18 10:33:08', '', '2015-09-18 10:33:08', '-700', 'faf08f184fcf1fdd014fd44867f5000c', '1');
INSERT INTO integral_detail VALUES ('faf08f184fd5a3c0014fde4d488a002f', '2015-09-18 10:34:10', '', '2015-09-18 10:34:10', '-3480', 'faf08f184fcf1fdd014fd44867f5000c', '1');

-- ----------------------------
-- Table structure for `integral_order`
-- ----------------------------
DROP TABLE IF EXISTS `integral_order`;
CREATE TABLE `integral_order` (
  `id` varchar(255) NOT NULL,
  `create_time` datetime DEFAULT NULL,
  `deleted` bit(1) NOT NULL,
  `update_time` datetime DEFAULT NULL,
  `order_date` datetime DEFAULT NULL,
  `order_no` varchar(255) DEFAULT NULL,
  `status` varchar(255) DEFAULT NULL,
  `user` varchar(255) DEFAULT NULL,
  `address_id` varchar(255) DEFAULT NULL,
  `shop` varchar(255) DEFAULT NULL,
  PRIMARY KEY (`id`),
  KEY `FK_tci8j3sandpacflut5rot7ofn` (`user`),
  KEY `FK_j7kpchvhrqkn0ncc4nh0fe5vo` (`shop`),
  CONSTRAINT `FK_tci8j3sandpacflut5rot7ofn` FOREIGN KEY (`user`) REFERENCES `jefen`.`userinfo` (`id`)
) ENGINE=InnoDB DEFAULT CHARSET=utf8;

-- ----------------------------
-- Records of integral_order
-- ----------------------------
INSERT INTO integral_order VALUES ('faf08f184fcf1fdd014fd07ea32a0006', '2015-09-15 18:13:24', '', '2015-09-15 18:13:24', '2015-09-15 18:13:24', '4b8b9c80fe3b437e8ce0bf11bbcb17fc', '00', 'faf08f184e438dab014e4d84cc300103', null, 'faf08f184faafe6b014fb04be1fd016a');
INSERT INTO integral_order VALUES ('faf08f184fcf1fdd014fd07eba810009', '2015-09-15 18:13:30', '', '2015-09-15 18:13:30', '2015-09-15 18:13:30', '76b8cd6e92064297b7eb140f2bc674d3', '00', 'faf08f184e438dab014e4d84cc300103', null, 'faf08f184fb13015014fb143cc1c0019');
INSERT INTO integral_order VALUES ('faf08f184fcf1fdd014fd44db45f000f', '2015-09-16 11:58:26', '', '2015-09-16 11:58:26', '2015-09-16 11:58:26', 'a92626ed19b041ab9bfc0069d86e3023', '10', 'faf08f184fd366a3014fd446be92001c', 'faf08f184fd366a3014fd4494852001e', 'faf08f184f69691e014f698429e3000d');
INSERT INTO integral_order VALUES ('faf08f184fcf1fdd014fd44df06e0012', '2015-09-16 11:58:41', '', '2015-09-16 11:58:41', '2015-09-16 11:58:41', 'cfcd747e83424fb08d2baa549a66bd4f', '00', 'faf08f184fd366a3014fd446be92001c', null, 'faf08f184faafe6b014fb04be1fd016a');
INSERT INTO integral_order VALUES ('faf08f184fcf1fdd014fd44f71420015', '2015-09-16 12:00:20', '', '2015-09-16 12:00:20', '2015-09-16 12:00:20', '7785c80e6b3e461288b3e2957750c6bb', '10', 'faf08f184fd366a3014fd446be92001c', 'faf08f184fd366a3014fd4494852001e', 'faf08f184f69691e014f698429e3000d');
INSERT INTO integral_order VALUES ('faf08f184fcf1fdd014fd450f7160018', '2015-09-16 12:02:00', '', '2015-09-16 12:02:00', '2015-09-16 12:02:00', '9e884fc56feb451f9f4b02dc18d88b74', '10', 'faf08f184fd366a3014fd446be92001c', 'faf08f184fd366a3014fd4494852001e', 'faf08f184f69691e014f698429e3000d');
INSERT INTO integral_order VALUES ('faf08f184fcf1fdd014fd4515e05001c', '2015-09-16 12:02:26', '', '2015-09-16 12:02:26', '2015-09-16 12:02:26', 'bc6d3565c9f847f8a5dc5144b8bd3a58', '10', 'faf08f184fd366a3014fd446be92001c', 'faf08f184fd366a3014fd4494852001e', 'faf08f184f69691e014f698429e3000d');
INSERT INTO integral_order VALUES ('faf08f184fcf1fdd014fd451ba01001f', '2015-09-16 12:02:49', '', '2015-09-16 12:02:49', '2015-09-16 12:02:49', 'da076c9295914a788025bf8992cbd1c5', '00', 'faf08f184fd366a3014fd446be92001c', null, 'faf08f184faafe6b014fb04be1fd016a');
INSERT INTO integral_order VALUES ('faf08f184fcf1fdd014fd451f7f00022', '2015-09-16 12:03:05', '', '2015-09-16 12:03:05', '2015-09-16 12:03:05', '7e1f0b647d8246cc872cb53748f83ca4', '10', 'faf08f184fd366a3014fd446be92001c', 'faf08f184fd366a3014fd4494852001e', 'faf08f184f69691e014f698429e3000d');
INSERT INTO integral_order VALUES ('faf08f184fcf1fdd014fd4524cc60025', '2015-09-16 12:03:27', '', '2015-09-16 12:03:27', '2015-09-16 12:03:27', 'ac3c7691038549359efcff5c7f8d1f87', '10', 'faf08f184fd366a3014fd446be92001c', 'faf08f184fd366a3014fd4494852001e', 'faf08f184f69691e014f698429e3000d');
INSERT INTO integral_order VALUES ('faf08f184fcf1fdd014fd457183a0028', '2015-09-16 12:08:41', '', '2015-09-16 12:08:41', '2015-09-16 12:08:41', '3ae79c597fc845689291f79bb3ea5387', '10', 'faf08f184fd366a3014fd446be92001c', 'faf08f184fd366a3014fd4494852001e', 'faf08f184f69691e014f698429e3000d');
INSERT INTO integral_order VALUES ('faf08f184fcf1fdd014fd458c5ad002b', '2015-09-16 12:10:31', '', '2015-09-16 12:10:31', '2015-09-16 12:10:31', '7b71ddac91d5476e85d355936b75a036', '10', 'faf08f184fd366a3014fd446be92001c', 'faf08f184fd366a3014fd4494852001e', 'faf08f184f69691e014f698429e3000d');
INSERT INTO integral_order VALUES ('faf08f184fcf1fdd014fd459b89b002e', '2015-09-16 12:11:33', '', '2015-09-16 12:11:33', '2015-09-16 12:11:33', '247206bbbd304a3297b8e8e41c884b1b', '10', 'faf08f184fd366a3014fd446be92001c', 'faf08f184fd366a3014fd4494852001e', 'faf08f184f69691e014f698429e3000d');
INSERT INTO integral_order VALUES ('faf08f184fcf1fdd014fd459f5950031', '2015-09-16 12:11:49', '', '2015-09-16 12:11:49', '2015-09-16 12:11:49', 'd842350a2949425e95877a6f62b04f28', '10', 'faf08f184fd366a3014fd446be92001c', 'faf08f184fd366a3014fd4494852001e', 'faf08f184f69691e014f698429e3000d');
INSERT INTO integral_order VALUES ('faf08f184fcf1fdd014fd45a3b720034', '2015-09-16 12:12:07', '', '2015-09-16 12:12:07', '2015-09-16 12:12:07', '45f7f8019428438c986d0018e3ee773e', '10', 'faf08f184fd366a3014fd446be92001c', 'faf08f184fd366a3014fd4494852001e', 'faf08f184f69691e014f698429e3000d');
INSERT INTO integral_order VALUES ('faf08f184fcf1fdd014fd45bc12a0037', '2015-09-16 12:13:47', '', '2015-09-16 12:13:47', '2015-09-16 12:13:47', '1e7dd83ae65c42e8b3529c7e8c52e548', '00', 'faf08f184fd366a3014fd446be92001c', null, 'faf08f184faafe6b014fb04be1fd016a');
INSERT INTO integral_order VALUES ('faf08f184fcf1fdd014fd45cd5b2003a', '2015-09-16 12:14:57', '', '2015-09-16 12:14:57', '2015-09-16 12:14:57', '49258c1e7b144ee894df04167a13e65b', '00', 'faf08f184fd366a3014fd446be92001c', null, 'faf08f184fb13015014fb143cc1c0019');
INSERT INTO integral_order VALUES ('faf08f184fcf1fdd014fd45d1f30003d', '2015-09-16 12:15:16', '', '2015-09-16 12:15:16', '2015-09-16 12:15:16', 'd58058c9cfe54a728512044e03f4208e', '01', 'faf08f184fd366a3014fd446be92001c', null, 'faf08f184faafe6b014fb04be1fd016a');
INSERT INTO integral_order VALUES ('faf08f184fcf1fdd014fd4661ef70040', '2015-09-16 12:25:06', '', '2015-09-16 12:25:06', '2015-09-16 12:25:06', '92276b00d2544313b1e921cb85f75630', '10', 'faf08f184fd366a3014fd446be92001c', 'faf08f184fd366a3014fd4494852001e', 'faf08f184f69691e014f698429e3000d');
INSERT INTO integral_order VALUES ('faf08f184fcf1fdd014fd4666f880043', '2015-09-16 12:25:27', '', '2015-09-16 12:25:27', '2015-09-16 12:25:27', '89e132a4356a4977b64b7ce776dde467', '10', 'faf08f184fd366a3014fd446be92001c', 'faf08f184fd366a3014fd4494852001e', 'faf08f184f69691e014f698429e3000d');
INSERT INTO integral_order VALUES ('faf08f184fcf1fdd014fd466ea240046', '2015-09-16 12:25:58', '', '2015-09-16 12:25:58', '2015-09-16 12:25:58', 'b3aab9353dd4492e9120a65aaf0372e8', '10', 'faf08f184fd366a3014fd446be92001c', 'faf08f184fd366a3014fd4494852001e', 'faf08f184f69691e014f698429e3000d');
INSERT INTO integral_order VALUES ('faf08f184fcf1fdd014fd4672b020049', '2015-09-16 12:26:15', '', '2015-09-16 12:26:15', '2015-09-16 12:26:15', '5c7ca5b423ba4160bf5ca30293248072', '10', 'faf08f184fd366a3014fd446be92001c', 'faf08f184fd366a3014fd4494852001e', 'faf08f184f69691e014f698429e3000d');
INSERT INTO integral_order VALUES ('faf08f184fcf1fdd014fd4681eaf004c', '2015-09-16 12:27:17', '', '2015-09-16 12:27:17', '2015-09-16 12:27:17', '8e2ae40842784f5ea9764afecc514a6b', '10', 'faf08f184fd366a3014fd446be92001c', 'faf08f184fd366a3014fd4494852001e', 'faf08f184f69691e014f698429e3000d');
INSERT INTO integral_order VALUES ('faf08f184fcf1fdd014fd468a070004f', '2015-09-16 12:27:50', '', '2015-09-16 12:27:50', '2015-09-16 12:27:50', 'bd5d6b0a55b44856895e87c4fe0d2f76', '10', 'faf08f184fd366a3014fd446be92001c', 'faf08f184fd366a3014fd4494852001e', 'faf08f184f69691e014f698429e3000d');
INSERT INTO integral_order VALUES ('faf08f184fcf1fdd014fd46a92740052', '2015-09-16 12:29:58', '', '2015-09-16 12:29:58', '2015-09-16 12:29:58', 'd387022b60aa44faabd5795b97730920', '10', 'faf08f184fd366a3014fd446be92001c', 'faf08f184fd366a3014fd4494852001e', 'faf08f184f69691e014f698429e3000d');
INSERT INTO integral_order VALUES ('faf08f184fd5a3c0014fd9f0a40e0005', '2015-09-17 14:14:30', '', '2015-09-17 14:14:30', '2015-09-17 14:14:30', '15c4994e6c56409e8e0e1ea6135ad403', '00', 'faf08f184fd366a3014fd446be92001c', null, 'faf08f184faafe6b014fb04be1fd016a');
INSERT INTO integral_order VALUES ('faf08f184fd5a3c0014fd9f154740008', '2015-09-17 14:15:15', '', '2015-09-17 14:15:15', '2015-09-17 14:15:15', 'e9f1483e9b394fedb01689aef7eef19e', '00', 'faf08f184fd366a3014fd446be92001c', null, 'faf08f184fb13015014fb143cc1c0019');
INSERT INTO integral_order VALUES ('faf08f184fd5a3c0014fd9f23276000b', '2015-09-17 14:16:12', '', '2015-09-17 14:16:12', '2015-09-17 14:16:12', 'e3373695cbe049469ce75282cc70aa38', '00', 'faf08f184fd366a3014fd446be92001c', null, 'faf08f184faafe6b014fb04be1fd016a');
INSERT INTO integral_order VALUES ('faf08f184fd5a3c0014fd9f29b39000e', '2015-09-17 14:16:39', '', '2015-09-17 14:16:39', '2015-09-17 14:16:39', '24e8c140d0514a199a48dadb87a6fa8c', '00', 'faf08f184fd366a3014fd446be92001c', null, 'faf08f184fcf1fdd014fd4c92a840055');
INSERT INTO integral_order VALUES ('faf08f184fd5a3c0014fd9f2c3d90011', '2015-09-17 14:16:49', '', '2015-09-17 14:16:49', '2015-09-17 14:16:49', '2c60d4ab1bcc4c4e9385222cef270511', '00', 'faf08f184fd366a3014fd446be92001c', null, 'faf08f184fcf1fdd014fd4c92a840055');
INSERT INTO integral_order VALUES ('faf08f184fd5a3c0014fd9f37ae20014', '2015-09-17 14:17:36', '', '2015-09-17 14:17:36', '2015-09-17 14:17:36', '2cdb0efcc6194783a98c48318e443e5c', '00', 'faf08f184fd366a3014fd446be92001c', null, 'faf08f184fcf1fdd014fd4c92a840055');
INSERT INTO integral_order VALUES ('faf08f184fd5a3c0014fd9f4f28b0017', '2015-09-17 14:19:12', '', '2015-09-17 14:19:12', '2015-09-17 14:19:12', 'e6584b6c7ef04e978c68f020acb3613a', '00', 'faf08f184fd366a3014fd446be92001c', null, 'faf08f184faafe6b014fb04be1fd016a');
INSERT INTO integral_order VALUES ('faf08f184fd5a3c0014fd9f5b6a7001a', '2015-09-17 14:20:03', '', '2015-09-17 14:20:03', '2015-09-17 14:20:03', '330a587b27a2417a955bd77958a04971', '00', 'faf08f184fd366a3014fd446be92001c', null, 'faf08f184fcf1fdd014fd4c92a840055');
INSERT INTO integral_order VALUES ('faf08f184fd5a3c0014fd9f6a82c001d', '2015-09-17 14:21:04', '', '2015-09-17 14:21:04', '2015-09-17 14:21:04', '415419f470734f60b1d2251afff6a80d', '10', 'faf08f184fd366a3014fd446be92001c', 'faf08f184fd366a3014fd4494852001e', 'faf08f184f69691e014f698429e3000d');
INSERT INTO integral_order VALUES ('faf08f184fd5a3c0014fd9f78dca0020', '2015-09-17 14:22:03', '', '2015-09-17 14:22:03', '2015-09-17 14:22:03', '0a8dc4b945494dafb2500aeeef5ad36e', '10', 'faf08f184fd366a3014fd446be92001c', 'faf08f184fd366a3014fd4494852001e', 'faf08f184f69691e014f698429e3000d');
INSERT INTO integral_order VALUES ('faf08f184fd5a3c0014fd9f7df8e0024', '2015-09-17 14:22:24', '', '2015-09-17 14:22:24', '2015-09-17 14:22:24', '7597b061bbb84361aa32b9c321f9d27d', '00', 'faf08f184fd366a3014fd446be92001c', null, 'faf08f184fcf1fdd014fd4c92a840055');
INSERT INTO integral_order VALUES ('faf08f184fd5a3c0014fd9f82a980027', '2015-09-17 14:22:43', '', '2015-09-17 14:22:43', '2015-09-17 14:22:43', '2d4e9bb474db425f9a892dd2a32daa32', '00', 'faf08f184fd366a3014fd446be92001c', null, 'faf08f184fcf1fdd014fd4c92a840055');
INSERT INTO integral_order VALUES ('faf08f184fd5a3c0014fd9f8bb52002a', '2015-09-17 14:23:20', '', '2015-09-17 14:23:20', '2015-09-17 14:23:20', '33d772dc063b4b0581d88a1365728449', '00', 'faf08f184fd366a3014fd446be92001c', null, 'faf08f184fcf1fdd014fd4c92a840055');
INSERT INTO integral_order VALUES ('faf08f184fd5a3c0014fde4c5677002d', '2015-09-18 10:33:08', '', '2015-09-18 10:33:08', '2015-09-18 10:33:08', '322229caec7f4de4a6a02c9461833d54', '00', 'faf08f184fd366a3014fd446be92001c', null, 'faf08f184faafe6b014fb04be1fd016a');
INSERT INTO integral_order VALUES ('faf08f184fd5a3c0014fde4d488c0030', '2015-09-18 10:34:10', '', '2015-09-18 10:34:10', '2015-09-18 10:34:10', '9ca61a91621b4d1ea9fbf8163b275c2c', '10', 'faf08f184fd366a3014fd446be92001c', 'faf08f184fd366a3014fd4494852001e', 'faf08f184f69691e014f698429e3000d');

-- ----------------------------
-- Table structure for `medias`
-- ----------------------------
DROP TABLE IF EXISTS `medias`;
CREATE TABLE `medias` (
  `id` varchar(255) NOT NULL,
  `create_time` datetime DEFAULT NULL,
  `deleted` bit(1) NOT NULL,
  `update_time` datetime DEFAULT NULL,
  `content_type` varchar(255) DEFAULT NULL,
  `file_name` varchar(255) DEFAULT NULL,
  `file_size` bigint(20) DEFAULT NULL,
  `origin_file_name` varchar(255) DEFAULT NULL,
  `path` varchar(255) DEFAULT NULL,
  `remark` varchar(255) DEFAULT NULL,
  `server_address` varchar(255) DEFAULT NULL,
  `server_name` varchar(255) DEFAULT NULL,
  PRIMARY KEY (`id`)
) ENGINE=InnoDB DEFAULT CHARSET=utf8;

-- ----------------------------
-- Records of medias
-- ----------------------------
INSERT INTO medias VALUES ('faf08f184efba4cb014efbaa6c9e0000', '2015-08-05 10:22:06', '', '2015-08-05 10:22:06', 'image/jpeg', '678b276a-5528-432b-b894-0f5e3a80e7bf.jpg', '43257', '20110722164343_SzYdV.thumb.600_0.jpg', '/resources/image/678b276a-5528-432b-b894-0f5e3a80e7bf.jpg', null, 'http://www.doublev2v.com/integralmall', 'localhost');
INSERT INTO medias VALUES ('faf08f184efba4cb014efbaab5750002', '2015-08-05 10:22:25', '', '2015-08-05 10:22:25', 'image/jpeg', '0b8215c8-1a09-458c-b2e2-67d5fbc60d70.jpg', '52471', '3181141_233425002_2.jpg', '/resources/image/0b8215c8-1a09-458c-b2e2-67d5fbc60d70.jpg', null, 'http://www.doublev2v.com/integralmall', 'localhost');
INSERT INTO medias VALUES ('faf08f184efba4cb014efbab1e840004', '2015-08-05 10:22:52', '', '2015-08-05 10:22:52', 'image/jpeg', 'e27a0e01-e220-4668-993f-535667f61c1e.jpg', '7197', '123.jpg', '/resources/image/e27a0e01-e220-4668-993f-535667f61c1e.jpg', null, 'http://www.doublev2v.com/integralmall', 'localhost');
INSERT INTO medias VALUES ('faf08f184efba4cb014efbab5c780007', '2015-08-05 10:23:08', '', '2015-08-05 10:23:08', 'image/jpeg', 'ca13010e-812d-489f-a6f7-8050b890333a.jpg', '15751', '1-140H6103113.jpg', '/resources/image/ca13010e-812d-489f-a6f7-8050b890333a.jpg', null, 'http://www.doublev2v.com/integralmall', 'localhost');
INSERT INTO medias VALUES ('faf08f184efba4cb014efbab9ffd0009', '2015-08-05 10:23:25', '', '2015-08-05 10:23:25', 'image/jpeg', '41979013-4485-4102-8dc6-530d3d6a027e.jpg', '67926', 'f1ae46b3-a062-41ef-b7df-15fe20ac68b4.jpg', '/resources/image/41979013-4485-4102-8dc6-530d3d6a027e.jpg', null, 'http://www.doublev2v.com/integralmall', 'localhost');
INSERT INTO medias VALUES ('faf08f184efba4cb014efbabf510000c', '2015-08-05 10:23:47', '', '2015-08-05 10:23:47', 'image/jpeg', '10191485-3147-465d-a2c7-afe288677d4c.jpg', '7197', '123.jpg', '/resources/image/10191485-3147-465d-a2c7-afe288677d4c.jpg', null, 'http://www.doublev2v.com/integralmall', 'localhost');
INSERT INTO medias VALUES ('faf08f184efba4cb014efbac81e6000f', '2015-08-05 10:24:23', '', '2015-08-05 10:24:23', 'image/jpeg', '21afe45c-59e4-4fa6-b0fc-23fcfe25f2af.jpg', '8069', 'u=1061909903,1693641070&fm=21&gp=0.jpg', '/resources/image/21afe45c-59e4-4fa6-b0fc-23fcfe25f2af.jpg', null, 'http://www.doublev2v.com/integralmall', 'localhost');
INSERT INTO medias VALUES ('faf08f184f2bb57e014f2bb699e00000', '2015-08-14 18:17:11', '', '2015-08-14 18:17:11', 'image/jpeg', '3518f44b-d448-4346-b321-7c183533a2f4.jpg', '7197', '123.jpg', '/resources/image/3518f44b-d448-4346-b321-7c183533a2f4.jpg', null, 'http://www.doublev2v.com/integralmall', '122.112.15.152');
INSERT INTO medias VALUES ('faf08f184f3ec63f014f3fb49b980000', '2015-08-18 15:27:25', '', '2015-08-18 15:27:25', 'image/jpeg', '37c613ce-f074-4884-a720-ef25223be785.jpg', '43257', '20110722164343_SzYdV.thumb.600_0.jpg', '/resources/image/37c613ce-f074-4884-a720-ef25223be785.jpg', null, 'http://www.doublev2v.com/integralmall', '122.112.15.152');
INSERT INTO medias VALUES ('faf08f184f43f1fb014f442425f3003f', '2015-08-19 12:07:43', '', '2015-08-19 12:07:43', 'image/jpeg', '7816690d-0d79-407f-9418-1ddd7000efe3.jpg', '23727', '1576296051.jpg', '/resources/image/7816690d-0d79-407f-9418-1ddd7000efe3.jpg', null, 'http://www.doublev2v.com/integralmall', '122.112.15.152');
INSERT INTO medias VALUES ('faf08f184f43f1fb014f44263e650042', '2015-08-19 12:10:01', '', '2015-08-19 12:10:01', 'image/jpeg', '9d82c2f9-329c-41b6-ae6c-5897932d8601.jpg', '6568', '5019d66eef7ed_200x200_3.jpg', '/resources/image/9d82c2f9-329c-41b6-ae6c-5897932d8601.jpg', null, 'http://www.doublev2v.com/integralmall', '122.112.15.152');
INSERT INTO medias VALUES ('faf08f184f4a77e7014f4a88d3d20004', '2015-08-20 17:55:25', '', '2015-08-20 17:55:25', 'image/jpeg', '5f36cb46-be4f-40a7-8fec-a6eec18647f3.jpg', '7197', '123.jpg', '/resources/image/5f36cb46-be4f-40a7-8fec-a6eec18647f3.jpg', null, 'http://www.doublev2v.com/integralmall', '122.112.15.152');
INSERT INTO medias VALUES ('faf08f184f4a77e7014f4a8b45b60007', '2015-08-20 17:58:05', '', '2015-08-20 17:58:05', 'image/jpeg', '56ec9cb9-845b-4e12-9be9-f50f1f05771c.jpg', '8069', 'u=1061909903,1693641070&fm=21&gp=0.jpg', '/resources/image/56ec9cb9-845b-4e12-9be9-f50f1f05771c.jpg', null, 'http://www.doublev2v.com/integralmall', '122.112.15.152');
INSERT INTO medias VALUES ('faf08f184f69691e014f698429c3000c', '2015-08-26 18:18:33', '', '2015-08-26 18:18:33', 'image/jpeg', 'b7cbd311-c432-4ced-a66b-bfb9eb1653c4.jpg', '6568', '5019d66eef7ed_200x200_3.jpg', '/resources/image/b7cbd311-c432-4ced-a66b-bfb9eb1653c4.jpg', null, 'http://www.doublev2v.com/integralmall', '122.112.15.152');
INSERT INTO medias VALUES ('faf08f184fa58458014fa5bf9c92000a', '2015-09-07 11:00:42', '', '2015-09-07 11:00:42', 'image/jpeg', '2aec449b-3a00-4564-bc93-8ed7959a7cbd.jpg', '6568', '5019d66eef7ed_200x200_3.jpg', '/resources/image/2aec449b-3a00-4564-bc93-8ed7959a7cbd.jpg', null, 'http://www.doublev2v.com/integralmall', '122.112.15.152');
INSERT INTO medias VALUES ('faf08f184fa58458014fa5c22d5f000e', '2015-09-07 11:03:30', '', '2015-09-07 11:03:30', 'image/jpeg', 'd7975068-4242-4749-97bf-3b9100b9067a.jpg', '23727', '1576296051.jpg', '/resources/image/d7975068-4242-4749-97bf-3b9100b9067a.jpg', null, 'http://www.doublev2v.com/integralmall', '122.112.15.152');
INSERT INTO medias VALUES ('faf08f184fa58458014fa5c2f43c0014', '2015-09-07 11:04:21', '', '2015-09-07 11:04:21', 'image/jpeg', '22f3c650-cd44-41a0-a3b0-6256c12a64b1.jpg', '8069', 'u=1061909903,1693641070&fm=21&gp=0.jpg', '/resources/image/22f3c650-cd44-41a0-a3b0-6256c12a64b1.jpg', null, 'http://www.doublev2v.com/integralmall', '122.112.15.152');
INSERT INTO medias VALUES ('faf08f184fa58458014fa5c953f20018', '2015-09-07 11:11:19', '', '2015-09-07 11:11:19', 'image/jpeg', 'fdb7a3ad-b02c-46ef-9301-08f26abebd87.jpg', '52471', '3181141_233425002_2.jpg', '/resources/image/fdb7a3ad-b02c-46ef-9301-08f26abebd87.jpg', null, 'http://www.doublev2v.com/integralmall', '122.112.15.152');
INSERT INTO medias VALUES ('faf08f184fa58458014fa5cb3ff5001c', '2015-09-07 11:13:24', '', '2015-09-07 11:13:24', 'image/jpeg', '1362133e-ea9c-4b49-8192-a4a2fc849ee1.jpg', '43257', '20110722164343_SzYdV.thumb.600_0.jpg', '/resources/image/1362133e-ea9c-4b49-8192-a4a2fc849ee1.jpg', null, 'http://www.doublev2v.com/integralmall', '122.112.15.152');
INSERT INTO medias VALUES ('faf08f184faacc80014faad0547b0000', '2015-09-08 10:37:03', '', '2015-09-08 10:37:03', 'image/jpeg', 'e2d459e0-0c38-43c7-afad-d319e1f2b23d.jpg', '346627', '37a.jpg', '/resources/image/e2d459e0-0c38-43c7-afad-d319e1f2b23d.jpg', null, 'http://www.doublev2v.com/integralmall', '122.112.15.152');
INSERT INTO medias VALUES ('faf08f184faacc80014faad054960001', '2015-09-08 10:37:04', '', '2015-09-08 10:37:04', 'image/jpeg', '3fcb965f-3fb8-43a4-9c37-0e963f01c628.jpg', '178890', '102T3J63-4.jpg', '/resources/image/3fcb965f-3fb8-43a4-9c37-0e963f01c628.jpg', null, 'http://www.doublev2v.com/integralmall', '122.112.15.152');
INSERT INTO medias VALUES ('faf08f184faacc80014faad12d710002', '2015-09-08 10:37:59', '', '2015-09-08 10:37:59', 'image/jpeg', '930d309a-78d9-46c1-9fa9-143fbaa0ce9e.jpg', '19542', '015130.69385977_500.jpg', '/resources/image/930d309a-78d9-46c1-9fa9-143fbaa0ce9e.jpg', null, 'http://www.doublev2v.com/integralmall', '122.112.15.152');
INSERT INTO medias VALUES ('faf08f184faacc80014faad1bcbc0003', '2015-09-08 10:38:36', '', '2015-09-08 10:38:36', 'image/jpeg', 'aef97ba7-6cd5-490a-a9bb-74e6aebf85af.jpg', '19542', '015130.69385977_500.jpg', '/resources/image/aef97ba7-6cd5-490a-a9bb-74e6aebf85af.jpg', null, 'http://www.doublev2v.com/integralmall', '122.112.15.152');
INSERT INTO medias VALUES ('faf08f184faacc80014faad240ff0004', '2015-09-08 10:39:10', '', '2015-09-08 10:39:10', 'image/jpeg', '892d0da3-07cd-48be-90d4-42980a518dd2.jpg', '7197', '123.jpg', '/resources/image/892d0da3-07cd-48be-90d4-42980a518dd2.jpg', null, 'http://www.doublev2v.com/integralmall', '122.112.15.152');
INSERT INTO medias VALUES ('faf08f184faacc80014faad241000005', '2015-09-08 10:39:10', '', '2015-09-08 10:39:10', 'image/jpeg', '965f18f9-c8f2-4e6a-a492-2b92ab0a7950.jpg', '178890', '102T3J63-4.jpg', '/resources/image/965f18f9-c8f2-4e6a-a492-2b92ab0a7950.jpg', null, 'http://www.doublev2v.com/integralmall', '122.112.15.152');
INSERT INTO medias VALUES ('faf08f184faacc80014faad370be0007', '2015-09-08 10:40:27', '', '2015-09-08 10:40:27', 'image/jpeg', 'e2747d41-6716-46f3-8921-e459dea86c44.jpg', '6568', '5019d66eef7ed_200x200_3.jpg', '/resources/image/e2747d41-6716-46f3-8921-e459dea86c44.jpg', null, 'http://www.doublev2v.com/integralmall', '122.112.15.152');
INSERT INTO medias VALUES ('faf08f184faacc80014faad370bf0008', '2015-09-08 10:40:27', '', '2015-09-08 10:40:27', 'image/jpeg', 'b4c0d216-7f66-4b21-967a-6e15166c4589.jpeg', '78582', 'fdaef1ea2eea7ff3d539c904.jpeg', '/resources/image/b4c0d216-7f66-4b21-967a-6e15166c4589.jpeg', null, 'http://www.doublev2v.com/integralmall', '122.112.15.152');
INSERT INTO medias VALUES ('faf08f184faacc80014faad449510009', '2015-09-08 10:41:23', '', '2015-09-08 10:41:23', 'image/jpeg', '4ba6f89e-6fbf-4c87-b39a-236b556312fd.jpg', '8069', 'u=1061909903,1693641070&fm=21&gp=0.jpg', '/resources/image/4ba6f89e-6fbf-4c87-b39a-236b556312fd.jpg', null, 'http://www.doublev2v.com/integralmall', '122.112.15.152');
INSERT INTO medias VALUES ('faf08f184faacc80014faad44953000a', '2015-09-08 10:41:23', '', '2015-09-08 10:41:23', 'image/jpeg', '199cccef-385f-4402-95ac-6dcd689b3652.jpg', '60019', 'b3cb16ce823c6e311c1f50279abe1cc5.jpg', '/resources/image/199cccef-385f-4402-95ac-6dcd689b3652.jpg', null, 'http://www.doublev2v.com/integralmall', '122.112.15.152');
INSERT INTO medias VALUES ('faf08f184faacc80014faad4f193000c', '2015-09-08 10:42:06', '', '2015-09-08 10:42:06', 'image/jpeg', '1e0c20df-8468-4084-be04-e05b1ef47d0d.jpg', '178890', '102T3J63-4.jpg', '/resources/image/1e0c20df-8468-4084-be04-e05b1ef47d0d.jpg', null, 'http://www.doublev2v.com/integralmall', '122.112.15.152');
INSERT INTO medias VALUES ('faf08f184faacc80014faad57af5000d', '2015-09-08 10:42:41', '', '2015-09-08 10:42:41', 'image/jpeg', 'e2b34924-dcf5-4c94-9105-be1e5f681a52.jpg', '15751', '1-140H6103113.jpg', '/resources/image/e2b34924-dcf5-4c94-9105-be1e5f681a52.jpg', null, 'http://www.doublev2v.com/integralmall', '122.112.15.152');
INSERT INTO medias VALUES ('faf08f184faacc80014faad57af6000e', '2015-09-08 10:42:41', '', '2015-09-08 10:42:41', 'image/jpeg', 'acb9ccbc-46cb-428e-acbc-ae58aed6ef5b.jpg', '60019', 'b3cb16ce823c6e311c1f50279abe1cc5.jpg', '/resources/image/acb9ccbc-46cb-428e-acbc-ae58aed6ef5b.jpg', null, 'http://www.doublev2v.com/integralmall', '122.112.15.152');
INSERT INTO medias VALUES ('faf08f184faacc80014faad5cfe3000f', '2015-09-08 10:43:03', '', '2015-09-08 10:43:03', 'image/jpeg', '4b61f2c5-3cce-4d9e-8b62-1a07f31bcaae.jpg', '178890', '102T3J63-4.jpg', '/resources/image/4b61f2c5-3cce-4d9e-8b62-1a07f31bcaae.jpg', null, 'http://www.doublev2v.com/integralmall', '122.112.15.152');
INSERT INTO medias VALUES ('faf08f184faacc80014faad68d750010', '2015-09-08 10:43:51', '', '2015-09-08 10:43:51', 'image/jpeg', '51eac8ba-9d5d-499d-9107-467b121ddc6d.jpeg', '78582', 'fdaef1ea2eea7ff3d539c904.jpeg', '/resources/image/51eac8ba-9d5d-499d-9107-467b121ddc6d.jpeg', null, 'http://www.doublev2v.com/integralmall', '122.112.15.152');
INSERT INTO medias VALUES ('faf08f184faadb33014faadbba5e0000', '2015-09-08 10:49:30', '', '2015-09-08 10:49:30', 'image/jpeg', '67caf549-a841-4cae-b89c-0a62968c7843.jpg', '346627', '37a.jpg', '/resources/image/67caf549-a841-4cae-b89c-0a62968c7843.jpg', null, 'http://www.doublev2v.com/integralmall', '122.112.15.152');
INSERT INTO medias VALUES ('faf08f184faadb33014faadbe9360001', '2015-09-08 10:49:42', '', '2015-09-08 10:49:42', 'image/jpeg', '337f884d-c03b-464d-8d78-19d9405ff88e.jpeg', '92100', '20140319211347_QYst5.jpeg', '/resources/image/337f884d-c03b-464d-8d78-19d9405ff88e.jpeg', null, 'http://www.doublev2v.com/integralmall', '122.112.15.152');
INSERT INTO medias VALUES ('faf08f184faadb33014faadc1b140002', '2015-09-08 10:49:55', '', '2015-09-08 10:49:55', 'image/jpeg', '01c76cbc-2575-46e7-81e6-6585c9132989.jpg', '178890', '102T3J63-4.jpg', '/resources/image/01c76cbc-2575-46e7-81e6-6585c9132989.jpg', null, 'http://www.doublev2v.com/integralmall', '122.112.15.152');
INSERT INTO medias VALUES ('faf08f184faadb33014faadc460c0003', '2015-09-08 10:50:06', '', '2015-09-08 10:50:06', 'image/jpeg', 'e02afe1c-b315-4bfe-b4af-382bb71c6385.jpg', '19542', '015130.69385977_500.jpg', '/resources/image/e02afe1c-b315-4bfe-b4af-382bb71c6385.jpg', null, 'http://www.doublev2v.com/integralmall', '122.112.15.152');
INSERT INTO medias VALUES ('faf08f184faadb33014faadc6cf50004', '2015-09-08 10:50:16', '', '2015-09-08 10:50:16', 'image/jpeg', 'b2d34406-8ca8-4c0d-88fe-ee505f752f7c.jpeg', '78582', 'fdaef1ea2eea7ff3d539c904.jpeg', '/resources/image/b2d34406-8ca8-4c0d-88fe-ee505f752f7c.jpeg', null, 'http://www.doublev2v.com/integralmall', '122.112.15.152');
INSERT INTO medias VALUES ('faf08f184faadb33014faae31c510005', '2015-09-08 10:57:34', '', '2015-09-08 10:57:34', 'image/jpeg', 'e1fea2ec-ace8-4e58-a2eb-a542d4abe30f.jpg', '215337', 'aHR0cDovL2ltYWdlLnRpYW5qaW1lZGlhLmNvbS91cGxvYWRJbWFnZXMvMjAxMy8xNTYvUjFKODE0NTlRSVFLLmpwZw==.jpg', '/resources/image/e1fea2ec-ace8-4e58-a2eb-a542d4abe30f.jpg', null, 'http://www.doublev2v.com/integralmall', '122.112.15.152');
INSERT INTO medias VALUES ('faf08f184faadb33014faae36dd40006', '2015-09-08 10:57:55', '', '2015-09-08 10:57:55', 'image/jpeg', 'e2818770-2821-4dcb-866b-e12e2fa347be.jpeg', '68232', '20140519211855_kPNSf.jpeg', '/resources/image/e2818770-2821-4dcb-866b-e12e2fa347be.jpeg', null, 'http://www.doublev2v.com/integralmall', '122.112.15.152');
INSERT INTO medias VALUES ('faf08f184faadb33014faae39bea0007', '2015-09-08 10:58:07', '', '2015-09-08 10:58:07', 'image/jpeg', 'b152c767-33b7-477b-8720-c161d9fd0b05.jpeg', '184762', '20120516121232_djirU.jpeg', '/resources/image/b152c767-33b7-477b-8720-c161d9fd0b05.jpeg', null, 'http://www.doublev2v.com/integralmall', '122.112.15.152');
INSERT INTO medias VALUES ('faf08f184faadb33014faae3d12c0008', '2015-09-08 10:58:21', '', '2015-09-08 10:58:21', 'image/jpeg', '76ce46d9-5338-4deb-a1ea-6e6fc576726b.jpg', '3675', 'u=533133598,3228141497&fm=21&gp=0.jpg', '/resources/image/76ce46d9-5338-4deb-a1ea-6e6fc576726b.jpg', null, 'http://www.doublev2v.com/integralmall', '122.112.15.152');
INSERT INTO medias VALUES ('faf08f184faafe6b014fac267ce000ad', '2015-09-08 16:50:47', '', '2015-09-08 16:50:47', 'image/jpeg', '40511395-8e7f-4688-9a0c-596d0d29344d.jpg', '19542', '015130.69385977_500.jpg', '/resources/image/40511395-8e7f-4688-9a0c-596d0d29344d.jpg', null, 'http://www.doublev2v.com/integralmall', '122.112.15.152');
INSERT INTO medias VALUES ('faf08f184faafe6b014fac28be5000b0', '2015-09-08 16:53:15', '', '2015-09-08 16:53:15', 'image/jpeg', 'ad049543-1d1d-4201-848b-fb0245650353.jpeg', '69530', '20130907222849_CF2Bv.jpeg', '/resources/image/ad049543-1d1d-4201-848b-fb0245650353.jpeg', null, 'http://www.doublev2v.com/integralmall', '122.112.15.152');
INSERT INTO medias VALUES ('faf08f184faafe6b014fac2df13300b3', '2015-09-08 16:58:56', '', '2015-09-08 16:58:56', 'image/jpeg', '44234d68-6c43-4b78-bc38-df94ddca737e.jpeg', '68232', '20140519211855_kPNSf.jpeg', '/resources/image/44234d68-6c43-4b78-bc38-df94ddca737e.jpeg', null, 'http://www.doublev2v.com/integralmall', '122.112.15.152');
INSERT INTO medias VALUES ('faf08f184faafe6b014fac2e6a3600b5', '2015-09-08 16:59:27', '', '2015-09-08 16:59:27', 'image/jpeg', 'fa0be6a6-ad83-44fd-94a5-18c8b7b3b411.jpg', '3675', 'u=533133598,3228141497&fm=21&gp=0.jpg', '/resources/image/fa0be6a6-ad83-44fd-94a5-18c8b7b3b411.jpg', null, 'http://www.doublev2v.com/integralmall', '122.112.15.152');
INSERT INTO medias VALUES ('faf08f184faafe6b014fac2fb16800b9', '2015-09-08 17:00:50', '', '2015-09-08 17:00:50', 'image/jpeg', 'ac711f08-b045-41e9-ae42-96fb68979ad7.jpg', '60019', 'b3cb16ce823c6e311c1f50279abe1cc5.jpg', '/resources/image/ac711f08-b045-41e9-ae42-96fb68979ad7.jpg', null, 'http://www.doublev2v.com/integralmall', '122.112.15.152');
INSERT INTO medias VALUES ('faf08f184faafe6b014fb0412378014b', '2015-09-09 11:58:23', '', '2015-09-09 11:58:23', 'image/jpeg', '8873589f-79e7-41c2-8956-c319fcf461db.jpg', '17936', 'logo.jpg', '/resources/image/8873589f-79e7-41c2-8956-c319fcf461db.jpg', null, 'http://www.doublev2v.com/integralmall', '122.112.15.152');
INSERT INTO medias VALUES ('faf08f184faafe6b014fb04be1590168', '2015-09-09 12:10:07', '', '2015-09-09 12:10:07', 'image/jpeg', '55557046-e832-4de6-92a3-742266ddf624.jpg', '17936', 'logo.jpg', '/resources/image/55557046-e832-4de6-92a3-742266ddf624.jpg', null, 'http://www.doublev2v.com/integralmall', '122.112.15.152');
INSERT INTO medias VALUES ('faf08f184fb07a88014fb0a346130003', '2015-09-09 13:45:34', '', '2015-09-09 13:45:34', 'image/jpeg', '94dcf9cb-d0bf-4102-98d0-148a64e39233.jpg', '46307', '洗牙.jpg', '/resources/image/94dcf9cb-d0bf-4102-98d0-148a64e39233.jpg', null, 'http://www.doublev2v.com/integralmall', '122.112.15.152');
INSERT INTO medias VALUES ('faf08f184fb07a88014fb0a346140004', '2015-09-09 13:45:34', '', '2015-09-09 13:45:34', 'image/jpeg', '818f5fbd-1647-4baa-9426-af4a51a1a137.jpg', '47871', '1.jpg', '/resources/image/818f5fbd-1647-4baa-9426-af4a51a1a137.jpg', null, 'http://www.doublev2v.com/integralmall', '122.112.15.152');
INSERT INTO medias VALUES ('faf08f184fb07a88014fb0a346150005', '2015-09-09 13:45:34', '', '2015-09-09 13:45:34', 'image/jpeg', 'a26dc30b-7ed7-40ab-9e93-2133fcb8d3d2.jpg', '40594', '2.jpg', '/resources/image/a26dc30b-7ed7-40ab-9e93-2133fcb8d3d2.jpg', null, 'http://www.doublev2v.com/integralmall', '122.112.15.152');
INSERT INTO medias VALUES ('faf08f184fb07a88014fb0a346160006', '2015-09-09 13:45:34', '', '2015-09-09 13:45:34', 'image/jpeg', '955f6c64-1c69-41a2-9123-53b2cce6861e.jpg', '34545', '未标题-2.jpg', '/resources/image/955f6c64-1c69-41a2-9123-53b2cce6861e.jpg', null, 'http://www.doublev2v.com/integralmall', '122.112.15.152');
INSERT INTO medias VALUES ('faf08f184fb07a88014fb0a360fa0008', '2015-09-09 13:45:41', '', '2015-09-09 13:45:41', 'image/jpeg', 'ed0e2004-0891-4b20-8035-42f70b38689a.jpg', '46307', '洗牙.jpg', '/resources/image/ed0e2004-0891-4b20-8035-42f70b38689a.jpg', null, 'http://www.doublev2v.com/integralmall', '122.112.15.152');
INSERT INTO medias VALUES ('faf08f184fb07a88014fb0a360fb0009', '2015-09-09 13:45:41', '', '2015-09-09 13:45:41', 'image/jpeg', '001ecfda-171d-45ce-b502-7c2aebeb597f.jpg', '47871', '1.jpg', '/resources/image/001ecfda-171d-45ce-b502-7c2aebeb597f.jpg', null, 'http://www.doublev2v.com/integralmall', '122.112.15.152');
INSERT INTO medias VALUES ('faf08f184fb07a88014fb0a360fc000a', '2015-09-09 13:45:41', '', '2015-09-09 13:45:41', 'image/jpeg', 'ac800027-e7a9-4611-9795-a7915df0ec88.jpg', '40594', '2.jpg', '/resources/image/ac800027-e7a9-4611-9795-a7915df0ec88.jpg', null, 'http://www.doublev2v.com/integralmall', '122.112.15.152');
INSERT INTO medias VALUES ('faf08f184fb07a88014fb0a360fd000b', '2015-09-09 13:45:41', '', '2015-09-09 13:45:41', 'image/jpeg', '73bff7f4-6939-4b5d-b214-db5d9fdacdc2.jpg', '34545', '未标题-2.jpg', '/resources/image/73bff7f4-6939-4b5d-b214-db5d9fdacdc2.jpg', null, 'http://www.doublev2v.com/integralmall', '122.112.15.152');
INSERT INTO medias VALUES ('faf08f184fb07a88014fb0a37f51000d', '2015-09-09 13:45:49', '', '2015-09-09 13:45:49', 'image/jpeg', '2536091e-6596-4614-9a7a-c980ff86b7c3.jpg', '46307', '洗牙.jpg', '/resources/image/2536091e-6596-4614-9a7a-c980ff86b7c3.jpg', null, 'http://www.doublev2v.com/integralmall', '122.112.15.152');
INSERT INTO medias VALUES ('faf08f184fb07a88014fb0a37f52000e', '2015-09-09 13:45:49', '', '2015-09-09 13:45:49', 'image/jpeg', '83356d28-2fb6-43b5-be3f-aedab467e746.jpg', '47871', '1.jpg', '/resources/image/83356d28-2fb6-43b5-be3f-aedab467e746.jpg', null, 'http://www.doublev2v.com/integralmall', '122.112.15.152');
INSERT INTO medias VALUES ('faf08f184fb07a88014fb0a37f54000f', '2015-09-09 13:45:49', '', '2015-09-09 13:45:49', 'image/jpeg', 'aa691c59-2ffa-4f2e-840c-9709a13a2291.jpg', '40594', '2.jpg', '/resources/image/aa691c59-2ffa-4f2e-840c-9709a13a2291.jpg', null, 'http://www.doublev2v.com/integralmall', '122.112.15.152');
INSERT INTO medias VALUES ('faf08f184fb07a88014fb0a37f550010', '2015-09-09 13:45:49', '', '2015-09-09 13:45:49', 'image/jpeg', '80b1a52c-4ab8-4d37-b3ab-90d20d460ac8.jpg', '34545', '未标题-2.jpg', '/resources/image/80b1a52c-4ab8-4d37-b3ab-90d20d460ac8.jpg', null, 'http://www.doublev2v.com/integralmall', '122.112.15.152');
INSERT INTO medias VALUES ('faf08f184fb13015014fb143cc0c0015', '2015-09-09 16:40:54', '', '2015-09-09 16:40:54', 'image/jpeg', '6c5ebf1e-6a48-4b24-b0de-d8615ec06f39.jpg', '23413', 'logo.jpg', '/resources/image/6c5ebf1e-6a48-4b24-b0de-d8615ec06f39.jpg', null, 'http://www.doublev2v.com/integralmall', '122.112.15.152');
INSERT INTO medias VALUES ('faf08f184fb13015014fb143df03001a', '2015-09-09 16:40:59', '', '2015-09-09 16:40:59', 'image/jpeg', '0d601252-6dcd-4e82-afe6-ad872f43f4e3.jpg', '23413', 'logo.jpg', '/resources/image/0d601252-6dcd-4e82-afe6-ad872f43f4e3.jpg', null, 'http://www.doublev2v.com/integralmall', '122.112.15.152');
INSERT INTO medias VALUES ('faf08f184fb13015014fb15533f6001d', '2015-09-09 16:59:55', '', '2015-09-09 16:59:55', 'image/jpeg', '77337807-f955-4503-86db-59d91b8eae4b.jpg', '28803', '0.jpg', '/resources/image/77337807-f955-4503-86db-59d91b8eae4b.jpg', null, 'http://www.doublev2v.com/integralmall', '122.112.15.152');
INSERT INTO medias VALUES ('faf08f184fb13015014fb15533f7001e', '2015-09-09 16:59:55', '', '2015-09-09 16:59:55', 'image/jpeg', 'edde818c-666e-4a83-9ff6-9f3e734e8fd0.jpg', '46346', '1.jpg', '/resources/image/edde818c-666e-4a83-9ff6-9f3e734e8fd0.jpg', null, 'http://www.doublev2v.com/integralmall', '122.112.15.152');
INSERT INTO medias VALUES ('faf08f184fb13015014fb15533f8001f', '2015-09-09 16:59:55', '', '2015-09-09 16:59:55', 'image/jpeg', '9eeb3856-b53e-4d9f-86e8-fbde62b32a37.jpg', '54166', '2.jpg', '/resources/image/9eeb3856-b53e-4d9f-86e8-fbde62b32a37.jpg', null, 'http://www.doublev2v.com/integralmall', '122.112.15.152');
INSERT INTO medias VALUES ('faf08f184fb13015014fb15533f80020', '2015-09-09 16:59:55', '', '2015-09-09 16:59:55', 'image/jpeg', '18daa147-0462-4716-b51a-e9a8e77d7f91.jpg', '45386', '3.jpg', '/resources/image/18daa147-0462-4716-b51a-e9a8e77d7f91.jpg', null, 'http://www.doublev2v.com/integralmall', '122.112.15.152');
INSERT INTO medias VALUES ('faf08f184fb13015014fb15533f90021', '2015-09-09 16:59:55', '', '2015-09-09 16:59:55', 'image/jpeg', '196213bf-e0bd-4f6a-99c8-7d8eb8ff53d0.jpg', '69236', '4.jpg', '/resources/image/196213bf-e0bd-4f6a-99c8-7d8eb8ff53d0.jpg', null, 'http://www.doublev2v.com/integralmall', '122.112.15.152');
INSERT INTO medias VALUES ('faf08f184fb13015014fb15533fa0022', '2015-09-09 16:59:55', '', '2015-09-09 16:59:55', 'image/jpeg', '5bda9d20-0079-40e7-a2b4-926d10963a94.jpg', '25315', '5.jpg', '/resources/image/5bda9d20-0079-40e7-a2b4-926d10963a94.jpg', null, 'http://www.doublev2v.com/integralmall', '122.112.15.152');
INSERT INTO medias VALUES ('faf08f184fb13015014fb15533fb0023', '2015-09-09 16:59:55', '', '2015-09-09 16:59:55', 'image/jpeg', 'af81eae4-1d76-4f04-8f48-9196e2b611a9.jpg', '39945', '6.jpg', '/resources/image/af81eae4-1d76-4f04-8f48-9196e2b611a9.jpg', null, 'http://www.doublev2v.com/integralmall', '122.112.15.152');
INSERT INTO medias VALUES ('faf08f184fb13015014fb15534040024', '2015-09-09 16:59:55', '', '2015-09-09 16:59:55', 'image/jpeg', '6917acd1-928c-4ee3-b0ea-502f4da0c259.jpg', '38864', '7.jpg', '/resources/image/6917acd1-928c-4ee3-b0ea-502f4da0c259.jpg', null, 'http://www.doublev2v.com/integralmall', '122.112.15.152');
INSERT INTO medias VALUES ('faf08f184fb5e098014fb5e4569e0000', '2015-09-10 14:14:44', '', '2015-09-10 14:14:44', 'image/jpeg', '551961bd-1ce0-4f8a-94eb-714e1b1b7f7a.jpg', '7197', '123.jpg', '/resources/image/551961bd-1ce0-4f8a-94eb-714e1b1b7f7a.jpg', null, 'http://www.doublev2v.com/integralmall', '122.112.15.152');
INSERT INTO medias VALUES ('faf08f184fb5e098014fb5e456ad0001', '2015-09-10 14:14:44', '', '2015-09-10 14:14:44', 'image/jpeg', 'df73f9fd-2c37-478b-b52e-604abe99e768.jpeg', '69530', '20130907222849_CF2Bv.jpeg', '/resources/image/df73f9fd-2c37-478b-b52e-604abe99e768.jpeg', null, 'http://www.doublev2v.com/integralmall', '122.112.15.152');
INSERT INTO medias VALUES ('faf08f184fb5e098014fb62f03b10006', '2015-09-10 15:36:18', '', '2015-09-10 15:36:18', 'image/jpeg', '58e8a0c7-6f54-43da-b7db-9df271e9058b.jpg', '42369', '0.jpg', '/resources/image/58e8a0c7-6f54-43da-b7db-9df271e9058b.jpg', null, 'http://www.doublev2v.com/integralmall', '122.112.15.152');
INSERT INTO medias VALUES ('faf08f184fb5e098014fb6327e340007', '2015-09-10 15:40:06', '', '2015-09-10 15:40:06', 'image/jpeg', '9e71b8fe-f4e7-47be-a095-8de90961cc5e.jpg', '33307', '0.jpg', '/resources/image/9e71b8fe-f4e7-47be-a095-8de90961cc5e.jpg', null, 'http://www.doublev2v.com/integralmall', '122.112.15.152');
INSERT INTO medias VALUES ('faf08f184fb5e098014fb639fbcb0008', '2015-09-10 15:48:17', '', '2015-09-10 15:48:17', 'image/jpeg', '2b11d510-d7c3-41a6-a379-060d34d68aa8.jpg', '38644', '5.jpg', '/resources/image/2b11d510-d7c3-41a6-a379-060d34d68aa8.jpg', null, 'http://www.doublev2v.com/integralmall', '122.112.15.152');
INSERT INTO medias VALUES ('faf08f184fb5e098014fb63dafde0009', '2015-09-10 15:52:20', '', '2015-09-10 15:52:20', 'image/jpeg', 'c6c10ee7-bd18-4193-9970-fae183bd23a9.jpg', '37794', '9.jpg', '/resources/image/c6c10ee7-bd18-4193-9970-fae183bd23a9.jpg', null, 'http://www.doublev2v.com/integralmall', '122.112.15.152');
INSERT INTO medias VALUES ('faf08f184fb5e098014fb6414692000a', '2015-09-10 15:56:15', '', '2015-09-10 15:56:15', 'image/jpeg', 'fa1cbca8-818f-468e-9d58-4f553f9f674c.jpg', '10762', '洗牙.jpg', '/resources/image/fa1cbca8-818f-468e-9d58-4f553f9f674c.jpg', null, 'http://www.doublev2v.com/integralmall', '122.112.15.152');
INSERT INTO medias VALUES ('faf08f184fb5e098014fb64b2be0000b', '2015-09-10 16:07:03', '', '2015-09-10 16:07:03', 'image/jpeg', '239aa2a4-153b-4913-82cc-2ef51d3439f0.jpg', '50209', '0.jpg', '/resources/image/239aa2a4-153b-4913-82cc-2ef51d3439f0.jpg', null, 'http://www.doublev2v.com/integralmall', '122.112.15.152');
INSERT INTO medias VALUES ('faf08f184fb5e098014fb66177cf0015', '2015-09-10 16:31:25', '', '2015-09-10 16:31:25', 'image/jpeg', 'c7b561ec-b939-4100-b622-136f247e21f4.jpg', '47340', '0.jpg', '/resources/image/c7b561ec-b939-4100-b622-136f247e21f4.jpg', null, 'http://www.doublev2v.com/integralmall', '122.112.15.152');
INSERT INTO medias VALUES ('faf08f184fb5e098014fb66393fd0016', '2015-09-10 16:33:43', '', '2015-09-10 16:33:43', 'image/jpeg', 'db98a349-4f06-4f8f-b2a8-ba711edb7464.jpg', '28188', '9.jpg', '/resources/image/db98a349-4f06-4f8f-b2a8-ba711edb7464.jpg', null, 'http://www.doublev2v.com/integralmall', '122.112.15.152');
INSERT INTO medias VALUES ('faf08f184fb5e098014fb66443b50017', '2015-09-10 16:34:28', '', '2015-09-10 16:34:28', 'image/jpeg', '320ade40-dbab-420a-a4ca-8e21af9e3244.jpg', '33307', '0.jpg', '/resources/image/320ade40-dbab-420a-a4ca-8e21af9e3244.jpg', null, 'http://www.doublev2v.com/integralmall', '122.112.15.152');
INSERT INTO medias VALUES ('faf08f184fb5e098014fb66d61390018', '2015-09-10 16:44:25', '', '2015-09-10 16:44:25', 'image/jpeg', 'b182aebf-caf8-4cfd-8369-069856701fb5.jpg', '52078', '丝巾-黑白.jpg', '/resources/image/b182aebf-caf8-4cfd-8369-069856701fb5.jpg', null, 'http://www.doublev2v.com/integralmall', '122.112.15.152');
INSERT INTO medias VALUES ('faf08f184fb67622014fb68ba8fe0000', '2015-09-10 17:17:30', '', '2015-09-10 17:17:30', 'image/jpeg', '9dd9065b-2e3a-408f-a772-15cd056eda0a.jpg', '19040', '手包-橙.jpg', '/resources/image/9dd9065b-2e3a-408f-a772-15cd056eda0a.jpg', null, 'http://www.doublev2v.com/integralmall', '122.112.15.152');
INSERT INTO medias VALUES ('faf08f184fb67622014fb69eb8a80002', '2015-09-10 17:38:19', '', '2015-09-10 17:38:19', 'image/jpeg', '78809d46-ad5b-4510-825a-3b1c5b665ff5.jpg', '42356', '羊绒衫-灰.jpg', '/resources/image/78809d46-ad5b-4510-825a-3b1c5b665ff5.jpg', null, 'http://www.doublev2v.com/integralmall', '122.112.15.152');
INSERT INTO medias VALUES ('faf08f184fb6d0c2014fba2033820001', '2015-09-11 09:58:36', '', '2015-09-11 09:58:36', 'image/jpeg', 'bdfb59e9-4d33-4c5c-9eaa-a83788197be5.jpg', '40147', '0.jpg', '/resources/image/bdfb59e9-4d33-4c5c-9eaa-a83788197be5.jpg', null, 'http://www.doublev2v.com/integralmall', '122.112.15.152');
INSERT INTO medias VALUES ('faf08f184fb6d0c2014fba8d8d430005', '2015-09-11 11:58:03', '', '2015-09-11 11:58:03', 'image/jpeg', 'c84f3801-92fb-42f4-a1ed-bb65b799e4e3.jpg', '35205', '0.jpg', '/resources/image/c84f3801-92fb-42f4-a1ed-bb65b799e4e3.jpg', null, 'http://www.doublev2v.com/integralmall', '122.112.15.152');
INSERT INTO medias VALUES ('faf08f184fbb13d7014fbb20d1b50008', '2015-09-11 14:38:54', '', '2015-09-11 14:38:54', 'image/jpeg', 'fd8c9df2-96a2-4f19-ac62-fe3ce459d189.jpg', '24853', '0.jpg', '/resources/image/fd8c9df2-96a2-4f19-ac62-fe3ce459d189.jpg', null, 'http://www.doublev2v.com/integralmall', '122.112.15.152');
INSERT INTO medias VALUES ('faf08f184fbb2400014fbb3317670000', '2015-09-11 14:58:51', '', '2015-09-11 14:58:51', 'image/jpeg', '83bed42a-7f2e-4888-9f4c-ef0d79349a27.jpg', '54052', '0.jpg', '/resources/image/83bed42a-7f2e-4888-9f4c-ef0d79349a27.jpg', null, 'http://www.doublev2v.com/integralmall', '122.112.15.152');
INSERT INTO medias VALUES ('faf08f184fbb2400014fbb3368350002', '2015-09-11 14:59:12', '', '2015-09-11 14:59:12', 'image/jpeg', '7b3fb071-59fa-4e93-8863-ed476bc0c89b.jpg', '54052', '0.jpg', '/resources/image/7b3fb071-59fa-4e93-8863-ed476bc0c89b.jpg', null, 'http://www.doublev2v.com/integralmall', '122.112.15.152');
INSERT INTO medias VALUES ('faf08f184fbb2400014fbb9c41240005', '2015-09-11 16:53:43', '', '2015-09-11 16:53:43', 'image/jpeg', 'd4f465a3-84ab-407b-ac0c-88790f09172f.jpg', '45321', '0.jpg', '/resources/image/d4f465a3-84ab-407b-ac0c-88790f09172f.jpg', null, 'http://www.doublev2v.com/integralmall', '122.112.15.152');
INSERT INTO medias VALUES ('faf08f184fbb2400014fbb9cca910007', '2015-09-11 16:54:19', '', '2015-09-11 16:54:19', 'image/jpeg', '5960dd66-fe41-4726-8db1-08fd28bd89df.jpg', '45321', '0.jpg', '/resources/image/5960dd66-fe41-4726-8db1-08fd28bd89df.jpg', null, 'http://www.doublev2v.com/integralmall', '122.112.15.152');
INSERT INTO medias VALUES ('faf08f184fbb2400014fbb9cf76d0009', '2015-09-11 16:54:30', '', '2015-09-11 16:54:30', 'image/jpeg', 'e5a84c41-5c8c-4e49-ac43-d8b7b6be124b.jpg', '45321', '0.jpg', '/resources/image/e5a84c41-5c8c-4e49-ac43-d8b7b6be124b.jpg', null, 'http://www.doublev2v.com/integralmall', '122.112.15.152');
INSERT INTO medias VALUES ('faf08f184fbb2400014fbba23272000c', '2015-09-11 17:00:13', '', '2015-09-11 17:00:13', 'image/jpeg', 'd0f84d98-09a4-4b9b-bdd5-f310cef541cf.jpg', '47898', '0.jpg', '/resources/image/d0f84d98-09a4-4b9b-bdd5-f310cef541cf.jpg', null, 'http://www.doublev2v.com/integralmall', '122.112.15.152');
INSERT INTO medias VALUES ('faf08f184fbb2400014fbbc7a87b000d', '2015-09-11 17:41:08', '', '2015-09-11 17:41:08', 'image/jpeg', 'de441450-c3ce-42ce-a126-2f5239db6f25.jpg', '31521', '0.jpg', '/resources/image/de441450-c3ce-42ce-a126-2f5239db6f25.jpg', null, 'http://www.doublev2v.com/integralmall', '122.112.15.152');
INSERT INTO medias VALUES ('faf08f184fcf1fdd014fd44b5634000d', '2015-09-16 11:55:51', '', '2015-09-16 11:55:51', 'image/jpeg', '3dfd6526-7cf3-4de8-960d-fc4614882846.jpg', '26813', '0.jpg', '/resources/image/3dfd6526-7cf3-4de8-960d-fc4614882846.jpg', null, 'http://www.doublev2v.com/integralmall', '122.112.15.152');
INSERT INTO medias VALUES ('faf08f184fcf1fdd014fd4c92a7d0054', '2015-09-16 14:13:17', '', '2015-09-16 14:13:17', 'image/jpeg', '8ff34703-f0e8-479b-906d-fe248747a5bf.jpg', '38634', '0.jpg', '/resources/image/8ff34703-f0e8-479b-906d-fe248747a5bf.jpg', null, 'http://www.doublev2v.com/integralmall', '122.112.15.152');
INSERT INTO medias VALUES ('faf08f184fcf1fdd014fd56eb8fb0058', '2015-09-16 17:14:07', '', '2015-09-16 17:14:07', 'image/jpeg', 'ba3f97af-0d40-4070-bf13-a0c932551b1c.jpg', '37900', '01.jpg', '/resources/image/ba3f97af-0d40-4070-bf13-a0c932551b1c.jpg', null, 'http://www.doublev2v.com/integralmall', '122.112.15.152');
INSERT INTO medias VALUES ('faf08f184fcf1fdd014fd56eb8fb0059', '2015-09-16 17:14:07', '', '2015-09-16 17:14:07', 'image/jpeg', '378f51d0-796c-4ffd-bdf5-a72f1f823ad7.jpg', '51726', '1.jpg', '/resources/image/378f51d0-796c-4ffd-bdf5-a72f1f823ad7.jpg', null, 'http://www.doublev2v.com/integralmall', '122.112.15.152');
INSERT INTO medias VALUES ('faf08f184fcf1fdd014fd56eb8fc005a', '2015-09-16 17:14:07', '', '2015-09-16 17:14:07', 'image/jpeg', '3bc68fb8-9a5d-4891-849e-29dd7327c95b.jpg', '49782', '2.jpg', '/resources/image/3bc68fb8-9a5d-4891-849e-29dd7327c95b.jpg', null, 'http://www.doublev2v.com/integralmall', '122.112.15.152');
INSERT INTO medias VALUES ('faf08f184fcf1fdd014fd56eb8fd005b', '2015-09-16 17:14:07', '', '2015-09-16 17:14:07', 'image/jpeg', '19a77b7f-b4ea-4812-a6dc-25db14a08b5a.jpg', '55587', '3.jpg', '/resources/image/19a77b7f-b4ea-4812-a6dc-25db14a08b5a.jpg', null, 'http://www.doublev2v.com/integralmall', '122.112.15.152');
INSERT INTO medias VALUES ('faf08f184fcf1fdd014fd56eb8fe005c', '2015-09-16 17:14:07', '', '2015-09-16 17:14:07', 'image/jpeg', '2ac1e9b6-7e5d-4aaa-9d16-ad35b0f65139.jpg', '53305', '4.jpg', '/resources/image/2ac1e9b6-7e5d-4aaa-9d16-ad35b0f65139.jpg', null, 'http://www.doublev2v.com/integralmall', '122.112.15.152');
INSERT INTO medias VALUES ('faf08f184fcf1fdd014fd57ac3fc005e', '2015-09-16 17:27:16', '', '2015-09-16 17:27:16', 'image/jpeg', '9d447559-fb8f-4e56-af50-f0608a352bf5.jpg', '28128', '02.jpg', '/resources/image/9d447559-fb8f-4e56-af50-f0608a352bf5.jpg', null, 'http://www.doublev2v.com/integralmall', '122.112.15.152');
INSERT INTO medias VALUES ('faf08f184fcf1fdd014fd57ac3fd005f', '2015-09-16 17:27:16', '', '2015-09-16 17:27:16', 'image/jpeg', '65c3ebca-4e1b-40d5-94fb-35b1bb4cb7c8.jpg', '51726', '1.jpg', '/resources/image/65c3ebca-4e1b-40d5-94fb-35b1bb4cb7c8.jpg', null, 'http://www.doublev2v.com/integralmall', '122.112.15.152');
INSERT INTO medias VALUES ('faf08f184fcf1fdd014fd57ac3fd0060', '2015-09-16 17:27:16', '', '2015-09-16 17:27:16', 'image/jpeg', '881162ef-dd5e-4f15-b858-071c94ad3f94.jpg', '49782', '2.jpg', '/resources/image/881162ef-dd5e-4f15-b858-071c94ad3f94.jpg', null, 'http://www.doublev2v.com/integralmall', '122.112.15.152');
INSERT INTO medias VALUES ('faf08f184fcf1fdd014fd57ac3fe0061', '2015-09-16 17:27:16', '', '2015-09-16 17:27:16', 'image/jpeg', 'c2538b30-af6b-4a45-8228-82a32ebabb8f.jpg', '55587', '3.jpg', '/resources/image/c2538b30-af6b-4a45-8228-82a32ebabb8f.jpg', null, 'http://www.doublev2v.com/integralmall', '122.112.15.152');
INSERT INTO medias VALUES ('faf08f184fcf1fdd014fd57ac3ff0062', '2015-09-16 17:27:16', '', '2015-09-16 17:27:16', 'image/jpeg', '12d91a61-6a64-42e2-83bd-d5ebad497e4d.jpg', '53305', '4.jpg', '/resources/image/12d91a61-6a64-42e2-83bd-d5ebad497e4d.jpg', null, 'http://www.doublev2v.com/integralmall', '122.112.15.152');
INSERT INTO medias VALUES ('faf08f184fcf1fdd014fd58265910064', '2015-09-16 17:35:36', '', '2015-09-16 17:35:36', 'image/jpeg', 'b354ad39-ea38-4f35-a659-3613f302ca6a.jpg', '21739', '03.jpg', '/resources/image/b354ad39-ea38-4f35-a659-3613f302ca6a.jpg', null, 'http://www.doublev2v.com/integralmall', '122.112.15.152');
INSERT INTO medias VALUES ('faf08f184fcf1fdd014fd58265920065', '2015-09-16 17:35:36', '', '2015-09-16 17:35:36', 'image/jpeg', 'e3c15228-2d89-49dc-983c-4f207b79f714.jpg', '51726', '1.jpg', '/resources/image/e3c15228-2d89-49dc-983c-4f207b79f714.jpg', null, 'http://www.doublev2v.com/integralmall', '122.112.15.152');
INSERT INTO medias VALUES ('faf08f184fcf1fdd014fd58265920066', '2015-09-16 17:35:36', '', '2015-09-16 17:35:36', 'image/jpeg', 'fe55aad6-e30f-4e74-b331-211848779d34.jpg', '49782', '2.jpg', '/resources/image/fe55aad6-e30f-4e74-b331-211848779d34.jpg', null, 'http://www.doublev2v.com/integralmall', '122.112.15.152');
INSERT INTO medias VALUES ('faf08f184fcf1fdd014fd58265940067', '2015-09-16 17:35:36', '', '2015-09-16 17:35:36', 'image/jpeg', '83e96d8b-a56a-44b2-9a18-283401a04d96.jpg', '55587', '3.jpg', '/resources/image/83e96d8b-a56a-44b2-9a18-283401a04d96.jpg', null, 'http://www.doublev2v.com/integralmall', '122.112.15.152');
INSERT INTO medias VALUES ('faf08f184fcf1fdd014fd58265950068', '2015-09-16 17:35:36', '', '2015-09-16 17:35:36', 'image/jpeg', '95ef98b9-1878-4ddc-a595-15e1a91be923.jpg', '53305', '4.jpg', '/resources/image/95ef98b9-1878-4ddc-a595-15e1a91be923.jpg', null, 'http://www.doublev2v.com/integralmall', '122.112.15.152');
INSERT INTO medias VALUES ('faf08f184fcf1fdd014fd585221b006a', '2015-09-16 17:38:36', '', '2015-09-16 17:38:36', 'image/jpeg', 'b8d364f9-cd79-4745-95dd-af7910147794.jpg', '23635', '04.jpg', '/resources/image/b8d364f9-cd79-4745-95dd-af7910147794.jpg', null, 'http://www.doublev2v.com/integralmall', '122.112.15.152');
INSERT INTO medias VALUES ('faf08f184fcf1fdd014fd585221c006b', '2015-09-16 17:38:36', '', '2015-09-16 17:38:36', 'image/jpeg', 'dcabeb65-97f7-4698-916c-6dc63bf7ce2b.jpg', '51726', '1.jpg', '/resources/image/dcabeb65-97f7-4698-916c-6dc63bf7ce2b.jpg', null, 'http://www.doublev2v.com/integralmall', '122.112.15.152');
INSERT INTO medias VALUES ('faf08f184fcf1fdd014fd585221d006c', '2015-09-16 17:38:36', '', '2015-09-16 17:38:36', 'image/jpeg', '9def06ad-3d16-4f9c-a396-ad5b41dd997e.jpg', '49782', '2.jpg', '/resources/image/9def06ad-3d16-4f9c-a396-ad5b41dd997e.jpg', null, 'http://www.doublev2v.com/integralmall', '122.112.15.152');
INSERT INTO medias VALUES ('faf08f184fcf1fdd014fd585221e006d', '2015-09-16 17:38:36', '', '2015-09-16 17:38:36', 'image/jpeg', '90d667a4-d4a2-43ef-9429-9943a30f392b.jpg', '55587', '3.jpg', '/resources/image/90d667a4-d4a2-43ef-9429-9943a30f392b.jpg', null, 'http://www.doublev2v.com/integralmall', '122.112.15.152');
INSERT INTO medias VALUES ('faf08f184fcf1fdd014fd585221e006e', '2015-09-16 17:38:36', '', '2015-09-16 17:38:36', 'image/jpeg', 'c0100b78-4ab3-439d-a2a8-d5aa8d4eb3e5.jpg', '53305', '4.jpg', '/resources/image/c0100b78-4ab3-439d-a2a8-d5aa8d4eb3e5.jpg', null, 'http://www.doublev2v.com/integralmall', '122.112.15.152');
INSERT INTO medias VALUES ('faf08f184ffeb9bc015017bb1f0b000b', '2015-09-29 14:12:30', '', '2015-09-29 14:12:30', 'image/jpeg', '5027702d-67d6-45a6-8458-1950e9e3ca94.jpg', '22512', '3.jpg', '/resources/image/5027702d-67d6-45a6-8458-1950e9e3ca94.jpg', null, 'http://www.doublev2v.com/integralmall', '122.112.15.152');
INSERT INTO medias VALUES ('faf08f184ffeb9bc01501846a256000d', '2015-09-29 16:44:53', '', '2015-09-29 16:44:53', 'image/jpeg', 'a0978c09-0be3-46be-b7d1-22bbe0bede71.jpg', '36569', '4.jpg', '/resources/image/a0978c09-0be3-46be-b7d1-22bbe0bede71.jpg', null, 'http://www.doublev2v.com/integralmall', '122.112.15.152');
INSERT INTO medias VALUES ('faf08f184ffeb9bc01501846a258000e', '2015-09-29 16:44:53', '', '2015-09-29 16:44:53', 'image/jpeg', 'deadb7fd-f1a2-43a5-a63d-17f8cfdc0c8f.jpg', '43206', '5.jpg', '/resources/image/deadb7fd-f1a2-43a5-a63d-17f8cfdc0c8f.jpg', null, 'http://www.doublev2v.com/integralmall', '122.112.15.152');
INSERT INTO medias VALUES ('faf08f184ffeb9bc01501854ac14000f', '2015-09-29 17:00:13', '', '2015-09-29 17:00:13', 'image/jpeg', 'd2f1ba9e-7cd8-43f1-a477-c7768944d918.jpg', '52566', '1.jpg', '/resources/image/d2f1ba9e-7cd8-43f1-a477-c7768944d918.jpg', null, 'http://www.doublev2v.com/integralmall', '122.112.15.152');
INSERT INTO medias VALUES ('faf08f184ffeb9bc015018772ff80010', '2015-09-29 17:37:55', '', '2015-09-29 17:37:55', 'image/jpeg', '81a669f1-9ec4-49db-9bbd-edffe411d059.jpg', '48484', '粉黑.jpg', '/resources/image/81a669f1-9ec4-49db-9bbd-edffe411d059.jpg', null, 'http://www.doublev2v.com/integralmall', '122.112.15.152');
INSERT INTO medias VALUES ('faf08f184ffeb9bc015018772ffa0011', '2015-09-29 17:37:55', '', '2015-09-29 17:37:55', 'image/jpeg', 'bc258b5d-ad46-467d-80c2-035389dfd73b.jpg', '42292', '黑白.jpg', '/resources/image/bc258b5d-ad46-467d-80c2-035389dfd73b.jpg', null, 'http://www.doublev2v.com/integralmall', '122.112.15.152');
INSERT INTO medias VALUES ('faf08f184ffeb9bc015018772ffb0012', '2015-09-29 17:37:55', '', '2015-09-29 17:37:55', 'image/jpeg', '46ccafb1-97b2-462c-a75c-f83afe1b2587.jpg', '55947', '黄绿.jpg', '/resources/image/46ccafb1-97b2-462c-a75c-f83afe1b2587.jpg', null, 'http://www.doublev2v.com/integralmall', '122.112.15.152');
INSERT INTO medias VALUES ('faf08f184ffeb9bc015018772ffc0013', '2015-09-29 17:37:55', '', '2015-09-29 17:37:55', 'image/jpeg', '4eb03036-f22e-4c56-b553-10f308f16263.jpg', '55949', '橘蓝.jpg', '/resources/image/4eb03036-f22e-4c56-b553-10f308f16263.jpg', null, 'http://www.doublev2v.com/integralmall', '122.112.15.152');
INSERT INTO medias VALUES ('faf08f184ffeb9bc015018772ffd0014', '2015-09-29 17:37:55', '', '2015-09-29 17:37:55', 'image/jpeg', 'f4678fe3-9e58-4cf0-9f62-33d203c97066.jpg', '56770', '米蓝.jpg', '/resources/image/f4678fe3-9e58-4cf0-9f62-33d203c97066.jpg', null, 'http://www.doublev2v.com/integralmall', '122.112.15.152');
INSERT INTO medias VALUES ('faf08f184ffeb9bc015018793bc10015', '2015-09-29 17:40:09', '', '2015-09-29 17:40:09', 'image/jpeg', 'fabfc1ff-3b9b-4752-834f-4b1dae7fae15.jpg', '19660', '2.jpg', '/resources/image/fabfc1ff-3b9b-4752-834f-4b1dae7fae15.jpg', null, 'http://www.doublev2v.com/integralmall', '122.112.15.152');
INSERT INTO medias VALUES ('faf08f184ffeb9bc0150187a6d040016', '2015-09-29 17:41:27', '', '2015-09-29 17:41:27', 'image/jpeg', '1e42eefe-9cea-4286-9fef-fb9379855e18.jpg', '51578', '3.jpg', '/resources/image/1e42eefe-9cea-4286-9fef-fb9379855e18.jpg', null, 'http://www.doublev2v.com/integralmall', '122.112.15.152');
INSERT INTO medias VALUES ('faf08f184ffeb9bc01501d7860090018', '2015-09-30 16:57:19', '', '2015-09-30 16:57:19', 'image/jpeg', '1a2d7ab0-9c70-4d51-b6c9-3c54d1235afa.jpg', '15892', '白.jpg', '/resources/image/1a2d7ab0-9c70-4d51-b6c9-3c54d1235afa.jpg', null, 'http://www.doublev2v.com/integralmall', '122.112.15.152');
INSERT INTO medias VALUES ('faf08f184ffeb9bc01501d78600a0019', '2015-09-30 16:57:19', '', '2015-09-30 16:57:19', 'image/jpeg', 'b0522f7f-cac3-472f-8d4f-50a918e1edf9.jpg', '20051', '黑.jpg', '/resources/image/b0522f7f-cac3-472f-8d4f-50a918e1edf9.jpg', null, 'http://www.doublev2v.com/integralmall', '122.112.15.152');
INSERT INTO medias VALUES ('faf08f184ffeb9bc01501d78600b001a', '2015-09-30 16:57:19', '', '2015-09-30 16:57:19', 'image/jpeg', '770a1a6d-7af5-4679-93fe-68bc6290e2cc.jpg', '25405', '红.jpg', '/resources/image/770a1a6d-7af5-4679-93fe-68bc6290e2cc.jpg', null, 'http://www.doublev2v.com/integralmall', '122.112.15.152');
INSERT INTO medias VALUES ('faf08f184ffeb9bc01501d78600c001b', '2015-09-30 16:57:19', '', '2015-09-30 16:57:19', 'image/jpeg', 'e3666119-d587-4ba1-bf9c-9f554017943e.jpg', '38596', '灰.jpg', '/resources/image/e3666119-d587-4ba1-bf9c-9f554017943e.jpg', null, 'http://www.doublev2v.com/integralmall', '122.112.15.152');
INSERT INTO medias VALUES ('faf08f184ffeb9bc01501d78600d001c', '2015-09-30 16:57:19', '', '2015-09-30 16:57:19', 'image/jpeg', 'ea1cc40b-8b36-4619-a6d7-ff195920c60c.jpg', '29009', '蓝.jpg', '/resources/image/ea1cc40b-8b36-4619-a6d7-ff195920c60c.jpg', null, 'http://www.doublev2v.com/integralmall', '122.112.15.152');

-- ----------------------------
-- Table structure for `menu`
-- ----------------------------
DROP TABLE IF EXISTS `menu`;
CREATE TABLE `menu` (
  `id` varchar(255) NOT NULL,
  `create_time` datetime DEFAULT NULL,
  `deleted` bit(1) NOT NULL,
  `update_time` datetime DEFAULT NULL,
  `name` varchar(255) DEFAULT NULL,
  `url` varchar(255) DEFAULT NULL,
  `parent` varchar(255) DEFAULT NULL,
  `tab` varchar(255) DEFAULT NULL,
  `seq` int(11) NOT NULL,
  PRIMARY KEY (`id`),
  KEY `FK_ahevo3im3pnpk8ke9tqyuiaxh` (`parent`),
  CONSTRAINT `FK_ahevo3im3pnpk8ke9tqyuiaxh` FOREIGN KEY (`parent`) REFERENCES `menu` (`id`)
) ENGINE=InnoDB DEFAULT CHARSET=utf8;

-- ----------------------------
-- Records of menu
-- ----------------------------
INSERT INTO menu VALUES ('1', '2015-08-27 15:40:27', '', '2015-08-27 15:40:30', '渠道管理', '/admin/shop', null, 'shop', '3');
INSERT INTO menu VALUES ('10', '2015-08-28 18:42:23', '', '2015-08-28 18:42:26', '角色列表', '/admin/role', '4', 'role', '2');
INSERT INTO menu VALUES ('11', '2015-08-28 18:42:23', '', '2015-08-28 18:42:26', '权限列表', '/admin/perm', '4', 'perm', '3');
INSERT INTO menu VALUES ('12', '2015-09-02 14:10:20', '', '2015-09-02 14:10:22', '路径列表', '/admin/url', '4', 'url', '4');
INSERT INTO menu VALUES ('13', '2015-09-02 14:10:20', '', '2015-09-02 14:10:22', '积分管理', '/admin/integral', null, 'integral', '2');
INSERT INTO menu VALUES ('14', '2015-09-11 11:59:54', '', '2015-09-11 11:59:59', '用户积分', '/admin/integral', '13', 'integral', '1');
INSERT INTO menu VALUES ('15', '2015-10-30 18:10:49', '', '2015-10-30 18:10:54', '点赞统计', '/admin/favour/craft', null, 'favour', '1');
INSERT INTO menu VALUES ('16', '2015-10-30 18:11:34', '', '2015-10-30 18:11:37', '用户点赞统计', '/admin/favour/user', '15', 'user', '2');
INSERT INTO menu VALUES ('17', '2015-10-30 18:12:21', '', '2015-10-30 18:12:24', '商品点赞统计', '/admin/favour/craft', '15', 'craft', '1');
INSERT INTO menu VALUES ('2', '2015-08-27 15:41:35', '', '2015-08-27 15:41:39', '商品管理', '/admin/merchandise', null, 'merchandise', '4');
INSERT INTO menu VALUES ('3', '2015-08-27 15:42:04', '', '2015-08-27 15:42:07', '积分订单管理', '/admin/integralOrder', null, 'integralOrder', '5');
INSERT INTO menu VALUES ('4', '2015-08-27 15:42:25', '', '2015-08-27 15:42:28', '用户管理', '/admin/user', null, 'user', '1');
INSERT INTO menu VALUES ('5', '2015-08-27 15:43:37', '', '2015-08-27 15:43:40', '商家信息', '/admin/shop', '1', 'shop', '1');
INSERT INTO menu VALUES ('7', '2015-08-28 18:41:45', '', '2015-08-28 18:41:47', '上架商品', '/admin/merchandise', '2', 'shelve', '1');
INSERT INTO menu VALUES ('8', '2015-08-28 18:42:01', '', '2015-08-28 18:42:04', '积分订单列表', '/admin/integralOrder', '3', 'integralOrder', '1');
INSERT INTO menu VALUES ('9', '2015-08-28 18:42:23', '', '2015-08-28 18:42:26', '用户列表', '/admin/user', '4', 'user', '1');

-- ----------------------------
-- Table structure for `merchandise`
-- ----------------------------
DROP TABLE IF EXISTS `merchandise`;
CREATE TABLE `merchandise` (
  `id` varchar(255) NOT NULL,
  `create_time` datetime DEFAULT NULL,
  `deleted` bit(1) NOT NULL,
  `update_time` datetime DEFAULT NULL,
  `integral_count` bigint(20) NOT NULL,
  `is_shelve` varchar(1) NOT NULL,
  `name` varchar(255) DEFAULT NULL,
  `original` varchar(255) DEFAULT NULL,
  `price` double(10,2) DEFAULT NULL,
  `remark` text,
  `seq` varchar(255) DEFAULT NULL,
  `stock` bigint(20) NOT NULL,
  `brand` varchar(255) DEFAULT NULL,
  `classify` varchar(255) DEFAULT NULL,
  `main_pic_media` varchar(255) DEFAULT NULL,
  `type` varchar(31) NOT NULL,
  `brief` varchar(255) DEFAULT NULL,
  `end_date` datetime DEFAULT NULL,
  `start_date` datetime DEFAULT NULL,
  PRIMARY KEY (`id`),
  KEY `FK_fluipnudy4b30fh0q6imjf94a` (`brand`),
  KEY `FK_ieqpfuir6uq9oamwrgt0dhcl4` (`classify`),
  KEY `FK_rokvdq3lb9souda84pocqwndk` (`main_pic_media`),
  CONSTRAINT `FK_fluipnudy4b30fh0q6imjf94a` FOREIGN KEY (`brand`) REFERENCES `categoryitem` (`id`),
  CONSTRAINT `FK_ieqpfuir6uq9oamwrgt0dhcl4` FOREIGN KEY (`classify`) REFERENCES `categoryitem` (`id`),
  CONSTRAINT `FK_rokvdq3lb9souda84pocqwndk` FOREIGN KEY (`main_pic_media`) REFERENCES `medias` (`id`)
) ENGINE=InnoDB DEFAULT CHARSET=utf8;

-- ----------------------------
-- Records of merchandise
-- ----------------------------
INSERT INTO merchandise VALUES ('4040409e4ed7e888014ed7ecbbf50001', '2015-07-29 11:48:13', '', '2015-09-29 17:37:55', '780', '1', '斜纹绸丝巾', '', '780.00', '质地轻薄，款式成熟时尚，是您提升气质的绝佳单品。\r\n颜色：黑白/黄绿/橘蓝/米蓝/粉黑', '01', '1584', '54645', '34534', 'faf08f184ffeb9bc01501854ac14000f', '1', '积分兑换', '2015-09-30 00:00:00', '2015-09-07 00:00:00');
INSERT INTO merchandise VALUES ('4040409e4ed801d6014ed803ae0d0000', '2015-07-29 12:13:17', '', '2015-09-10 18:00:16', '2000', '0', '100元代金券', '', '0.00', '吉芬（JEFEN），是为28至40岁风华正茂的女性所设计的高贵服装。她选用的材料主要是意大利的毛、丝、麻等天然素材，并有最先进的面料加工工艺制成，所以，在面料上体现了它的高贵性。在设计上，在简约的风范之下融合进了时尚流行的基本元素；在实用的基础上，不失性感；特别是版型上，更多考虑到28岁以上女性体型变化的诸多特点，在欧码版型的基础上，经过对东方女性体型的深入研究，而做出的设计。它以时尚、高贵、独特的文化内涵引导人们高品位的生活方式。它不仅是一件衣服，而且通过时尚的款式设计，精良的手工制做工艺及中西合璧、无与伦比的板型制造所带来的穿着效果，充分体现穿着JEFEN品牌所带给人们的风采与自豪。吉芬（JEFEN），是为28至40岁风华正茂的女性所设计的高贵服装。她选用的材料主要是意大利的毛、丝、麻等天然素材，并有最先进的面料加工工艺制成，所以，吉芬（JEFEN），是为28至40岁风华正茂的女性所设计的高贵服装。她选用的材料主要是意大利的毛、丝、麻等天然素材，并有最先进的面料加工工艺制成，所以，吉芬（JEFEN），是为28至40岁风华正茂的女性所设计的高贵服装。她选用的材料主要是意大利的毛、丝、麻等天然素材，并有最先进的面料加工工艺制成，所以，', '03', '85', '54645', '67546', 'faf08f184efba4cb014efbabf510000c', '0', '活动火热进行中', '2015-09-30 00:00:00', '2015-09-07 00:00:00');
INSERT INTO merchandise VALUES ('4040409e4ed941b6014ed944a03e0000', '2015-07-29 18:03:50', '', '2015-09-10 17:58:16', '1222', '0', '1000元代金券', '', '0.00', '吉芬（JEFEN），是为28至40岁风华正茂的女性所设计的高贵服装。她选用的材料主要是意大利的毛、丝、麻等天然素材，并有最先进的面料加工工艺制成，所以，在面料上体现了它的高贵性。在设计上，在简约的风范之下融合进了时尚流行的基本元素；在实用的基础上，不失性感；特别是版型上，更多考虑到28岁以上女性体型变化的诸多特点，在欧码版型的基础上，经过对东方女性体型的深入研究，而做出的设计。它以时尚、高贵、独特的文化内涵引导人们高品位的生活方式。它不仅是一件衣服，而且通过时尚的款式设计，精良的手工制做工艺及中西合璧、无与伦比的板型制造所带来的穿着效果，充分体现穿着JEFEN品牌所带给人们的风采与自豪。吉芬（JEFEN），是为28至40岁风华正茂的女性所设计的高贵服装。她选用的材料主要是意大利的毛、丝、麻等天然素材，并有最先进的面料加工工艺制成，所以，吉芬（JEFEN），是为28至40岁风华正茂的女性所设计的高贵服装。她选用的材料主要是意大利的毛、丝、麻等天然素材，并有最先进的面料加工工艺制成，所以，吉芬（JEFEN），是为28至40岁风华正茂的女性所设计的高贵服装。她选用的材料主要是意大利的毛、丝、麻等天然素材，并有最先进的面料加工工艺制成，所以，', '02', '6', '54645', '67546', 'faf08f184faacc80014faad57af5000d', '0', '活动火热进行中', '2015-09-30 00:00:00', '2015-09-07 00:00:00');
INSERT INTO merchandise VALUES ('4040409e4ef21b7d014ef21d7d590002', '2015-08-03 13:51:36', '', '2015-09-10 17:58:21', '1000', '0', '裙子', '', '100.00', '吉芬（JEFEN），是为28至40岁风华正茂的女性所设计的高贵服装。她选用的材料主要是意大利的毛、丝、麻等天然素材，并有最先进的面料加工工艺制成，所以，在面料上体现了它的高贵性。在设计上，在简约的风范之下融合进了时尚流行的基本元素；在实用的基础上，不失性感；特别是版型上，更多考虑到28岁以上女性体型变化的诸多特点，在欧码版型的基础上，经过对东方女性体型的深入研究，而做出的设计。它以时尚、高贵、独特的文化内涵引导人们高品位的生活方式。它不仅是一件衣服，而且通过时尚的款式设计，精良的手工制做工艺及中西合璧、无与伦比的板型制造所带来的穿着效果，充分体现穿着JEFEN品牌所带给人们的风采与自豪。吉芬（JEFEN），是为28至40岁风华正茂的女性所设计的高贵服装。她选用的材料主要是意大利的毛、丝、麻等天然素材，并有最先进的面料加工工艺制成，所以，吉芬（JEFEN），是为28至40岁风华正茂的女性所设计的高贵服装。她选用的材料主要是意大利的毛、丝、麻等天然素材，并有最先进的面料加工工艺制成，所以，吉芬（JEFEN），是为28至40岁风华正茂的女性所设计的高贵服装。她选用的材料主要是意大利的毛、丝、麻等天然素材，并有最先进的面料加工工艺制成，所以，', '04', '0', '54645', '435345', 'faf08f184efba4cb014efbab5c780007', '1', '活动火热进行中', '2015-09-30 00:00:00', '2015-09-07 00:00:00');
INSERT INTO merchandise VALUES ('4040409e4ef2392c014ef23cec1b0003', '2015-08-03 14:25:56', '', '2015-09-10 17:53:09', '1230', '0', '太阳镜', '', '100.00', '吉芬（JEFEN），是为28至40岁风华正茂的女性所设计的高贵服装。她选用的材料主要是意大利的毛、丝、麻等天然素材，并有最先进的面料加工工艺制成，所以，在面料上体现了它的高贵性。在设计上，在简约的风范之下融合进了时尚流行的基本元素；在实用的基础上，不失性感；特别是版型上，更多考虑到28岁以上女性体型变化的诸多特点，在欧码版型的基础上，经过对东方女性体型的深入研究，而做出的设计。它以时尚、高贵、独特的文化内涵引导人们高品位的生活方式。它不仅是一件衣服，而且通过时尚的款式设计，精良的手工制做工艺及中西合璧、无与伦比的板型制造所带来的穿着效果，充分体现穿着JEFEN品牌所带给人们的风采与自豪。吉芬（JEFEN），是为28至40岁风华正茂的女性所设计的高贵服装。她选用的材料主要是意大利的毛、丝、麻等天然素材，并有最先进的面料加工工艺制成，所以，吉芬（JEFEN），是为28至40岁风华正茂的女性所设计的高贵服装。她选用的材料主要是意大利的毛、丝、麻等天然素材，并有最先进的面料加工工艺制成，所以，吉芬（JEFEN），是为28至40岁风华正茂的女性所设计的高贵服装。她选用的材料主要是意大利的毛、丝、麻等天然素材，并有最先进的面料加工工艺制成，所以，', '05', '97', '43543', '34534', 'faf08f184efba4cb014efbab1e840004', '1', '活动火热进行中', '2015-09-30 00:00:00', '2015-09-07 00:00:00');
INSERT INTO merchandise VALUES ('4040409e4ef31284014ef313f1710001', '2015-08-03 18:20:47', '', '2015-09-10 15:58:30', '100', '0', '代金券', '', '0.00', '吉芬（JEFEN），是为28至40岁风华正茂的女性所设计的高贵服装。她选用的材料主要是意大利的毛、丝、麻等天然素材，并有最先进的面料加工工艺制成，所以，在面料上体现了它的高贵性。在设计上，在简约的风范之下融合进了时尚流行的基本元素；在实用的基础上，不失性感；特别是版型上，更多考虑到28岁以上女性体型变化的诸多特点，在欧码版型的基础上，经过对东方女性体型的深入研究，而做出的设计。它以时尚、高贵、独特的文化内涵引导人们高品位的生活方式。它不仅是一件衣服，而且通过时尚的款式设计，精良的手工制做工艺及中西合璧、无与伦比的板型制造所带来的穿着效果，充分体现穿着JEFEN品牌所带给人们的风采与自豪。吉芬（JEFEN），是为28至40岁风华正茂的女性所设计的高贵服装。她选用的材料主要是意大利的毛、丝、麻等天然素材，并有最先进的面料加工工艺制成，所以，吉芬（JEFEN），是为28至40岁风华正茂的女性所设计的高贵服装。她选用的材料主要是意大利的毛、丝、麻等天然素材，并有最先进的面料加工工艺制成，所以，吉芬（JEFEN），是为28至40岁风华正茂的女性所设计的高贵服装。她选用的材料主要是意大利的毛、丝、麻等天然素材，并有最先进的面料加工工艺制成，所以，', '06', '986', '676545435', '67546', 'faf08f184faacc80014faad449510009', '0', '活动火热进行中', '2015-09-30 00:00:00', '2015-09-07 00:00:00');
INSERT INTO merchandise VALUES ('4040409e4ef31284014ef314eff50004', '2015-08-03 18:21:52', '', '2015-09-10 18:00:24', '324', '0', '帽子', '222222222222', '1900.00', '吉芬（JEFEN），是为28至40岁风华正茂的女性所设计的高贵服装。她选用的材料主要是意大利的毛、丝、麻等天然素材，并有最先进的面料加工工艺制成，所以，在面料上体现了它的高贵性。在设计上，在简约的风范之下融合进了时尚流行的基本元素；在实用的基础上，不失性感；特别是版型上，更多考虑到28岁以上女性体型变化的诸多特点，在欧码版型的基础上，经过对东方女性体型的深入研究，而做出的设计。它以时尚、高贵、独特的文化内涵引导人们高品位的生活方式。它不仅是一件衣服，而且通过时尚的款式设计，精良的手工制做工艺及中西合璧、无与伦比的板型制造所带来的穿着效果，充分体现穿着JEFEN品牌所带给人们的风采与自豪。吉芬（JEFEN），是为28至40岁风华正茂的女性所设计的高贵服装。她选用的材料主要是意大利的毛、丝、麻等天然素材，并有最先进的面料加工工艺制成，所以，吉芬（JEFEN），是为28至40岁风华正茂的女性所设计的高贵服装。她选用的材料主要是意大利的毛、丝、麻等天然素材，并有最先进的面料加工工艺制成，所以，吉芬（JEFEN），是为28至40岁风华正茂的女性所设计的高贵服装。她选用的材料主要是意大利的毛、丝、麻等天然素材，并有最先进的面料加工工艺制成，所以，', '07', '0', '54645', '34534', 'faf08f184faacc80014faad370be0007', '1', '活动火热进行中', '2015-09-30 00:00:00', '2015-09-07 00:00:00');
INSERT INTO merchandise VALUES ('faf08f184f2bb57e014f2bb699f20002', '2015-08-14 18:17:11', '', '2015-09-29 17:41:27', '1180', '1', '亮皮手包', '345435435', '1180.00', '华美质感的压纹工艺皮革手包，整体造型时尚大气，别致的包款搭配本色腕带，袋口采用拉链设计，彰显超凡品质。\r\n颜色：橘/蓝', '08', '1797', '54645', '34534', 'faf08f184ffeb9bc0150187a6d040016', '1', '积分兑换', '2015-09-30 00:00:00', '2015-09-07 00:00:00');
INSERT INTO merchandise VALUES ('faf08f184f43f1fb014f4424262b0041', '2015-08-19 12:07:43', '', '2015-09-10 15:58:03', '2000', '0', '200元代金券', '', '200.00', '吉芬（JEFEN），是为28至40岁风华正茂的女性所设计的高贵服装。她选用的材料主要是意大利的毛、丝、麻等天然素材，并有最先进的面料加工工艺制成，所以，在面料上体现了它的高贵性。在设计上，在简约的风范之下融合进了时尚流行的基本元素；在实用的基础上，不失性感；特别是版型上，更多考虑到28岁以上女性体型变化的诸多特点，在欧码版型的基础上，经过对东方女性体型的深入研究，而做出的设计。它以时尚、高贵、独特的文化内涵引导人们高品位的生活方式。它不仅是一件衣服，而且通过时尚的款式设计，精良的手工制做工艺及中西合璧、无与伦比的板型制造所带来的穿着效果，充分体现穿着JEFEN品牌所带给人们的风采与自豪。吉芬（JEFEN），是为28至40岁风华正茂的女性所设计的高贵服装。她选用的材料主要是意大利的毛、丝、麻等天然素材，并有最先进的面料加工工艺制成，所以，吉芬（JEFEN），是为28至40岁风华正茂的女性所设计的高贵服装。她选用的材料主要是意大利的毛、丝、麻等天然素材，并有最先进的面料加工工艺制成，所以，吉芬（JEFEN），是为28至40岁风华正茂的女性所设计的高贵服装。她选用的材料主要是意大利的毛、丝、麻等天然素材，并有最先进的面料加工工艺制成，所以，', '09', '991', '54645', '67546', 'faf08f184faacc80014faad240ff0004', '0', '活动火热进行中', '2015-09-30 00:00:00', '2015-09-07 00:00:00');
INSERT INTO merchandise VALUES ('faf08f184f43f1fb014f44263e9d0044', '2015-08-19 12:10:01', '', '2015-09-10 15:58:01', '5000', '0', '打底衫', '', '700.00', '吉芬（JEFEN），是为28至40岁风华正茂的女性所设计的高贵服装。她选用的材料主要是意大利的毛、丝、麻等天然素材，并有最先进的面料加工工艺制成，所以，在面料上体现了它的高贵性。在设计上，在简约的风范之下融合进了时尚流行的基本元素；在实用的基础上，不失性感；特别是版型上，更多考虑到28岁以上女性体型变化的诸多特点，在欧码版型的基础上，经过对东方女性体型的深入研究，而做出的设计。它以时尚、高贵、独特的文化内涵引导人们高品位的生活方式。它不仅是一件衣服，而且通过时尚的款式设计，精良的手工制做工艺及中西合璧、无与伦比的板型制造所带来的穿着效果，充分体现穿着JEFEN品牌所带给人们的风采与自豪。吉芬（JEFEN），是为28至40岁风华正茂的女性所设计的高贵服装。她选用的材料主要是意大利的毛、丝、麻等天然素材，并有最先进的面料加工工艺制成，所以，吉芬（JEFEN），是为28至40岁风华正茂的女性所设计的高贵服装。她选用的材料主要是意大利的毛、丝、麻等天然素材，并有最先进的面料加工工艺制成，所以，吉芬（JEFEN），是为28至40岁风华正茂的女性所设计的高贵服装。她选用的材料主要是意大利的毛、丝、麻等天然素材，并有最先进的面料加工工艺制成，所以，', '10', '120', '54645', '34534', 'faf08f184f43f1fb014f44263e650042', '1', '活动火热进行中', '2015-09-30 00:00:00', '2015-09-07 00:00:00');
INSERT INTO merchandise VALUES ('faf08f184f4a77e7014f4a88d40b0006', '2015-08-20 17:55:25', '', '2015-09-10 15:57:58', '100', '0', '100元代金券', 'qdzx1', '200.00', '吉芬（JEFEN），是为28至40岁风华正茂的女性所设计的高贵服装。她选用的材料主要是意大利的毛、丝、麻等天然素材，并有最先进的面料加工工艺制成，所以，在面料上体现了它的高贵性。在设计上，在简约的风范之下融合进了时尚流行的基本元素；在实用的基础上，不失性感；特别是版型上，更多考虑到28岁以上女性体型变化的诸多特点，在欧码版型的基础上，经过对东方女性体型的深入研究，而做出的设计。它以时尚、高贵、独特的文化内涵引导人们高品位的生活方式。它不仅是一件衣服，而且通过时尚的款式设计，精良的手工制做工艺及中西合璧、无与伦比的板型制造所带来的穿着效果，充分体现穿着JEFEN品牌所带给人们的风采与自豪。吉芬（JEFEN），是为28至40岁风华正茂的女性所设计的高贵服装。她选用的材料主要是意大利的毛、丝、麻等天然素材，并有最先进的面料加工工艺制成，所以，吉芬（JEFEN），是为28至40岁风华正茂的女性所设计的高贵服装。她选用的材料主要是意大利的毛、丝、麻等天然素材，并有最先进的面料加工工艺制成，所以，吉芬（JEFEN），是为28至40岁风华正茂的女性所设计的高贵服装。她选用的材料主要是意大利的毛、丝、麻等天然素材，并有最先进的面料加工工艺制成，所以，', '11', '804', '54645', '67546', 'faf08f184f4a77e7014f4a88d3d20004', '0', '活动火热进行中', '2015-09-30 00:00:00', '2015-09-07 00:00:00');
INSERT INTO merchandise VALUES ('faf08f184f4a77e7014f4a8b45f3000a', '2015-08-20 17:58:05', '', '2015-09-10 15:57:56', '400', '0', '围巾', '', '400.00', '吉芬（JEFEN），是为28至40岁风华正茂的女性所设计的高贵服装。她选用的材料主要是意大利的毛、丝、麻等天然素材，并有最先进的面料加工工艺制成，所以，在面料上体现了它的高贵性。在设计上，在简约的风范之下融合进了时尚流行的基本元素；在实用的基础上，不失性感；特别是版型上，更多考虑到28岁以上女性体型变化的诸多特点，在欧码版型的基础上，经过对东方女性体型的深入研究，而做出的设计。它以时尚、高贵、独特的文化内涵引导人们高品位的生活方式。它不仅是一件衣服，而且通过时尚的款式设计，精良的手工制做工艺及中西合璧、无与伦比的板型制造所带来的穿着效果，充分体现穿着JEFEN品牌所带给人们的风采与自豪。吉芬（JEFEN），是为28至40岁风华正茂的女性所设计的高贵服装。她选用的材料主要是意大利的毛、丝、麻等天然素材，并有最先进的面料加工工艺制成，所以，吉芬（JEFEN），是为28至40岁风华正茂的女性所设计的高贵服装。她选用的材料主要是意大利的毛、丝、麻等天然素材，并有最先进的面料加工工艺制成，所以，吉芬（JEFEN），是为28至40岁风华正茂的女性所设计的高贵服装。她选用的材料主要是意大利的毛、丝、麻等天然素材，并有最先进的面料加工工艺制成，所以，', '12', '81', '54645', '34534', 'faf08f184f4a77e7014f4a8b45b60007', '1', '活动火热进行中', '2015-09-30 00:00:00', '2015-09-07 00:00:00');
INSERT INTO merchandise VALUES ('faf08f184fb07a88014fb0a346660007', '2015-09-09 13:45:34', '', '2015-09-18 10:33:08', '700', '1', '洗牙套餐', '', '700.00', '套餐详情：\r\n洗牙+口腔体检+免费建档+3D拍片+专家免费咨询\r\n\r\n使用有效期至：2015-11-30\r\n预约须知：需提前3天致电商家预约\r\n商家电话：010-58627394；010-58627395', '13', '6', '676545435', '67546', 'faf08f184fb5e098014fb6414692000a', '0', '积分兑换', '2015-11-30 00:00:00', '2015-09-02 00:00:00');
INSERT INTO merchandise VALUES ('faf08f184fb07a88014fb0a36112000c', '2015-09-09 13:45:41', '', '2015-09-09 13:46:10', '700', '0', '洗牙套餐', '', '0.00', '洗牙+口腔体检+免费建档+3D拍片+专家免费咨询', '13', '15', '676545435', '67546', 'faf08f184fb07a88014fb0a360fa0008', '0', '洗牙+口腔体检+免费建档+3D拍片+专家免费咨询', '2015-11-30 00:00:00', '2015-09-02 00:00:00');
INSERT INTO merchandise VALUES ('faf08f184fb07a88014fb0a37fa30011', '2015-09-09 13:45:49', '', '2015-09-09 13:46:07', '700', '0', '洗牙套餐', '', '0.00', '洗牙+口腔体检+免费建档+3D拍片+专家免费咨询', '13', '15', '676545435', '67546', 'faf08f184fb07a88014fb0a37f51000d', '0', '洗牙+口腔体检+免费建档+3D拍片+专家免费咨询', '2015-11-30 00:00:00', '2015-09-02 00:00:00');
INSERT INTO merchandise VALUES ('faf08f184fb13015014fb15534090025', '2015-09-09 16:59:55', '', '2015-09-17 14:15:15', '1000', '1', '光之树瑜伽周卡', '', '1000.00', '商品详情：\r\n周一至周五上午/下午课程，可每天连续参加，\r\n体验整套瑜伽体验课程，获得良好效果。\r\n\r\n使用有效期至：2015-11-30\r\n预约须知：需提前1天致电商家预约制订课程\r\n商家电话：4006 806 201', '14', '7', '676545435', '67546', 'faf08f184fb13015014fb15533f6001d', '0', '积分兑换', '2015-11-30 00:00:00', '2015-09-02 00:00:00');
INSERT INTO merchandise VALUES ('faf08f184fb5e098014fb5e456b50002', '2015-09-10 14:14:44', '', '2015-09-10 14:15:07', '657', '0', '657657', '', '1000.00', '', '657657', '567', '54645', '435345', 'faf08f184fb5e098014fb5e4569e0000', '1', '567', '2015-09-30 00:00:00', '2015-09-20 00:00:00');
INSERT INTO merchandise VALUES ('faf08f184fb67622014fb69eb8bb0004', '2015-09-10 17:38:19', '', '2015-09-30 16:57:19', '3480', '1', '纯羊绒衫', '', '3480.00', '面料纤维丰满，柔滑细致，体现温暖与舒适感。此款圆领套衫，保暖性好，天然动物纤维舒适度高，款式经典、搭配性强。\r\n颜色：灰/白/黑/红/蓝', '15', '1998', '54645', '435345', 'faf08f184ffeb9bc015018793bc10015', '1', '积分兑换', '2015-11-30 00:00:00', '2015-09-09 00:00:00');
INSERT INTO merchandise VALUES ('faf08f184fcf1fdd014fd56eb907005d', '2015-09-16 17:14:07', '', '2015-09-17 14:23:20', '380', '1', '爱唯诗营养发膜单次', '', '380.00', '商品详情：\r\n洗发10分钟\r\n营养护理35-40分钟\r\n吹风造型15分钟\r\n使用韩国第二代纳米喷雾技术迅速打开毛鳞片，头发更好吸收营养。\r\n\r\n使用有效期至：2015-11-30\r\n预约须知：请提前1天致电商家预约\r\n商家电话：010-64604847', '02', '2', '676545435', '67546', 'faf08f184fcf1fdd014fd56eb8fb0058', '0', '积分兑换', '2015-11-30 00:00:00', '2015-09-16 00:00:00');
INSERT INTO merchandise VALUES ('faf08f184fcf1fdd014fd57ac4010063', '2015-09-16 17:27:16', '', '2015-09-17 14:16:49', '580', '1', '博柔酸性胶原发膜单次', '', '580.00', '商品详情：\r\n洗发10分钟\r\n营养护理35-40分钟\r\n吹风造型15分钟\r\n推进头发PH值，更好修复发质。\r\n\r\n使用有效期至：2015-11-30\r\n预约须知：请提前1天致电商家预约\r\n商家电话：010-64604847', '03', '4', '676545435', '67546', 'faf08f184fcf1fdd014fd57ac3fc005e', '0', '积分兑换', '2015-11-30 00:00:00', '2015-09-16 00:00:00');
INSERT INTO merchandise VALUES ('faf08f184fcf1fdd014fd58265980069', '2015-09-16 17:35:36', '', '2015-09-17 14:22:24', '568', '1', '面部SPA水养仪', '', '568.00', '商品详情：\r\n时长70分钟\r\n面部清洁10分钟\r\n保湿爽肤水5分钟\r\n修眉清黑头10分钟\r\n仪器微波按摩提升全脸10分钟\r\n仪器射频提升全脸10分钟\r\n仪器冰锤按摩冰敷5分钟\r\n胶原抗衰面膜15分钟\r\n按摩头部放松胳膊，爽肤胶原面霜5分钟\r\n\r\n使用有效期至：2015-11-30\r\n预约须知：请提前1天致电商家预约\r\n商家电话：010-64604847', '04', '2', '676545435', '67546', 'faf08f184fcf1fdd014fd58265910064', '0', '积分兑换', '2015-11-30 00:00:00', '2015-09-16 00:00:00');
INSERT INTO merchandise VALUES ('faf08f184fcf1fdd014fd5852223006f', '2015-09-16 17:38:36', '', '2015-09-16 17:38:36', '380', '1', '芳香开背（背部经络减压）', '', '380.00', '商品详情：\r\n时长40分钟\r\n先淋浴，背部开油，颈部按摩，左右肩颈疏通，肾部按摩，整个肩部按摩，背部搓热。\r\n\r\n使用有效期至：2015-11-30\r\n预约须知：兑换前需要提前1天电话预约，了解是否满足体验基本条件\r\n商家电话：010-64604847\r\n', '05', '5', '676545435', '67546', 'faf08f184fcf1fdd014fd585221b006a', '0', '积分兑换', '2015-11-30 00:00:00', '2015-09-16 00:00:00');

-- ----------------------------
-- Table structure for `merchandise_medias`
-- ----------------------------
DROP TABLE IF EXISTS `merchandise_medias`;
CREATE TABLE `merchandise_medias` (
  `merchandise` varchar(255) NOT NULL,
  `medias` varchar(255) NOT NULL,
  PRIMARY KEY (`merchandise`,`medias`),
  UNIQUE KEY `UK_4ykggbbyv249mawx0tj3v5t86` (`medias`),
  CONSTRAINT `FK_4ykggbbyv249mawx0tj3v5t86` FOREIGN KEY (`medias`) REFERENCES `medias` (`id`),
  CONSTRAINT `FK_tgfbhmtha0eegudp7m64tbv1i` FOREIGN KEY (`merchandise`) REFERENCES `merchandise` (`id`)
) ENGINE=InnoDB DEFAULT CHARSET=utf8;

-- ----------------------------
-- Records of merchandise_medias
-- ----------------------------
INSERT INTO merchandise_medias VALUES ('faf08f184f4a77e7014f4a8b45f3000a', 'faf08f184faacc80014faad0547b0000');
INSERT INTO merchandise_medias VALUES ('faf08f184f4a77e7014f4a8b45f3000a', 'faf08f184faacc80014faad054960001');
INSERT INTO merchandise_medias VALUES ('faf08f184f4a77e7014f4a88d40b0006', 'faf08f184faacc80014faad12d710002');
INSERT INTO merchandise_medias VALUES ('faf08f184f43f1fb014f44263e9d0044', 'faf08f184faacc80014faad1bcbc0003');
INSERT INTO merchandise_medias VALUES ('faf08f184f43f1fb014f4424262b0041', 'faf08f184faacc80014faad241000005');
INSERT INTO merchandise_medias VALUES ('4040409e4ef31284014ef314eff50004', 'faf08f184faacc80014faad370bf0008');
INSERT INTO merchandise_medias VALUES ('4040409e4ef31284014ef313f1710001', 'faf08f184faacc80014faad44953000a');
INSERT INTO merchandise_medias VALUES ('4040409e4ed801d6014ed803ae0d0000', 'faf08f184faacc80014faad4f193000c');
INSERT INTO merchandise_medias VALUES ('4040409e4ed941b6014ed944a03e0000', 'faf08f184faacc80014faad57af6000e');
INSERT INTO merchandise_medias VALUES ('4040409e4ef21b7d014ef21d7d590002', 'faf08f184faacc80014faad5cfe3000f');
INSERT INTO merchandise_medias VALUES ('4040409e4ef2392c014ef23cec1b0003', 'faf08f184faacc80014faad68d750010');
INSERT INTO merchandise_medias VALUES ('faf08f184fb07a88014fb0a346660007', 'faf08f184fb07a88014fb0a346140004');
INSERT INTO merchandise_medias VALUES ('faf08f184fb07a88014fb0a346660007', 'faf08f184fb07a88014fb0a346150005');
INSERT INTO merchandise_medias VALUES ('faf08f184fb07a88014fb0a346660007', 'faf08f184fb07a88014fb0a346160006');
INSERT INTO merchandise_medias VALUES ('faf08f184fb07a88014fb0a36112000c', 'faf08f184fb07a88014fb0a360fb0009');
INSERT INTO merchandise_medias VALUES ('faf08f184fb07a88014fb0a36112000c', 'faf08f184fb07a88014fb0a360fc000a');
INSERT INTO merchandise_medias VALUES ('faf08f184fb07a88014fb0a36112000c', 'faf08f184fb07a88014fb0a360fd000b');
INSERT INTO merchandise_medias VALUES ('faf08f184fb07a88014fb0a37fa30011', 'faf08f184fb07a88014fb0a37f52000e');
INSERT INTO merchandise_medias VALUES ('faf08f184fb07a88014fb0a37fa30011', 'faf08f184fb07a88014fb0a37f54000f');
INSERT INTO merchandise_medias VALUES ('faf08f184fb07a88014fb0a37fa30011', 'faf08f184fb07a88014fb0a37f550010');
INSERT INTO merchandise_medias VALUES ('faf08f184fb13015014fb15534090025', 'faf08f184fb13015014fb15533f7001e');
INSERT INTO merchandise_medias VALUES ('faf08f184fb13015014fb15534090025', 'faf08f184fb13015014fb15533f8001f');
INSERT INTO merchandise_medias VALUES ('faf08f184fb13015014fb15534090025', 'faf08f184fb13015014fb15533f80020');
INSERT INTO merchandise_medias VALUES ('faf08f184fb13015014fb15534090025', 'faf08f184fb13015014fb15533f90021');
INSERT INTO merchandise_medias VALUES ('faf08f184fb13015014fb15534090025', 'faf08f184fb13015014fb15533fa0022');
INSERT INTO merchandise_medias VALUES ('faf08f184fb13015014fb15534090025', 'faf08f184fb13015014fb15533fb0023');
INSERT INTO merchandise_medias VALUES ('faf08f184fb13015014fb15534090025', 'faf08f184fb13015014fb15534040024');
INSERT INTO merchandise_medias VALUES ('faf08f184fb5e098014fb5e456b50002', 'faf08f184fb5e098014fb5e456ad0001');
INSERT INTO merchandise_medias VALUES ('faf08f184fcf1fdd014fd56eb907005d', 'faf08f184fcf1fdd014fd56eb8fb0059');
INSERT INTO merchandise_medias VALUES ('faf08f184fcf1fdd014fd56eb907005d', 'faf08f184fcf1fdd014fd56eb8fc005a');
INSERT INTO merchandise_medias VALUES ('faf08f184fcf1fdd014fd56eb907005d', 'faf08f184fcf1fdd014fd56eb8fd005b');
INSERT INTO merchandise_medias VALUES ('faf08f184fcf1fdd014fd56eb907005d', 'faf08f184fcf1fdd014fd56eb8fe005c');
INSERT INTO merchandise_medias VALUES ('faf08f184fcf1fdd014fd57ac4010063', 'faf08f184fcf1fdd014fd57ac3fd005f');
INSERT INTO merchandise_medias VALUES ('faf08f184fcf1fdd014fd57ac4010063', 'faf08f184fcf1fdd014fd57ac3fd0060');
INSERT INTO merchandise_medias VALUES ('faf08f184fcf1fdd014fd57ac4010063', 'faf08f184fcf1fdd014fd57ac3fe0061');
INSERT INTO merchandise_medias VALUES ('faf08f184fcf1fdd014fd57ac4010063', 'faf08f184fcf1fdd014fd57ac3ff0062');
INSERT INTO merchandise_medias VALUES ('faf08f184fcf1fdd014fd58265980069', 'faf08f184fcf1fdd014fd58265920065');
INSERT INTO merchandise_medias VALUES ('faf08f184fcf1fdd014fd58265980069', 'faf08f184fcf1fdd014fd58265920066');
INSERT INTO merchandise_medias VALUES ('faf08f184fcf1fdd014fd58265980069', 'faf08f184fcf1fdd014fd58265940067');
INSERT INTO merchandise_medias VALUES ('faf08f184fcf1fdd014fd58265980069', 'faf08f184fcf1fdd014fd58265950068');
INSERT INTO merchandise_medias VALUES ('faf08f184fcf1fdd014fd5852223006f', 'faf08f184fcf1fdd014fd585221c006b');
INSERT INTO merchandise_medias VALUES ('faf08f184fcf1fdd014fd5852223006f', 'faf08f184fcf1fdd014fd585221d006c');
INSERT INTO merchandise_medias VALUES ('faf08f184fcf1fdd014fd5852223006f', 'faf08f184fcf1fdd014fd585221e006d');
INSERT INTO merchandise_medias VALUES ('faf08f184fcf1fdd014fd5852223006f', 'faf08f184fcf1fdd014fd585221e006e');
INSERT INTO merchandise_medias VALUES ('faf08f184f2bb57e014f2bb699f20002', 'faf08f184ffeb9bc01501846a256000d');
INSERT INTO merchandise_medias VALUES ('faf08f184f2bb57e014f2bb699f20002', 'faf08f184ffeb9bc01501846a258000e');
INSERT INTO merchandise_medias VALUES ('4040409e4ed7e888014ed7ecbbf50001', 'faf08f184ffeb9bc015018772ff80010');
INSERT INTO merchandise_medias VALUES ('4040409e4ed7e888014ed7ecbbf50001', 'faf08f184ffeb9bc015018772ffa0011');
INSERT INTO merchandise_medias VALUES ('4040409e4ed7e888014ed7ecbbf50001', 'faf08f184ffeb9bc015018772ffb0012');
INSERT INTO merchandise_medias VALUES ('4040409e4ed7e888014ed7ecbbf50001', 'faf08f184ffeb9bc015018772ffc0013');
INSERT INTO merchandise_medias VALUES ('4040409e4ed7e888014ed7ecbbf50001', 'faf08f184ffeb9bc015018772ffd0014');
INSERT INTO merchandise_medias VALUES ('faf08f184fb67622014fb69eb8bb0004', 'faf08f184ffeb9bc01501d7860090018');
INSERT INTO merchandise_medias VALUES ('faf08f184fb67622014fb69eb8bb0004', 'faf08f184ffeb9bc01501d78600a0019');
INSERT INTO merchandise_medias VALUES ('faf08f184fb67622014fb69eb8bb0004', 'faf08f184ffeb9bc01501d78600b001a');
INSERT INTO merchandise_medias VALUES ('faf08f184fb67622014fb69eb8bb0004', 'faf08f184ffeb9bc01501d78600c001b');
INSERT INTO merchandise_medias VALUES ('faf08f184fb67622014fb69eb8bb0004', 'faf08f184ffeb9bc01501d78600d001c');

-- ----------------------------
-- Table structure for `merch_branchshop`
-- ----------------------------
DROP TABLE IF EXISTS `merch_branchshop`;
CREATE TABLE `merch_branchshop` (
  `merchs` varchar(255) NOT NULL,
  `shops` varchar(255) NOT NULL,
  PRIMARY KEY (`merchs`,`shops`),
  KEY `FK_l1jfd5ppjp3bajxcke3wwqk6i` (`shops`),
  CONSTRAINT `FK_7um09nbbv3rduj3hqr9r8ul3q` FOREIGN KEY (`merchs`) REFERENCES `merchandise` (`id`),
  CONSTRAINT `FK_l1jfd5ppjp3bajxcke3wwqk6i` FOREIGN KEY (`shops`) REFERENCES `branch_shop` (`id`)
) ENGINE=InnoDB DEFAULT CHARSET=utf8;

-- ----------------------------
-- Records of merch_branchshop
-- ----------------------------
INSERT INTO merch_branchshop VALUES ('4040409e4ed801d6014ed803ae0d0000', 'faf08f184f8d4bc5014f8d4f51c30000');
INSERT INTO merch_branchshop VALUES ('faf08f184f4a77e7014f4a8b45f3000a', 'faf08f184f8d4bc5014f8d4f51c30000');
INSERT INTO merch_branchshop VALUES ('faf08f184fb5e098014fb5e456b50002', 'faf08f184f8d4bc5014f8d4f51c30000');
INSERT INTO merch_branchshop VALUES ('faf08f184f43f1fb014f44263e9d0044', 'faf08f184fa58458014fa5c09f27000d');
INSERT INTO merch_branchshop VALUES ('4040409e4ed941b6014ed944a03e0000', 'faf08f184fa58458014fa5c27b9e0013');
INSERT INTO merch_branchshop VALUES ('4040409e4ef21b7d014ef21d7d590002', 'faf08f184fa58458014fa5c27b9e0013');
INSERT INTO merch_branchshop VALUES ('4040409e4ef31284014ef313f1710001', 'faf08f184fa58458014fa5cb7964001e');
INSERT INTO merch_branchshop VALUES ('faf08f184f43f1fb014f4424262b0041', 'faf08f184faafe6b014fac2ee99f00b7');
INSERT INTO merch_branchshop VALUES ('faf08f184f4a77e7014f4a88d40b0006', 'faf08f184faafe6b014fac30012300bb');
INSERT INTO merch_branchshop VALUES ('faf08f184fb07a88014fb0a346660007', 'faf08f184fb07a88014fb09c17c70002');
INSERT INTO merch_branchshop VALUES ('faf08f184fb13015014fb15534090025', 'faf08f184fb13015014fb1496541001c');
INSERT INTO merch_branchshop VALUES ('4040409e4ed7e888014ed7ecbbf50001', 'faf08f184fb5e098014fb650ff9a0014');
INSERT INTO merch_branchshop VALUES ('faf08f184f2bb57e014f2bb699f20002', 'faf08f184fb5e098014fb650ff9a0014');
INSERT INTO merch_branchshop VALUES ('faf08f184fb67622014fb69eb8bb0004', 'faf08f184fb5e098014fb650ff9a0014');
INSERT INTO merch_branchshop VALUES ('faf08f184fcf1fdd014fd56eb907005d', 'faf08f184fcf1fdd014fd4ca19640056');
INSERT INTO merch_branchshop VALUES ('faf08f184fcf1fdd014fd57ac4010063', 'faf08f184fcf1fdd014fd4ca19640056');
INSERT INTO merch_branchshop VALUES ('faf08f184fcf1fdd014fd58265980069', 'faf08f184fcf1fdd014fd4ca19640056');
INSERT INTO merch_branchshop VALUES ('faf08f184fcf1fdd014fd5852223006f', 'faf08f184fcf1fdd014fd4ca19640056');

-- ----------------------------
-- Table structure for `message_validater`
-- ----------------------------
DROP TABLE IF EXISTS `message_validater`;
CREATE TABLE `message_validater` (
  `id` varchar(255) NOT NULL,
  `create_time` datetime DEFAULT NULL,
  `deleted` bit(1) NOT NULL,
  `update_time` datetime DEFAULT NULL,
  `expire_minutes` int(11) DEFAULT NULL,
  `expire_time` datetime DEFAULT NULL,
  `validater` varchar(255) DEFAULT NULL,
  PRIMARY KEY (`id`)
) ENGINE=InnoDB DEFAULT CHARSET=utf8;

-- ----------------------------
-- Records of message_validater
-- ----------------------------

-- ----------------------------
-- Table structure for `ordered_item`
-- ----------------------------
DROP TABLE IF EXISTS `ordered_item`;
CREATE TABLE `ordered_item` (
  `id` varchar(255) NOT NULL,
  `create_time` datetime DEFAULT NULL,
  `deleted` bit(1) NOT NULL,
  `update_time` datetime DEFAULT NULL,
  `ordernum` int(11) NOT NULL,
  `value` varchar(255) DEFAULT NULL,
  PRIMARY KEY (`id`)
) ENGINE=InnoDB DEFAULT CHARSET=utf8;

-- ----------------------------
-- Records of ordered_item
-- ----------------------------
INSERT INTO ordered_item VALUES ('404040e650c626d20150c626e1840000', '2015-11-02 11:04:07', '', '2015-11-02 11:04:07', '3', '40-49岁');
INSERT INTO ordered_item VALUES ('404040e650c626d20150c626e1850001', '2015-11-02 11:04:07', '', '2015-11-02 11:04:07', '2', '35-39岁');
INSERT INTO ordered_item VALUES ('404040e650c626d20150c626e1850002', '2015-11-02 11:04:07', '', '2015-11-02 11:04:07', '4', '50岁以上');
INSERT INTO ordered_item VALUES ('404040e650c626d20150c626e1860003', '2015-11-02 11:04:07', '', '2015-11-02 11:04:07', '0', '25-29岁');
INSERT INTO ordered_item VALUES ('404040e650c626d20150c626e1860004', '2015-11-02 11:04:07', '', '2015-11-02 11:04:07', '1', '30-34岁');
INSERT INTO ordered_item VALUES ('404040e650c626d20150c626e1860005', '2015-11-02 11:04:07', '', '2015-11-02 11:04:07', '0', '黑色');
INSERT INTO ordered_item VALUES ('404040e650c626d20150c626e1870006', '2015-11-02 11:04:07', '', '2015-11-02 11:04:07', '5', '黄色');
INSERT INTO ordered_item VALUES ('404040e650c626d20150c626e1870007', '2015-11-02 11:04:07', '', '2015-11-02 11:04:07', '1', '白色');
INSERT INTO ordered_item VALUES ('404040e650c626d20150c626e1880008', '2015-11-02 11:04:07', '', '2015-11-02 11:04:07', '4', '绿色');
INSERT INTO ordered_item VALUES ('404040e650c626d20150c626e1890009', '2015-11-02 11:04:07', '', '2015-11-02 11:04:07', '3', '红色');
INSERT INTO ordered_item VALUES ('404040e650c626d20150c626e189000a', '2015-11-02 11:04:07', '', '2015-11-02 11:04:07', '6', '灰色');
INSERT INTO ordered_item VALUES ('404040e650c626d20150c626e189000b', '2015-11-02 11:04:07', '', '2015-11-02 11:04:07', '2', '蓝色');
INSERT INTO ordered_item VALUES ('404040e650c626d20150c626e18a000c', '2015-11-02 11:04:07', '', '2015-11-02 11:04:07', '7', '紫色');
INSERT INTO ordered_item VALUES ('404040e650c626d20150c626e18b000d', '2015-11-02 11:04:07', '', '2015-11-02 11:04:07', '0', '公务员');
INSERT INTO ordered_item VALUES ('404040e650c626d20150c626e18c000e', '2015-11-02 11:04:07', '', '2015-11-02 11:04:07', '2', '老师');
INSERT INTO ordered_item VALUES ('404040e650c626d20150c626e18c000f', '2015-11-02 11:04:07', '', '2015-11-02 11:04:07', '4', '自由职业');
INSERT INTO ordered_item VALUES ('404040e650c626d20150c626e18d0010', '2015-11-02 11:04:07', '', '2015-11-02 11:04:07', '3', '白领');
INSERT INTO ordered_item VALUES ('404040e650c626d20150c626e18d0011', '2015-11-02 11:04:07', '', '2015-11-02 11:04:07', '1', '医生');
INSERT INTO ordered_item VALUES ('404040e650c626d20150c626e18d0012', '2015-11-02 11:04:07', '', '2015-11-02 11:04:07', '3', '七分裤/九分裤');
INSERT INTO ordered_item VALUES ('404040e650c626d20150c626e18e0013', '2015-11-02 11:04:07', '', '2015-11-02 11:04:07', '4', '短裤');
INSERT INTO ordered_item VALUES ('404040e650c626d20150c626e18e0014', '2015-11-02 11:04:07', '', '2015-11-02 11:04:07', '0', '长裤');
INSERT INTO ordered_item VALUES ('404040e650c626d20150c626e18e0015', '2015-11-02 11:04:07', '', '2015-11-02 11:04:07', '1', '阔腿裤');
INSERT INTO ordered_item VALUES ('404040e650c626d20150c626e18f0016', '2015-11-02 11:04:07', '', '2015-11-02 11:04:07', '2', '锥形裤');
INSERT INTO ordered_item VALUES ('404040e650c626d20150c626e18f0017', '2015-11-02 11:04:07', '', '2015-11-02 11:04:07', '0', '1000元以下');
INSERT INTO ordered_item VALUES ('404040e650c626d20150c626e18f0018', '2015-11-02 11:04:07', '', '2015-11-02 11:04:07', '1', '1000-2000');
INSERT INTO ordered_item VALUES ('404040e650c626d20150c626e1900019', '2015-11-02 11:04:07', '', '2015-11-02 11:04:07', '3', '3000以上');
INSERT INTO ordered_item VALUES ('404040e650c626d20150c626e190001a', '2015-11-02 11:04:07', '', '2015-11-02 11:04:07', '2', '2000-3000');
INSERT INTO ordered_item VALUES ('404040e650c626d20150c626e190001b', '2015-11-02 11:04:07', '', '2015-11-02 11:04:07', '5', '皮衣');
INSERT INTO ordered_item VALUES ('404040e650c626d20150c626e191001c', '2015-11-02 11:04:07', '', '2015-11-02 11:04:07', '0', '衬衫');
INSERT INTO ordered_item VALUES ('404040e650c626d20150c626e191001d', '2015-11-02 11:04:07', '', '2015-11-02 11:04:07', '7', 'T恤');
INSERT INTO ordered_item VALUES ('404040e650c626d20150c626e191001e', '2015-11-02 11:04:07', '', '2015-11-02 11:04:07', '1', '针织衫');
INSERT INTO ordered_item VALUES ('404040e650c626d20150c626e192001f', '2015-11-02 11:04:07', '', '2015-11-02 11:04:07', '2', '西服');
INSERT INTO ordered_item VALUES ('404040e650c626d20150c626e1920020', '2015-11-02 11:04:07', '', '2015-11-02 11:04:07', '3', '短外套');
INSERT INTO ordered_item VALUES ('404040e650c626d20150c626e1920021', '2015-11-02 11:04:07', '', '2015-11-02 11:04:07', '4', '大衣/风衣');
INSERT INTO ordered_item VALUES ('404040e650c626d20150c626e1930022', '2015-11-02 11:04:07', '', '2015-11-02 11:04:07', '6', '羽绒服');
INSERT INTO ordered_item VALUES ('404040e650c626d20150c626e1930023', '2015-11-02 11:04:07', '', '2015-11-02 11:04:07', '2', 'M');
INSERT INTO ordered_item VALUES ('404040e650c626d20150c626e1930024', '2015-11-02 11:04:07', '', '2015-11-02 11:04:07', '3', 'L');
INSERT INTO ordered_item VALUES ('404040e650c626d20150c626e1940025', '2015-11-02 11:04:07', '', '2015-11-02 11:04:07', '0', 'XS');
INSERT INTO ordered_item VALUES ('404040e650c626d20150c626e1940026', '2015-11-02 11:04:07', '', '2015-11-02 11:04:07', '4', 'XL');
INSERT INTO ordered_item VALUES ('404040e650c626d20150c626e1950027', '2015-11-02 11:04:07', '', '2015-11-02 11:04:07', '1', 'S');
INSERT INTO ordered_item VALUES ('404040e650c626d20150c626e1950028', '2015-11-02 11:04:07', '', '2015-11-02 11:04:07', '5', 'XXL');
INSERT INTO ordered_item VALUES ('404040e650c626d20150c626e1950029', '2015-11-02 11:04:07', '', '2015-11-02 11:04:07', '0', '连衣裙');
INSERT INTO ordered_item VALUES ('404040e650c626d20150c626e196002a', '2015-11-02 11:04:07', '', '2015-11-02 11:04:07', '1', '半裙');
INSERT INTO ordered_item VALUES ('404040e650c626d20150c626e196002b', '2015-11-02 11:04:07', '', '2015-11-02 11:04:07', '0', '优雅');
INSERT INTO ordered_item VALUES ('404040e650c626d20150c626e196002c', '2015-11-02 11:04:07', '', '2015-11-02 11:04:07', '3', 'OL/通勤');
INSERT INTO ordered_item VALUES ('404040e650c626d20150c626e197002d', '2015-11-02 11:04:07', '', '2015-11-02 11:04:07', '2', '性感');
INSERT INTO ordered_item VALUES ('404040e650c626d20150c626e197002e', '2015-11-02 11:04:07', '', '2015-11-02 11:04:07', '1', '商务');
INSERT INTO ordered_item VALUES ('404040e650c626d20150c626e197002f', '2015-11-02 11:04:07', '', '2015-11-02 11:04:07', '4', '简约');
INSERT INTO ordered_item VALUES ('404040e650c626d20150c626e1980030', '2015-11-02 11:04:07', '', '2015-11-02 11:04:07', '5', '淑女');

-- ----------------------------
-- Table structure for `order_merchandise`
-- ----------------------------
DROP TABLE IF EXISTS `order_merchandise`;
CREATE TABLE `order_merchandise` (
  `id` varchar(255) NOT NULL,
  `create_time` datetime DEFAULT NULL,
  `deleted` bit(1) NOT NULL,
  `update_time` datetime DEFAULT NULL,
  `count` int(11) NOT NULL,
  `coupon_code` varchar(255) DEFAULT NULL,
  `integral_count` bigint(20) NOT NULL,
  `usage_date` datetime DEFAULT NULL,
  `merchandise` varchar(255) DEFAULT NULL,
  `order_id` varchar(255) DEFAULT NULL,
  PRIMARY KEY (`id`),
  KEY `FK_3v4amtx6um6hllgwfgrfkit1s` (`merchandise`),
  KEY `FK_jv0b5xbhdsqkeay8va6fygg07` (`order_id`),
  CONSTRAINT `FK_3v4amtx6um6hllgwfgrfkit1s` FOREIGN KEY (`merchandise`) REFERENCES `merchandise` (`id`),
  CONSTRAINT `FK_jv0b5xbhdsqkeay8va6fygg07` FOREIGN KEY (`order_id`) REFERENCES `integral_order` (`id`)
) ENGINE=InnoDB DEFAULT CHARSET=utf8;

-- ----------------------------
-- Records of order_merchandise
-- ----------------------------
INSERT INTO order_merchandise VALUES ('faf08f184fcf1fdd014fd07ea32c0007', '2015-09-15 18:13:24', '', '2015-09-15 18:13:24', '1', '9bbf6501-7e4a-4ec4-bd13-1e70291f6ccb', '700', null, 'faf08f184fb07a88014fb0a346660007', 'faf08f184fcf1fdd014fd07ea32a0006');
INSERT INTO order_merchandise VALUES ('faf08f184fcf1fdd014fd07eba82000a', '2015-09-15 18:13:30', '', '2015-09-15 18:13:30', '1', '0cd1ee1c-1e93-40bd-a1fc-efa6d67e254c', '1000', null, 'faf08f184fb13015014fb15534090025', 'faf08f184fcf1fdd014fd07eba810009');
INSERT INTO order_merchandise VALUES ('faf08f184fcf1fdd014fd44db45f0010', '2015-09-16 11:58:26', '', '2015-09-16 11:58:26', '1', null, '780', null, '4040409e4ed7e888014ed7ecbbf50001', 'faf08f184fcf1fdd014fd44db45f000f');
INSERT INTO order_merchandise VALUES ('faf08f184fcf1fdd014fd44df06f0013', '2015-09-16 11:58:41', '', '2015-09-16 11:58:41', '1', '2cc7008c-51c5-4308-9084-98ea6e492c68', '700', null, 'faf08f184fb07a88014fb0a346660007', 'faf08f184fcf1fdd014fd44df06e0012');
INSERT INTO order_merchandise VALUES ('faf08f184fcf1fdd014fd44f71430016', '2015-09-16 12:00:20', '', '2015-09-16 12:00:20', '1', null, '780', null, '4040409e4ed7e888014ed7ecbbf50001', 'faf08f184fcf1fdd014fd44f71420015');
INSERT INTO order_merchandise VALUES ('faf08f184fcf1fdd014fd450f7160019', '2015-09-16 12:02:00', '', '2015-09-16 12:02:00', '1', null, '780', null, '4040409e4ed7e888014ed7ecbbf50001', 'faf08f184fcf1fdd014fd450f7160018');
INSERT INTO order_merchandise VALUES ('faf08f184fcf1fdd014fd4515e05001d', '2015-09-16 12:02:26', '', '2015-09-16 12:02:26', '1', null, '780', null, '4040409e4ed7e888014ed7ecbbf50001', 'faf08f184fcf1fdd014fd4515e05001c');
INSERT INTO order_merchandise VALUES ('faf08f184fcf1fdd014fd451ba010020', '2015-09-16 12:02:49', '', '2015-09-16 12:02:49', '1', 'a4fc1cf2-7b8a-47b3-8a4f-6c360bb01b35', '700', null, 'faf08f184fb07a88014fb0a346660007', 'faf08f184fcf1fdd014fd451ba01001f');
INSERT INTO order_merchandise VALUES ('faf08f184fcf1fdd014fd451f7f10023', '2015-09-16 12:03:05', '', '2015-09-16 12:03:05', '1', null, '780', null, '4040409e4ed7e888014ed7ecbbf50001', 'faf08f184fcf1fdd014fd451f7f00022');
INSERT INTO order_merchandise VALUES ('faf08f184fcf1fdd014fd4524cc60026', '2015-09-16 12:03:27', '', '2015-09-16 12:03:27', '1', null, '780', null, '4040409e4ed7e888014ed7ecbbf50001', 'faf08f184fcf1fdd014fd4524cc60025');
INSERT INTO order_merchandise VALUES ('faf08f184fcf1fdd014fd457183a0029', '2015-09-16 12:08:41', '', '2015-09-16 12:08:41', '1', null, '780', null, '4040409e4ed7e888014ed7ecbbf50001', 'faf08f184fcf1fdd014fd457183a0028');
INSERT INTO order_merchandise VALUES ('faf08f184fcf1fdd014fd458c5ae002c', '2015-09-16 12:10:31', '', '2015-09-16 12:10:31', '1', null, '780', null, '4040409e4ed7e888014ed7ecbbf50001', 'faf08f184fcf1fdd014fd458c5ad002b');
INSERT INTO order_merchandise VALUES ('faf08f184fcf1fdd014fd459b89c002f', '2015-09-16 12:11:33', '', '2015-09-16 12:11:33', '1', null, '780', null, '4040409e4ed7e888014ed7ecbbf50001', 'faf08f184fcf1fdd014fd459b89b002e');
INSERT INTO order_merchandise VALUES ('faf08f184fcf1fdd014fd459f5950032', '2015-09-16 12:11:49', '', '2015-09-16 12:11:49', '1', null, '780', null, '4040409e4ed7e888014ed7ecbbf50001', 'faf08f184fcf1fdd014fd459f5950031');
INSERT INTO order_merchandise VALUES ('faf08f184fcf1fdd014fd45a3b720035', '2015-09-16 12:12:07', '', '2015-09-16 12:12:07', '1', null, '780', null, '4040409e4ed7e888014ed7ecbbf50001', 'faf08f184fcf1fdd014fd45a3b720034');
INSERT INTO order_merchandise VALUES ('faf08f184fcf1fdd014fd45bc12a0038', '2015-09-16 12:13:47', '', '2015-09-16 12:13:47', '1', '96602b50-0664-46d7-aa9e-d1af228b9543', '700', null, 'faf08f184fb07a88014fb0a346660007', 'faf08f184fcf1fdd014fd45bc12a0037');
INSERT INTO order_merchandise VALUES ('faf08f184fcf1fdd014fd45cd5b2003b', '2015-09-16 12:14:57', '', '2015-09-16 12:14:57', '1', 'aba9fd1f-26a5-4201-a72a-07c527a4d7f0', '1000', null, 'faf08f184fb13015014fb15534090025', 'faf08f184fcf1fdd014fd45cd5b2003a');
INSERT INTO order_merchandise VALUES ('faf08f184fcf1fdd014fd45d1f30003e', '2015-09-16 12:15:16', '', '2015-09-16 12:15:16', '1', 'ea214580-d661-4628-a4fe-14bc592aa009', '700', '2015-09-16 18:10:18', 'faf08f184fb07a88014fb0a346660007', 'faf08f184fcf1fdd014fd45d1f30003d');
INSERT INTO order_merchandise VALUES ('faf08f184fcf1fdd014fd4661ef70041', '2015-09-16 12:25:06', '', '2015-09-16 12:25:06', '1', null, '780', null, '4040409e4ed7e888014ed7ecbbf50001', 'faf08f184fcf1fdd014fd4661ef70040');
INSERT INTO order_merchandise VALUES ('faf08f184fcf1fdd014fd4666f890044', '2015-09-16 12:25:27', '', '2015-09-16 12:25:27', '1', null, '780', null, '4040409e4ed7e888014ed7ecbbf50001', 'faf08f184fcf1fdd014fd4666f880043');
INSERT INTO order_merchandise VALUES ('faf08f184fcf1fdd014fd466ea240047', '2015-09-16 12:25:58', '', '2015-09-16 12:25:58', '1', null, '1180', null, 'faf08f184f2bb57e014f2bb699f20002', 'faf08f184fcf1fdd014fd466ea240046');
INSERT INTO order_merchandise VALUES ('faf08f184fcf1fdd014fd4672b02004a', '2015-09-16 12:26:15', '', '2015-09-16 12:26:15', '1', null, '3480', null, 'faf08f184fb67622014fb69eb8bb0004', 'faf08f184fcf1fdd014fd4672b020049');
INSERT INTO order_merchandise VALUES ('faf08f184fcf1fdd014fd4681eaf004d', '2015-09-16 12:27:17', '', '2015-09-16 12:27:17', '1', null, '1180', null, 'faf08f184f2bb57e014f2bb699f20002', 'faf08f184fcf1fdd014fd4681eaf004c');
INSERT INTO order_merchandise VALUES ('faf08f184fcf1fdd014fd468a0710050', '2015-09-16 12:27:50', '', '2015-09-16 12:27:50', '1', null, '780', null, '4040409e4ed7e888014ed7ecbbf50001', 'faf08f184fcf1fdd014fd468a070004f');
INSERT INTO order_merchandise VALUES ('faf08f184fcf1fdd014fd46a92740053', '2015-09-16 12:29:58', '', '2015-09-16 12:29:58', '1', null, '780', null, '4040409e4ed7e888014ed7ecbbf50001', 'faf08f184fcf1fdd014fd46a92740052');
INSERT INTO order_merchandise VALUES ('faf08f184fd5a3c0014fd9f0a4100006', '2015-09-17 14:14:30', '', '2015-09-17 14:14:30', '1', 'b1c29964738e4915bc3005b30a34660a', '700', null, 'faf08f184fb07a88014fb0a346660007', 'faf08f184fd5a3c0014fd9f0a40e0005');
INSERT INTO order_merchandise VALUES ('faf08f184fd5a3c0014fd9f154750009', '2015-09-17 14:15:15', '', '2015-09-17 14:15:15', '1', 'f1aed94cd05d451e923cef85b6c8781a', '1000', null, 'faf08f184fb13015014fb15534090025', 'faf08f184fd5a3c0014fd9f154740008');
INSERT INTO order_merchandise VALUES ('faf08f184fd5a3c0014fd9f23276000c', '2015-09-17 14:16:12', '', '2015-09-17 14:16:12', '1', 'fa781763680c4523a713d775f9d54a7a', '700', null, 'faf08f184fb07a88014fb0a346660007', 'faf08f184fd5a3c0014fd9f23276000b');
INSERT INTO order_merchandise VALUES ('faf08f184fd5a3c0014fd9f29b3b000f', '2015-09-17 14:16:39', '', '2015-09-17 14:16:39', '1', 'e21e293315204cbb8c957fe18011e453', '380', null, 'faf08f184fcf1fdd014fd56eb907005d', 'faf08f184fd5a3c0014fd9f29b39000e');
INSERT INTO order_merchandise VALUES ('faf08f184fd5a3c0014fd9f2c3da0012', '2015-09-17 14:16:49', '', '2015-09-17 14:16:49', '1', 'f6da5f3558ac4b82973301f44018fed6', '580', null, 'faf08f184fcf1fdd014fd57ac4010063', 'faf08f184fd5a3c0014fd9f2c3d90011');
INSERT INTO order_merchandise VALUES ('faf08f184fd5a3c0014fd9f37ae20015', '2015-09-17 14:17:36', '', '2015-09-17 14:17:36', '1', '3cbafb7ddcc543cda019b5ba422c96d4', '568', null, 'faf08f184fcf1fdd014fd58265980069', 'faf08f184fd5a3c0014fd9f37ae20014');
INSERT INTO order_merchandise VALUES ('faf08f184fd5a3c0014fd9f4f28b0018', '2015-09-17 14:19:12', '', '2015-09-17 14:19:12', '1', 'e589aeb15c7848dead06711f3c853833', '700', null, 'faf08f184fb07a88014fb0a346660007', 'faf08f184fd5a3c0014fd9f4f28b0017');
INSERT INTO order_merchandise VALUES ('faf08f184fd5a3c0014fd9f5b6a7001b', '2015-09-17 14:20:03', '', '2015-09-17 14:20:03', '1', '113707e749364737947ba40e414fe4ba', '568', null, 'faf08f184fcf1fdd014fd58265980069', 'faf08f184fd5a3c0014fd9f5b6a7001a');
INSERT INTO order_merchandise VALUES ('faf08f184fd5a3c0014fd9f6a82d001e', '2015-09-17 14:21:04', '', '2015-09-17 14:21:04', '1', null, '780', null, '4040409e4ed7e888014ed7ecbbf50001', 'faf08f184fd5a3c0014fd9f6a82c001d');
INSERT INTO order_merchandise VALUES ('faf08f184fd5a3c0014fd9f78dcb0021', '2015-09-17 14:22:03', '', '2015-09-17 14:22:03', '1', null, '1180', null, 'faf08f184f2bb57e014f2bb699f20002', 'faf08f184fd5a3c0014fd9f78dca0020');
INSERT INTO order_merchandise VALUES ('faf08f184fd5a3c0014fd9f7df8e0025', '2015-09-17 14:22:24', '', '2015-09-17 14:22:24', '1', 'c18a27942eae4595a846b342b3f7f030', '568', null, 'faf08f184fcf1fdd014fd58265980069', 'faf08f184fd5a3c0014fd9f7df8e0024');
INSERT INTO order_merchandise VALUES ('faf08f184fd5a3c0014fd9f82a990028', '2015-09-17 14:22:43', '', '2015-09-17 14:22:43', '1', 'a3885e6b567d410b8481f1964807c9bc', '380', null, 'faf08f184fcf1fdd014fd56eb907005d', 'faf08f184fd5a3c0014fd9f82a980027');
INSERT INTO order_merchandise VALUES ('faf08f184fd5a3c0014fd9f8bb52002b', '2015-09-17 14:23:20', '', '2015-09-17 14:23:20', '1', '6ddff11ff73346628f3b13492a8944a3', '380', null, 'faf08f184fcf1fdd014fd56eb907005d', 'faf08f184fd5a3c0014fd9f8bb52002a');
INSERT INTO order_merchandise VALUES ('faf08f184fd5a3c0014fde4c5678002e', '2015-09-18 10:33:08', '', '2015-09-18 10:33:08', '1', '4d580c665ed24f2cb5ebb48414521643', '700', null, 'faf08f184fb07a88014fb0a346660007', 'faf08f184fd5a3c0014fde4c5677002d');
INSERT INTO order_merchandise VALUES ('faf08f184fd5a3c0014fde4d488d0031', '2015-09-18 10:34:10', '', '2015-09-18 10:34:10', '1', null, '3480', null, 'faf08f184fb67622014fb69eb8bb0004', 'faf08f184fd5a3c0014fde4d488c0030');

-- ----------------------------
-- Table structure for `permission`
-- ----------------------------
DROP TABLE IF EXISTS `permission`;
CREATE TABLE `permission` (
  `id` varchar(255) NOT NULL,
  `code` varchar(255) DEFAULT NULL,
  `name` varchar(255) DEFAULT NULL,
  `description` varchar(255) DEFAULT NULL,
  `create_time` datetime DEFAULT NULL,
  `deleted` bit(1) NOT NULL,
  `update_time` datetime DEFAULT NULL,
  PRIMARY KEY (`id`)
) ENGINE=InnoDB DEFAULT CHARSET=utf8;

-- ----------------------------
-- Records of permission
-- ----------------------------
INSERT INTO permission VALUES ('1', 'user:*', '用户', '用户所有操作权限', '2015-08-26 15:39:32', '', '2015-08-26 15:39:46');
INSERT INTO permission VALUES ('2', 'merchandise:*', '商品', '商品所有操作权限', '2015-08-26 15:39:33', '', '2015-08-26 15:40:46');
INSERT INTO permission VALUES ('4', 'integralOrder:*', '积分订单', '积分订单所有操作权限', '2015-08-26 15:39:35', '', '2015-08-26 15:41:46');
INSERT INTO permission VALUES ('4040409e4f824f62014f825319820000', 'shop:*', '商户', '商户所有操作权限', '2015-08-31 13:55:28', '', '2015-09-02 12:24:49');
INSERT INTO permission VALUES ('4040409e4f8c4513014f8c4b00a00000', 'shop:branch:*', '商户-分店', '商户的分店所有操作权限', '2015-09-02 12:22:50', '', '2015-09-02 12:25:05');
INSERT INTO permission VALUES ('4040409e4f8cb0f4014f8cb30b420000', 'role:*', '角色', '', '2015-09-02 14:16:28', '', '2015-09-02 14:16:41');
INSERT INTO permission VALUES ('4040409e4f8cb0f4014f8cb3aa4d0001', 'perm:*', '权限', '', '2015-09-02 14:17:09', '', '2015-09-02 14:17:09');
INSERT INTO permission VALUES ('4040409e4f8cb0f4014f8cb3e16c0002', 'url:*', '路径', '', '2015-09-02 14:17:23', '', '2015-09-02 14:17:23');
INSERT INTO permission VALUES ('4040409e4fba997e014fba9bd64f0001', 'integral:*', '积分管理', '', '2015-09-11 12:13:39', '', '2015-09-11 12:13:39');
INSERT INTO permission VALUES ('faf08f184ffeb9bc014ffebca4420003', 'user:add', '用户添加', '', '2015-09-24 17:43:39', '', '2015-09-24 17:43:39');
INSERT INTO permission VALUES ('faf08f184ffeb9bc014ffebcccc10004', 'user:update', '用户更新', '', '2015-09-24 17:43:50', '', '2015-09-24 17:43:50');
INSERT INTO permission VALUES ('faf08f184ffeb9bc014ffebcea2c0005', 'user:list', '用户列表查看', '', '2015-09-24 17:43:57', '', '2015-09-24 17:43:57');
INSERT INTO permission VALUES ('faf08f184ffeb9bc014ffebcff970006', 'user:delete', '用户删除', '', '2015-09-24 17:44:03', '', '2015-09-24 17:44:03');

-- ----------------------------
-- Table structure for `question_naire`
-- ----------------------------
DROP TABLE IF EXISTS `question_naire`;
CREATE TABLE `question_naire` (
  `id` varchar(255) NOT NULL,
  `create_time` datetime DEFAULT NULL,
  `deleted` bit(1) NOT NULL,
  `update_time` datetime DEFAULT NULL,
  `age` varchar(255) DEFAULT NULL,
  `name` varchar(255) DEFAULT NULL,
  `occupation` varchar(255) DEFAULT NULL,
  `price` varchar(255) DEFAULT NULL,
  `size` varchar(255) DEFAULT NULL,
  `user_id` varchar(255) NOT NULL,
  PRIMARY KEY (`id`),
  UNIQUE KEY `UK_rc9f4bdojriu62r3th1s8ibql` (`user_id`)
) ENGINE=InnoDB DEFAULT CHARSET=utf8;

-- ----------------------------
-- Records of question_naire
-- ----------------------------
INSERT INTO question_naire VALUES ('faf08f18508f683401508f68f9b30000', '2015-10-22 19:57:12', '', '2015-10-22 19:57:12', '25-29岁', 'lu', '公务员', '1000-2000', 'M', '000000004b1fafb1014b1fcf8dc50001');
INSERT INTO question_naire VALUES ('faf08f18508f683401508f7e57eb0003', '2015-10-22 20:20:33', '', '2015-10-22 20:20:33', '25-29岁', '我', '自由职业', '3000以上', 'M', 'faf08f18501bcb910150845ebce90070');
INSERT INTO question_naire VALUES ('faf08f18508f683401509011624e0009', '2015-10-22 23:01:09', '', '2015-10-22 23:01:09', '30-34岁', 'r r', '自由职业', '3000以上', 'M', '000000004b213cde014b34c1bd68028c');
INSERT INTO question_naire VALUES ('faf08f18509329a3015093455c6a0000', '2015-10-23 13:56:47', '', '2015-10-23 13:56:47', '25-29岁', '产的', '白领', '1000-2000', 'L', 'faf08f18501bcb91015083369f07006c');
INSERT INTO question_naire VALUES ('faf08f18509329a30150935545590005', '2015-10-23 14:14:10', '', '2015-10-23 14:14:10', '30-34岁', 'Wang', '自由职业', '1000-2000', 'L', 'faf08f18501bcb91015092b354c9008c');
INSERT INTO question_naire VALUES ('faf08f185093c280015093e1b3960001', '2015-10-23 16:47:33', '', '2015-10-23 16:47:33', '25-29岁', '我', '医生', '3000以上', 'S', 'faf08f18501bcb91015093df1ff600a9');
INSERT INTO question_naire VALUES ('faf08f185093c280015093e576390002', '2015-10-23 16:51:40', '', '2015-10-23 16:51:40', '25-29岁', '敦晓环', '公务员', '1000元以下', 'XS', 'faf08f18501bcb9101509397e5ef009b');
INSERT INTO question_naire VALUES ('faf08f185093c28001509551a05b000c', '2015-10-23 23:29:26', '', '2015-10-23 23:29:26', '30-34岁', '雷xian s q', '老师', '3000以上', 'L', 'faf08f184fd366a3014fd3fda04c0004');
INSERT INTO question_naire VALUES ('faf08f185093c280015098eecef1000e', '2015-10-24 16:19:58', '', '2015-10-24 16:19:58', '40-49岁', '刘红亮', '自由职业', '1000-2000', 'S', 'faf08f184cff8c09014d9a533af600dc');
INSERT INTO question_naire VALUES ('faf08f185093c280015098f942470011', '2015-10-24 16:31:23', '', '2015-10-24 16:31:23', '40-49岁', '肖军', '自由职业', '1000-2000', 'XL', 'faf08f184d9ddaea014d9f79869e03e3');
INSERT INTO question_naire VALUES ('faf08f185093c28001509da3ed800018', '2015-10-25 14:16:17', '', '2015-10-25 14:16:17', '25-29岁', '张三', '公务员', '1000元以下', 'XS', 'faf08f18501bcb9101509d9c778200c8');
INSERT INTO question_naire VALUES ('faf08f1850a3947c0150a8ea2b620004', '2015-10-27 18:48:50', '', '2015-10-27 18:48:50', '30-34岁', '張碧鋒', '白领', '2000-3000', 'M', 'faf08f18501bcb910150a8e78bc900f5');
INSERT INTO question_naire VALUES ('faf08f1850a3947c0150a8f223d30005', '2015-10-27 18:57:32', '', '2015-10-27 18:57:32', '25-29岁', '柴玲', '自由职业', '1000-2000', 'S', 'faf08f18501bcb910150a8e6370d00f2');
INSERT INTO question_naire VALUES ('faf08f1850a3947c0150a90393100008', '2015-10-27 19:16:35', '', '2015-10-27 19:16:35', '30-34岁', '郑秀红', '自由职业', '1000元以下', 'S', 'faf08f18501bcb910150a8f78f6600f9');
INSERT INTO question_naire VALUES ('faf08f1850a3947c0150a97cd07c000d', '2015-10-27 21:29:00', '', '2015-10-27 21:29:00', '25-29岁', '张小千', '白领', '1000元以下', 'XXL', 'faf08f18501bcb910150a97bcf9e010e');
INSERT INTO question_naire VALUES ('faf08f1850a3947c0150a98d076e0012', '2015-10-27 21:46:43', '', '2015-10-27 21:46:43', '40-49岁', '盛灿松', '自由职业', '1000元以下', 'XXL', 'faf08f18501bcb910150a985df070117');
INSERT INTO question_naire VALUES ('faf08f1850a3947c0150a9a8aacd0013', '2015-10-27 22:16:54', '', '2015-10-27 22:16:54', '25-29岁', '艾苗', '自由职业', '3000以上', 'M', 'faf08f18501bcb910150a9a7d4b20120');
INSERT INTO question_naire VALUES ('faf08f1850a3947c0150a9dbb5ff0017', '2015-10-27 23:12:39', '', '2015-10-27 23:12:39', '25-29岁', '葛强男', '自由职业', '1000元以下', 'M', 'faf08f184d9ddaea014d9e78cfe901c0');
INSERT INTO question_naire VALUES ('faf08f1850a3947c0150a9f648f00018', '2015-10-27 23:41:41', '', '2015-10-27 23:41:41', '25-29岁', '王媛', '自由职业', '1000-2000', 'XL', 'faf08f18501bcb910150a9f537940133');
INSERT INTO question_naire VALUES ('faf08f1850a3947c0150aa288d90001a', '2015-10-28 00:36:35', '', '2015-10-28 00:36:35', '25-29岁', '赵', '自由职业', '1000元以下', 'M', 'faf08f184d9ddaea014d9e1992c10099');
INSERT INTO question_naire VALUES ('faf08f1850a3947c0150aa597ab9001c', '2015-10-28 01:30:02', '', '2015-10-28 01:30:02', '30-34岁', '王霞', '自由职业', '2000-3000', 'M', 'faf08f18501bcb910150aa575e020139');
INSERT INTO question_naire VALUES ('faf08f1850a3947c0150ab5a193e001e', '2015-10-28 06:10:20', '', '2015-10-28 06:10:20', '25-29岁', '贺瑞瑞', '自由职业', '2000-3000', 'S', 'faf08f18501bcb910150ab582afb013c');
INSERT INTO question_naire VALUES ('faf08f1850a3947c0150abc4f1110021', '2015-10-28 08:07:02', '', '2015-10-28 08:07:02', '30-34岁', '赵庆玲', '自由职业', '1000-2000', 'S', 'faf08f18501bcb910150abc3f64c014b');
INSERT INTO question_naire VALUES ('faf08f1850a3947c0150ac1937990026', '2015-10-28 09:39:05', '', '2015-10-28 09:39:05', '30-34岁', '康平', '自由职业', '1000-2000', 'M', 'faf08f184be41285014c0b053c790022');
INSERT INTO question_naire VALUES ('faf08f1850ac4d050150ac54df380001', '2015-10-28 10:44:14', '', '2015-10-28 10:44:14', '40-49岁', '何琼', '自由职业', '2000-3000', 'S', 'faf08f18501bcb910150ac537c0a0194');
INSERT INTO question_naire VALUES ('faf08f1850ac4d050150ac6f8db40007', '2015-10-28 11:13:23', '', '2015-10-28 11:13:23', '25-29岁', '徐瑞', '白领', '3000以上', 'M', 'faf08f184eafa2f2014efc7657cd0035');
INSERT INTO question_naire VALUES ('faf08f1850ac70e20150ac7dfcb30001', '2015-10-28 11:29:09', '', '2015-10-28 11:29:09', '25-29岁', '孙云', '自由职业', '1000-2000', 'XS', 'faf08f184cff8c09014d998572560099');
INSERT INTO question_naire VALUES ('faf08f1850ac70e20150acaf3fbe0008', '2015-10-28 12:22:57', '', '2015-10-28 12:22:57', '25-29岁', '零度', '自由职业', '1000元以下', 'M', 'faf08f18501bcb910150717892740046');
INSERT INTO question_naire VALUES ('faf08f1850ac70e20150acede2ca0010', '2015-10-28 13:31:22', '', '2015-10-28 13:31:22', '30-34岁', '王小鹤', '自由职业', '1000元以下', 'XL', 'faf08f18501bcb910150ace850da01dc');
INSERT INTO question_naire VALUES ('faf08f1850ac70e20150acef16820011', '2015-10-28 13:32:41', '', '2015-10-28 13:32:41', '30-34岁', '白艳妍', '自由职业', '2000-3000', 'S', 'faf08f18501bcb910150aced3f3c01df');
INSERT INTO question_naire VALUES ('faf08f1850ac70e20150acf4d9190015', '2015-10-28 13:38:58', '', '2015-10-28 13:38:58', '25-29岁', '孙琳', '自由职业', '1000元以下', 'M', 'faf08f18501bcb910150ac6c11e001a0');
INSERT INTO question_naire VALUES ('faf08f1850ac70e20150acfbc9240017', '2015-10-28 13:46:33', '', '2015-10-28 13:46:33', '25-29岁', '杨凤霞', '自由职业', '1000元以下', 'M', 'faf08f18501bcb910150acfb005201ee');
INSERT INTO question_naire VALUES ('faf08f1850ac70e20150ad2422d7001a', '2015-10-28 14:30:38', '', '2015-10-28 14:30:38', '30-34岁', '游纯梅', '自由职业', '1000-2000', 'XS', 'faf08f184e438dab014e533e455c0113');
INSERT INTO question_naire VALUES ('faf08f1850ac70e20150ad36414a001b', '2015-10-28 14:50:25', '', '2015-10-28 14:50:25', '25-29岁', '赵春玲', '自由职业', '1000元以下', 'M', 'faf08f18501bcb910150ad34c7dc0203');
INSERT INTO question_naire VALUES ('faf08f1850ac70e20150ad3a2345001c', '2015-10-28 14:54:39', '', '2015-10-28 14:54:39', '25-29岁', '赵美玲', '白领', '1000元以下', 'S', 'faf08f18501bcb910150abf9d8d3014e');
INSERT INTO question_naire VALUES ('faf08f1850ac70e20150ad3e45a3001e', '2015-10-28 14:59:10', '', '2015-10-28 14:59:10', '30-34岁', '明', '白领', '1000元以下', 'M', 'faf08f18501bcb9101509405b6d700ac');
INSERT INTO question_naire VALUES ('faf08f1850ac70e20150ad3f0a9c001f', '2015-10-28 15:00:01', '', '2015-10-28 15:00:01', '25-29岁', '马里奥', '白领', '1000-2000', 'M', 'faf08f18501bcb910150ac0296e8015a');
INSERT INTO question_naire VALUES ('faf08f1850ac70e20150ad3fcaf40020', '2015-10-28 15:00:50', '', '2015-10-28 15:00:50', '25-29岁', '谭鑫', '白领', '2000-3000', 'S', 'faf08f184be41285014c458ad91a003c');
INSERT INTO question_naire VALUES ('faf08f1850ac70e20150ad42bae00023', '2015-10-28 15:04:03', '', '2015-10-28 15:04:03', '25-29岁', '曹洁', '自由职业', '1000-2000', 'S', 'faf08f184d9ddaea014da2d6d7b5051a');
INSERT INTO question_naire VALUES ('faf08f1850ac70e20150ad45deef0024', '2015-10-28 15:07:28', '', '2015-10-28 15:07:28', '25-29岁', '赵阳', '自由职业', '2000-3000', 'L', 'faf08f18501bcb910150ad44d250020f');
INSERT INTO question_naire VALUES ('faf08f1850ac70e20150ad48e1be0025', '2015-10-28 15:10:46', '', '2015-10-28 15:10:46', '30-34岁', '程园', '自由职业', '2000-3000', 'M', 'faf08f18501bcb910150ad44f0ce0212');
INSERT INTO question_naire VALUES ('faf08f1850ac70e20150ad4b10f80027', '2015-10-28 15:13:09', '', '2015-10-28 15:13:09', '40-49岁', '吕文静', '自由职业', '1000-2000', 'M', 'faf08f18501bcb910150ad4933300218');
INSERT INTO question_naire VALUES ('faf08f1850ac70e20150ad4bf27c0028', '2015-10-28 15:14:07', '', '2015-10-28 15:14:07', '25-29岁', '张子静', '自由职业', '1000-2000', 'XS', 'faf08f18501349e9015013aa83750008');
INSERT INTO question_naire VALUES ('faf08f1850ac70e20150ad4f0e4e0029', '2015-10-28 15:17:30', '', '2015-10-28 15:17:30', '30-34岁', '王晓亮', '自由职业', '3000以上', 'M', 'faf08f18501bcb910150ad4d23d30221');
INSERT INTO question_naire VALUES ('faf08f1850ac70e20150ad500147002a', '2015-10-28 15:18:33', '', '2015-10-28 15:18:33', '30-34岁', '宋婷', '自由职业', '1000-2000', 'L', 'faf08f18501bcb910150ad444aec020c');
INSERT INTO question_naire VALUES ('faf08f1850ac70e20150ad58714e002c', '2015-10-28 15:27:45', '', '2015-10-28 15:27:45', '40-49岁', 'mcx ', '自由职业', '3000以上', 'L', 'faf08f18501bcb910150ad549a000228');
INSERT INTO question_naire VALUES ('faf08f1850ac70e20150ad5fdbfa002f', '2015-10-28 15:35:52', '', '2015-10-28 15:35:52', '50岁以上', '谢驰', '自由职业', '2000-3000', 'L', 'faf08f18501bcb910150ad5bab34022e');
INSERT INTO question_naire VALUES ('faf08f1850ac70e20150ad627a3b0030', '2015-10-28 15:38:43', '', '2015-10-28 15:38:43', '30-34岁', '吴雪莲', '老师', '2000-3000', 'M', 'faf08f18501bcb910150ad6157b40231');
INSERT INTO question_naire VALUES ('faf08f1850ac70e20150ad6450140031', '2015-10-28 15:40:43', '', '2015-10-28 15:40:43', '25-29岁', '桑冬冬', '公务员', '3000以上', 'M', 'faf08f18501bcb910150ad6365070234');
INSERT INTO question_naire VALUES ('faf08f1850ac70e20150ad7520340033', '2015-10-28 15:59:05', '', '2015-10-28 15:59:05', '30-34岁', '陈爱琳', '自由职业', '1000元以下', 'M', 'faf08f184d9ddaea014d9ead3638023a');
INSERT INTO question_naire VALUES ('faf08f1850ac70e20150ad75cd950034', '2015-10-28 15:59:50', '', '2015-10-28 15:59:50', '30-34岁', '裴锡红', '自由职业', '2000-3000', 'S', 'faf08f18501bcb910150ad74a09e0240');
INSERT INTO question_naire VALUES ('faf08f1850ac70e20150ad9f97c40038', '2015-10-28 16:45:28', '', '2015-10-28 16:45:28', '25-29岁', '柯灵秀', '自由职业', '3000以上', 'XS', 'faf08f18501bcb910150ad9e4717024c');
INSERT INTO question_naire VALUES ('faf08f1850ac70e20150adacc79c0039', '2015-10-28 16:59:53', '', '2015-10-28 16:59:53', '30-34岁', '郭霞', '白领', '1000-2000', 'M', 'faf08f18501bcb910150a9bc7caa0126');
INSERT INTO question_naire VALUES ('faf08f1850adbeef0150ae1723f9000a', '2015-10-28 18:56:03', '', '2015-10-28 18:56:03', '40-49岁', '徐姝', '老师', '1000-2000', 'M', 'faf08f18501bcb910150acc8c6de01c1');
INSERT INTO question_naire VALUES ('faf08f1850adbeef0150ae1c961b000d', '2015-10-28 19:02:00', '', '2015-10-28 19:02:00', '25-29岁', '邵飞', '自由职业', '1000元以下', 'S', 'faf08f184e438dab014e7b78ff5a02d6');
INSERT INTO question_naire VALUES ('faf08f1850adbeef0150ae1da1d4000e', '2015-10-28 19:03:09', '', '2015-10-28 19:03:09', '25-29岁', '黄青云', '自由职业', '1000-2000', 'M', 'faf08f18501bcb910150ae17aa5f025e');
INSERT INTO question_naire VALUES ('faf08f1850adbeef0150ae2198490011', '2015-10-28 19:07:28', '', '2015-10-28 19:07:28', '30-34岁', '程玉', '自由职业', '3000以上', 'M', 'faf08f18501bcb910150ae2099b40261');
INSERT INTO question_naire VALUES ('faf08f1850adbeef0150ae224b200013', '2015-10-28 19:08:14', '', '2015-10-28 19:08:14', '30-34岁', '周玉丹', '白领', '1000-2000', 'M', 'faf08f18501bcb910150ae21357f0264');
INSERT INTO question_naire VALUES ('faf08f1850adbeef0150ae454cd90016', '2015-10-28 19:46:28', '', '2015-10-28 19:46:28', '25-29岁', '傅婷', '自由职业', '2000-3000', 'S', 'faf08f18501bcb910150ae441b960273');
INSERT INTO question_naire VALUES ('faf08f1850adbeef0150ae5031d50019', '2015-10-28 19:58:22', '', '2015-10-28 19:58:22', '30-34岁', '崔树强', '自由职业', '1000元以下', 'XL', 'faf08f18501bcb910150ae41547d0270');
INSERT INTO question_naire VALUES ('faf08f1850adbeef0150ae5695a9001b', '2015-10-28 20:05:21', '', '2015-10-28 20:05:21', '40-49岁', '余佩', '白领', '2000-3000', 'L', 'faf08f18501bcb910150ae54f964027c');
INSERT INTO question_naire VALUES ('faf08f1850adbeef0150ae608aab001f', '2015-10-28 20:16:13', '', '2015-10-28 20:16:13', '25-29岁', '孙寅', '自由职业', '1000元以下', 'S', 'faf08f18501bcb910150ae3b5210026d');
INSERT INTO question_naire VALUES ('faf08f1850adbeef0150ae6d46730020', '2015-10-28 20:30:08', '', '2015-10-28 20:30:08', '30-34岁', '夏燕', '自由职业', '3000以上', 'XL', 'faf08f18501bcb910150ae53dd0d0279');
INSERT INTO question_naire VALUES ('faf08f1850adbeef0150aebaabe90022', '2015-10-28 21:54:40', '', '2015-10-28 21:54:40', '30-34岁', '许衎', '自由职业', '2000-3000', 'L', 'faf08f18501bcb910150aeb1a3bc0286');
INSERT INTO question_naire VALUES ('faf08f1850adbeef0150aecf01cc0024', '2015-10-28 22:16:53', '', '2015-10-28 22:16:53', '25-29岁', '范范', '白领', '2000-3000', 'S', 'faf08f184fd9cd23015009f34d85010b');
INSERT INTO question_naire VALUES ('faf08f1850adbeef0150aed9ba2c0025', '2015-10-28 22:28:36', '', '2015-10-28 22:28:36', '30-34岁', '李源', '白领', '3000以上', 'XXL', 'faf08f18501bcb910150aed40a93028f');
INSERT INTO question_naire VALUES ('faf08f1850adbeef0150aee228ea0026', '2015-10-28 22:37:48', '', '2015-10-28 22:37:48', '30-34岁', '林芳', '自由职业', '3000以上', 'L', 'faf08f18501bcb910150ae6f0466027f');
INSERT INTO question_naire VALUES ('faf08f1850adbeef0150aee330890027', '2015-10-28 22:38:56', '', '2015-10-28 22:38:56', '25-29岁', '赵天会', '自由职业', '1000元以下', 'XS', 'faf08f18501bcb910150aedb6f430295');
INSERT INTO question_naire VALUES ('faf08f1850adbeef0150b11a0120002e', '2015-10-29 08:58:02', '', '2015-10-29 08:58:02', '25-29岁', '王曦晗', '自由职业', '1000-2000', 'L', 'faf08f184d9ddaea014d9ddaf6b70002');
INSERT INTO question_naire VALUES ('faf08f1850adbeef0150b12130700030', '2015-10-29 09:05:53', '', '2015-10-29 09:05:53', '40-49岁', '春', '自由职业', '1000元以下', 'S', 'faf08f18501bcb910150b120468402a7');
INSERT INTO question_naire VALUES ('faf08f1850adbeef0150b12403690031', '2015-10-29 09:08:58', '', '2015-10-29 09:08:58', '50岁以上', '李女', '医生', '3000以上', 'XL', 'faf08f184d9ddaea014d9f04ad3e02ee');
INSERT INTO question_naire VALUES ('faf08f1850adbeef0150b16797f00033', '2015-10-29 10:22:47', '', '2015-10-29 10:22:47', '30-34岁', '杨文艳', '自由职业', '1000元以下', 'S', 'faf08f18501bcb910150ac5d1561019a');
INSERT INTO question_naire VALUES ('faf08f1850adbeef0150b16a9acb0034', '2015-10-29 10:26:05', '', '2015-10-29 10:26:05', '30-34岁', '陈玲玲', '自由职业', '2000-3000', 'L', 'faf08f18501bcb910150b1668b8502ad');
INSERT INTO question_naire VALUES ('faf08f1850adbeef0150b177be3f0035', '2015-10-29 10:40:26', '', '2015-10-29 10:40:26', '30-34岁', '张八喜', '白领', '1000-2000', 'L', 'faf08f18501bcb910150b176785d02b0');
INSERT INTO question_naire VALUES ('faf08f1850adbeef0150b196f04c0036', '2015-10-29 11:14:30', '', '2015-10-29 11:14:30', '30-34岁', '张爱琴', '公务员', '1000-2000', 'M', 'faf08f18501bcb910150b1951ded02b3');
INSERT INTO question_naire VALUES ('faf08f1850adbeef0150b1a30c8f0038', '2015-10-29 11:27:44', '', '2015-10-29 11:27:44', '25-29岁', '李芹', '自由职业', '2000-3000', 'L', 'faf08f184d9ddaea014d9ea46160021c');
INSERT INTO question_naire VALUES ('faf08f1850adbeef0150b1ae8b3e003a', '2015-10-29 11:40:17', '', '2015-10-29 11:40:17', '40-49岁', '李江红', '公务员', '1000-2000', 'L', 'faf08f18501bcb910150b1acc9dc02b9');
INSERT INTO question_naire VALUES ('faf08f1850adbeef0150b20bb234003b', '2015-10-29 13:22:02', '', '2015-10-29 13:22:02', '30-34岁', '杨丽艳', '自由职业', '2000-3000', 'L', 'faf08f18501bcb910150b20a7b1c02c3');
INSERT INTO question_naire VALUES ('faf08f1850adbeef0150b22a0598003e', '2015-10-29 13:55:09', '', '2015-10-29 13:55:09', '25-29岁', '陈杰丽', '自由职业', '1000元以下', 'S', 'faf08f18501bcb910150aca4ed3c01ad');
INSERT INTO question_naire VALUES ('faf08f1850adbeef0150b22fb67c003f', '2015-10-29 14:01:22', '', '2015-10-29 14:01:22', '30-34岁', '陈碧丽', '自由职业', '1000元以下', 'M', 'faf08f18501bcb910150b22e81cc02cc');
INSERT INTO question_naire VALUES ('faf08f1850adbeef0150b26260720043', '2015-10-29 14:56:43', '', '2015-10-29 14:56:43', '30-34岁', '王悦', '自由职业', '3000以上', 'XL', 'faf08f18501bcb910150b261670002d2');
INSERT INTO question_naire VALUES ('faf08f1850adbeef0150b2728b330048', '2015-10-29 15:14:22', '', '2015-10-29 15:14:22', '40-49岁', '韩玉秀', '自由职业', '1000元以下', 'XL', 'faf08f18501bcb910150ad4d1bda021e');
INSERT INTO question_naire VALUES ('faf08f1850adbeef0150b27372080049', '2015-10-29 15:15:21', '', '2015-10-29 15:15:21', '30-34岁', '智美玲', '自由职业', '1000元以下', 'XS', 'faf08f18501bcb910150a9e828500130');
INSERT INTO question_naire VALUES ('faf08f1850adbeef0150b276d191004a', '2015-10-29 15:19:02', '', '2015-10-29 15:19:02', '30-34岁', '汪潼', '自由职业', '1000-2000', 'M', 'faf08f184e438dab014e4cd48d5d00fa');
INSERT INTO question_naire VALUES ('faf08f1850adbeef0150b2a197b9004e', '2015-10-29 16:05:46', '', '2015-10-29 16:05:46', '25-29岁', '徐晓桐', '自由职业', '1000元以下', 'XS', 'faf08f18501bcb910150b2a06a0102ee');
INSERT INTO question_naire VALUES ('faf08f1850adbeef0150b2a86d6f0052', '2015-10-29 16:13:13', '', '2015-10-29 16:13:13', '30-34岁', '黄薇', '自由职业', '1000-2000', 'M', 'faf08f18501bcb910150b2a67a7102f4');
INSERT INTO question_naire VALUES ('faf08f1850adbeef0150b2ab75fe0055', '2015-10-29 16:16:32', '', '2015-10-29 16:16:32', '40-49岁', '王娟', '自由职业', '1000-2000', 'L', 'faf08f18501bcb910150b2aa8efb02f7');
INSERT INTO question_naire VALUES ('faf08f1850adbeef0150b2b20a0e0056', '2015-10-29 16:23:43', '', '2015-10-29 16:23:43', '30-34岁', '刘晓丽', '老师', '2000-3000', 'M', 'faf08f18501bcb910150b2b146d502fd');
INSERT INTO question_naire VALUES ('faf08f1850adbeef0150b2b7e3e60058', '2015-10-29 16:30:07', '', '2015-10-29 16:30:07', '30-34岁', '肖芹', '自由职业', '2000-3000', 'S', 'faf08f184d9ddaea014d9ea4b1ab021f');
INSERT INTO question_naire VALUES ('faf08f1850adbeef0150b2cb9c60005a', '2015-10-29 16:51:39', '', '2015-10-29 16:51:39', '40-49岁', '孙晓霞', '公务员', '1000-2000', 'XL', 'faf08f18501bcb910150b2c9effe0303');
INSERT INTO question_naire VALUES ('faf08f1850adbeef0150b3004b1b005e', '2015-10-29 17:49:12', '', '2015-10-29 17:49:12', '25-29岁', '陈红群', '白领', '1000-2000', 'M', 'faf08f18501bcb910150b2ff8185030c');
INSERT INTO question_naire VALUES ('faf08f1850b30a780150b324d21d0001', '2015-10-29 18:29:06', '', '2015-10-29 18:29:06', '40-49岁', '李青梅', '自由职业', '1000元以下', 'XL', 'faf08f18501bcb910150b31d8f380312');
INSERT INTO question_naire VALUES ('faf08f1850b30a780150b32710d70002', '2015-10-29 18:31:33', '', '2015-10-29 18:31:33', '40-49岁', '李瑛', '自由职业', '1000-2000', 'S', 'faf08f18501bcb910150b3257d910315');
INSERT INTO question_naire VALUES ('faf08f1850b332c70150b35e3dd00000', '2015-10-29 19:31:49', '', '2015-10-29 19:31:49', '30-34岁', '王琳', '自由职业', '1000-2000', 'L', 'faf08f18501bcb910150b35cfa6e031e');
INSERT INTO question_naire VALUES ('faf08f1850b332c70150b37cd5500002', '2015-10-29 20:05:14', '', '2015-10-29 20:05:14', '40-49岁', '林儿', '白领', '1000-2000', 'M', 'faf08f18501bcb910150b3745a570321');
INSERT INTO question_naire VALUES ('faf08f1850b332c70150b39aad400003', '2015-10-29 20:37:50', '', '2015-10-29 20:37:50', '30-34岁', '戈蓉', '白领', '3000以上', 'XL', 'faf08f184d9ddaea014d9e36e71700dc');
INSERT INTO question_naire VALUES ('faf08f1850b332c70150b46c42010008', '2015-10-30 00:26:45', '', '2015-10-30 00:26:45', '30-34岁', '边永鸿', '自由职业', '1000-2000', 'L', 'faf08f184d9ddaea014d9df97b7c0063');
INSERT INTO question_naire VALUES ('faf08f1850b332c70150b6b50ad5000c', '2015-10-30 11:05:29', '', '2015-10-30 11:05:29', '30-34岁', '陆凤娟', '自由职业', '2000-3000', 'M', 'faf08f18501bcb910150af1b4f00029b');
INSERT INTO question_naire VALUES ('faf08f1850b6bb620150b6bda5e60001', '2015-10-30 11:14:53', '', '2015-10-30 11:14:53', '50岁以上', '王秀玲', '自由职业', '1000-2000', 'XXL', 'faf08f18501bcb910150b6bc07850337');
INSERT INTO question_naire VALUES ('faf08f1850b6bb620150b6c0d6030003', '2015-10-30 11:18:22', '', '2015-10-30 11:18:22', '50岁以上', '刘小英', '自由职业', '2000-3000', 'XL', 'faf08f18501bcb910150b6bfe3a2033a');
INSERT INTO question_naire VALUES ('faf08f1850b6bb620150b6c1a8550004', '2015-10-30 11:19:16', '', '2015-10-30 11:19:16', '30-34岁', '张华清', '自由职业', '1000元以下', 'S', 'faf08f18501bcb910150ac67d99a019d');
INSERT INTO question_naire VALUES ('faf08f1850b6bb620150b6daa20d0006', '2015-10-30 11:46:33', '', '2015-10-30 11:46:33', '30-34岁', '贺媛媛', '自由职业', '1000-2000', 'XXL', 'faf08f18501bcb910150b6d86f2b033d');
INSERT INTO question_naire VALUES ('faf08f1850b6daf80150b6f34b920000', '2015-10-30 12:13:29', '', '2015-10-30 12:13:29', '25-29岁', '舒美玲', '自由职业', '2000-3000', 'S', 'faf08f18501bcb910150ad2c517501fd');
INSERT INTO question_naire VALUES ('faf08f1850b6daf80150b745906a0004', '2015-10-30 13:43:20', '', '2015-10-30 13:43:20', '30-34岁', '路遥', '自由职业', '1000-2000', 'M', 'faf08f18501bcb910150b744d92f0343');
INSERT INTO question_naire VALUES ('faf08f1850b6daf80150b75176a20006', '2015-10-30 13:56:20', '', '2015-10-30 13:56:20', '40-49岁', '伍建玲', '自由职业', '2000-3000', 'M', 'faf08f18501bcb910150b74d71b30346');
INSERT INTO question_naire VALUES ('faf08f1850b6daf80150b7551e6f0007', '2015-10-30 14:00:20', '', '2015-10-30 14:00:20', '25-29岁', '方巧贞', '自由职业', '1000元以下', 'S', 'faf08f18501bcb910150b2a2a6cf02f1');
INSERT INTO question_naire VALUES ('faf08f1850b6daf80150b79a2006000d', '2015-10-30 15:15:42', '', '2015-10-30 15:15:42', '40-49岁', '黃淑梅', '自由职业', '2000-3000', 'L', 'faf08f18501bcb910150b79852d20353');
INSERT INTO question_naire VALUES ('faf08f1850b6daf80150b7a45aea0010', '2015-10-30 15:26:53', '', '2015-10-30 15:26:53', '25-29岁', '马娟', '白领', '1000-2000', 'S', 'faf08f18501bcb910150ad4128fc0209');
INSERT INTO question_naire VALUES ('faf08f1850b6daf80150b7aee6db0012', '2015-10-30 15:38:24', '', '2015-10-30 15:38:24', '50岁以上', '俞敏', '白领', '2000-3000', 'XL', 'faf08f184be41285014c0715d8470014');
INSERT INTO question_naire VALUES ('faf08f1850b6daf80150b7c458820015', '2015-10-30 16:01:49', '', '2015-10-30 16:01:49', '50岁以上', '姜春凤', '老师', '2000-3000', 'M', 'faf08f18501bcb910150b7c329790360');
INSERT INTO question_naire VALUES ('faf08f1850b6daf80150b80dcc690017', '2015-10-30 17:22:03', '', '2015-10-30 17:22:03', '30-34岁', '邓艳', '自由职业', '1000-2000', 'S', 'faf08f185013ea1901501654e2c50002');
INSERT INTO question_naire VALUES ('faf08f1850b6daf80150b83d70b8001c', '2015-10-30 18:14:05', '', '2015-10-30 18:14:05', '40-49岁', '王哓美', '公务员', '1000-2000', 'M', 'faf08f18501bcb910150b83be50b0378');
INSERT INTO question_naire VALUES ('faf08f1850b852520150b8a74d3b0003', '2015-10-30 20:09:43', '', '2015-10-30 20:09:43', '30-34岁', '赵', '自由职业', '1000-2000', 'M', 'faf08f18501bcb910150a95be980010b');
INSERT INTO question_naire VALUES ('faf08f1850b852520150b8d7f3c70006', '2015-10-30 21:02:51', '', '2015-10-30 21:02:51', '40-49岁', '张亚南', '白领', '3000以上', 'L', 'faf08f18501bcb910150b8d6dc59038a');
INSERT INTO question_naire VALUES ('faf08f1850b852520150bb2124b80008', '2015-10-31 07:42:02', '', '2015-10-31 07:42:02', '40-49岁', '陈', '白领', '2000-3000', 'S', 'faf08f18501bcb910150bb1c64b60396');
INSERT INTO question_naire VALUES ('faf08f1850b852520150bbf4ba6d000e', '2015-10-31 11:33:09', '', '2015-10-31 11:33:09', '40-49岁', '陈红霞', '自由职业', '1000-2000', 'M', 'faf08f18501bcb910150bbf334f103a5');
INSERT INTO question_naire VALUES ('faf08f1850b852520150bc58d1b10013', '2015-10-31 13:22:28', '', '2015-10-31 13:22:28', '40-49岁', '邢光侠', '公务员', '2000-3000', 'L', 'faf08f18501bcb910150bc55e15203ae');
INSERT INTO question_naire VALUES ('faf08f1850b852520150bc6adc3f0017', '2015-10-31 13:42:11', '', '2015-10-31 13:42:11', '25-29岁', '谢楚华', '自由职业', '1000元以下', 'S', 'faf08f18501bcb910150b30342db030f');
INSERT INTO question_naire VALUES ('faf08f1850b852520150bc79abff001a', '2015-10-31 13:58:21', '', '2015-10-31 13:58:21', '50岁以上', '胡', '自由职业', '2000-3000', 'XXL', 'faf08f18501bcb910150bc7537dd03b4');
INSERT INTO question_naire VALUES ('faf08f1850b852520150bcaf2c23001e', '2015-10-31 14:56:48', '', '2015-10-31 14:56:48', '40-49岁', '王金波', '自由职业', '3000以上', 'XL', 'faf08f18501bcb910150bcae08e203bd');
INSERT INTO question_naire VALUES ('faf08f1850b852520150bd215bd40024', '2015-10-31 17:01:31', '', '2015-10-31 17:01:31', '40-49岁', '王丽', '自由职业', '1000-2000', 'M', 'faf08f18501bcb910150bd20243703d8');
INSERT INTO question_naire VALUES ('faf08f1850b852520150bd395ab00026', '2015-10-31 17:27:44', '', '2015-10-31 17:27:44', '40-49岁', '于立安', '公务员', '3000以上', 'M', 'faf08f18501bcb910150bd387de003e1');
INSERT INTO question_naire VALUES ('faf08f1850b852520150bd78e3ed0029', '2015-10-31 18:37:07', '', '2015-10-31 18:37:07', '30-34岁', '侯一聪', '白领', '1000-2000', 'L', 'faf08f18501bcb910150bd776e6203ea');
INSERT INTO question_naire VALUES ('faf08f1850b852520150bd85e259002a', '2015-10-31 18:51:19', '', '2015-10-31 18:51:19', '40-49岁', '郑彩荣', '自由职业', '3000以上', 'XL', 'faf08f18501bcb910150bd84c5c803ed');
INSERT INTO question_naire VALUES ('faf08f1850b852520150bda8c05a002b', '2015-10-31 19:29:24', '', '2015-10-31 19:29:24', '30-34岁', '李红艳', '自由职业', '1000元以下', 'S', 'faf08f18501bcb910150bda1747003f0');
INSERT INTO question_naire VALUES ('faf08f1850b852520150bdac73bc002c', '2015-10-31 19:33:27', '', '2015-10-31 19:33:27', '40-49岁', '李永清', '白领', '1000-2000', 'M', 'faf08f18501bcb910150bdaad84d03f3');
INSERT INTO question_naire VALUES ('faf08f1850b852520150bdb25768002d', '2015-10-31 19:39:53', '', '2015-10-31 19:39:53', '50岁以上', '宣玉兰', '自由职业', '2000-3000', 'XL', 'faf08f18501bcb910150bdb100c403f9');
INSERT INTO question_naire VALUES ('faf08f1850b852520150bdb2a9e4002e', '2015-10-31 19:40:14', '', '2015-10-31 19:40:14', '25-29岁', 'helen', '白领', '1000-2000', 'M', 'faf08f18501bcb910150bdb12b0203fc');
INSERT INTO question_naire VALUES ('faf08f1850b852520150be28a15e0034', '2015-10-31 21:49:05', '', '2015-10-31 21:49:05', '30-34岁', '谷蓓蓓', '公务员', '1000-2000', 'XL', 'faf08f18501bcb910150bc592ac203b1');
INSERT INTO question_naire VALUES ('faf08f1850b852520150be43a2f80035', '2015-10-31 22:18:35', '', '2015-10-31 22:18:35', '40-49岁', 'in.chen', '自由职业', '2000-3000', 'XL', 'faf08f18501bcb910150be413f390420');
INSERT INTO question_naire VALUES ('faf08f1850b852520150be69414e0036', '2015-10-31 22:59:40', '', '2015-10-31 22:59:40', '40-49岁', '吴汝洁', '白领', '3000以上', 'M', 'faf08f18501bcb910150be31d06a041a');
INSERT INTO question_naire VALUES ('faf08f1850b852520150be954a610037', '2015-10-31 23:47:46', '', '2015-10-31 23:47:46', '40-49岁', '邸琼英', '自由职业', '1000元以下', 'XL', 'faf08f18501bcb910150b214bc9c02c9');
INSERT INTO question_naire VALUES ('faf08f1850b852520150c0eb80cc003a', '2015-11-01 10:41:10', '', '2015-11-01 10:41:10', '40-49岁', '卢冬', '自由职业', '2000-3000', 'M', 'faf08f18501bcb910150c0ea70640426');
INSERT INTO question_naire VALUES ('faf08f1850b852520150c15c5047003e', '2015-11-01 12:44:24', '', '2015-11-01 12:44:24', '40-49岁', '姜志芳', '自由职业', '1000-2000', 'L', 'faf08f18501bcb910150c15b284c043b');
INSERT INTO question_naire VALUES ('faf08f1850b852520150c1728d0d0041', '2015-11-01 13:08:41', '', '2015-11-01 13:08:41', '50岁以上', '小红', '自由职业', '1000-2000', 'L', 'faf08f18501bcb910150c17117dd0444');
INSERT INTO question_naire VALUES ('faf08f1850b852520150c1ae5ff20046', '2015-11-01 14:14:01', '', '2015-11-01 14:14:01', '40-49岁', '安海英', '公务员', '1000-2000', 'L', 'faf08f18501bcb910150c1ad8849044a');
INSERT INTO question_naire VALUES ('faf08f1850b852520150c1bce92e0047', '2015-11-01 14:29:54', '', '2015-11-01 14:29:54', '50岁以上', '李晶', '自由职业', '2000-3000', 'L', 'faf08f18501bcb910150c1b846000450');
INSERT INTO question_naire VALUES ('faf08f1850b852520150c1fb45ae004c', '2015-11-01 15:38:01', '', '2015-11-01 15:38:01', '40-49岁', '陈燕', '自由职业', '2000-3000', 'S', 'faf08f18501bcb910150c128cdf5042f');
INSERT INTO question_naire VALUES ('faf08f1850b852520150c211bc120050', '2015-11-01 16:02:33', '', '2015-11-01 16:02:33', '30-34岁', '李女士', '自由职业', '1000元以下', 'XXL', 'faf08f18501bcb910150c20e9f9f046e');
INSERT INTO question_naire VALUES ('faf08f1850b852520150c24b72220056', '2015-11-01 17:05:35', '', '2015-11-01 17:05:35', '30-34岁', '王书英', '白领', '1000-2000', 'M', 'faf08f18501bcb910150ac11a9790169');
INSERT INTO question_naire VALUES ('faf08f1850b852520150c25ab0bc005e', '2015-11-01 17:22:14', '', '2015-11-01 17:22:14', '40-49岁', '班茹', '白领', '2000-3000', 'M', 'faf08f18501bcb910150c25576c0048c');
INSERT INTO question_naire VALUES ('faf08f1850b852520150c25cfbd30060', '2015-11-01 17:24:45', '', '2015-11-01 17:24:45', '40-49岁', '李霞', '白领', '1000-2000', 'XL', 'faf08f18501bcb910150c25065040486');
INSERT INTO question_naire VALUES ('faf08f1850b852520150c2730cae0068', '2015-11-01 17:48:51', '', '2015-11-01 17:48:51', '25-29岁', '梅小庆', '白领', '2000-3000', 'S', 'faf08f18501bcb910150c2721ee10495');
INSERT INTO question_naire VALUES ('faf08f1850b852520150c2bb81170073', '2015-11-01 19:07:59', '', '2015-11-01 19:07:59', '40-49岁', '杨姐', '公务员', '3000以上', 'XL', 'faf08f18501bcb910150c2b9efd804b3');
INSERT INTO question_naire VALUES ('faf08f1850b852520150c2d5ffe30075', '2015-11-01 19:36:56', '', '2015-11-01 19:36:56', '30-34岁', '李莹', '自由职业', '2000-3000', 'L', 'faf08f18501bcb910150c2d4282104b6');
INSERT INTO question_naire VALUES ('faf08f1850b852520150c2fcf3690079', '2015-11-01 20:19:28', '', '2015-11-01 20:19:28', '30-34岁', '吴小华', '公务员', '1000-2000', 'L', 'faf08f18501bcb910150ad65a208023a');
INSERT INTO question_naire VALUES ('faf08f1850b852520150c303c94c007a', '2015-11-01 20:26:56', '', '2015-11-01 20:26:56', '25-29岁', '叶佳阳', '白领', '2000-3000', 'S', 'faf08f18501bcb910150c2fe38d004bc');
INSERT INTO question_naire VALUES ('faf08f1850b852520150c30b9cdc007b', '2015-11-01 20:35:29', '', '2015-11-01 20:35:29', '40-49岁', '兰群', '白领', '1000-2000', 'L', 'faf08f18501bcb910150c21ed4550477');
INSERT INTO question_naire VALUES ('faf08f1850b852520150c5ae1d260083', '2015-11-02 08:52:13', '', '2015-11-02 08:52:13', '40-49岁', '刘伟', '医生', '1000-2000', 'L', 'faf08f18501bcb910150c5ac96ad04dd');
INSERT INTO question_naire VALUES ('faf08f1850b852520150c64d11810084', '2015-11-02 11:45:50', '', '2015-11-02 11:45:50', '40-49岁', '谢钰', '自由职业', '1000-2000', 'L', 'faf08f18501bcb910150c27f452e049e');
INSERT INTO question_naire VALUES ('faf08f1850b852520150c6567e310086', '2015-11-02 11:56:08', '', '2015-11-02 11:56:08', '35-39岁', '孙', '自由职业', '1000-2000', 'XL', 'faf08f18501bcb910150c654d15204ef');
INSERT INTO question_naire VALUES ('faf08f1850b852520150c693a98c008d', '2015-11-02 13:02:57', '', '2015-11-02 13:02:57', '35-39岁', '常婷', '自由职业', '2000-3000', 'L', 'faf08f18501bcb910150c6905e770504');
INSERT INTO question_naire VALUES ('faf08f1850b852520150c6982315008e', '2015-11-02 13:07:50', '', '2015-11-02 13:07:50', '25-29岁', '刘敏', '老师', '1000-2000', 'M', 'faf08f18501bcb910150c69624a40507');
INSERT INTO question_naire VALUES ('faf08f1850b852520150c6d7696e0090', '2015-11-02 14:16:57', '', '2015-11-02 14:16:57', '30-34岁', '关禹', '白领', '3000以上', 'M', 'faf08f18501bcb910150c1af75ff044d');
INSERT INTO question_naire VALUES ('faf08f1850b852520150c73aff600098', '2015-11-02 16:05:43', '', '2015-11-02 16:05:43', '50岁以上', '孔岩', '自由职业', '2000-3000', 'XL', 'faf08f18501bcb910150c7369da70522');
INSERT INTO question_naire VALUES ('faf08f1850b852520150c7690b70009b', '2015-11-02 16:56:01', '', '2015-11-02 16:56:01', '35-39岁', '王云琴', '自由职业', '1000元以下', 'M', 'faf08f184d9ddaea014d9dea5693003e');
INSERT INTO question_naire VALUES ('faf08f1850b852520150c789a60c009c', '2015-11-02 17:31:38', '', '2015-11-02 17:31:38', '25-29岁', '刘丰瑞', '医生', '3000以上', 'L', 'faf08f18501bcb910150c75c61240528');
INSERT INTO question_naire VALUES ('faf08f1850b852520150c7b5326f009f', '2015-11-02 18:19:12', '', '2015-11-02 18:19:12', '25-29岁', '叶莎莉', '白领', '1000-2000', 'M', 'faf08f18501bcb910150c7b4719f0534');
INSERT INTO question_naire VALUES ('faf08f1850b852520150c7d2a39500a1', '2015-11-02 18:51:21', '', '2015-11-02 18:51:21', '40-49岁', '余芳', '自由职业', '2000-3000', 'M', 'faf08f18501bcb910150c7d1c6b9053d');
INSERT INTO question_naire VALUES ('faf08f1850b852520150c7d94e3d00a2', '2015-11-02 18:58:38', '', '2015-11-02 18:58:38', '30-34岁', '张盼', '白领', '1000元以下', 'L', 'faf08f18501bcb910150c7d64b3d0546');
INSERT INTO question_naire VALUES ('faf08f1850b852520150c7dbbd5200a3', '2015-11-02 19:01:18', '', '2015-11-02 19:01:18', '35-39岁', '符琴', '公务员', '3000以上', 'L', 'faf08f18501bcb910150c7dae982054c');
INSERT INTO question_naire VALUES ('faf08f1850b852520150c7e2122c00a5', '2015-11-02 19:08:13', '', '2015-11-02 19:08:13', '35-39岁', '陈继宏', '公务员', '3000以上', 'S', 'faf08f18501bcb910150c7e002ec0552');
INSERT INTO question_naire VALUES ('faf08f1850b852520150c7e70b5400a7', '2015-11-02 19:13:39', '', '2015-11-02 19:13:39', '30-34岁', '王辰', '自由职业', '1000-2000', 'M', 'faf08f18501bcb910150c7e36a930555');
INSERT INTO question_naire VALUES ('faf08f1850b852520150c7e80b5400a8', '2015-11-02 19:14:44', '', '2015-11-02 19:14:44', '35-39岁', ' l纪小青', '老师', '3000以上', 'M', 'faf08f184d9ddaea014d9e69191e0191');
INSERT INTO question_naire VALUES ('faf08f1850b852520150c7ec0f0d00aa', '2015-11-02 19:19:07', '', '2015-11-02 19:19:07', '40-49岁', '李霞', '公务员', '3000以上', 'L', 'faf08f184d9ddaea014d9e5694be0147');
INSERT INTO question_naire VALUES ('faf08f1850b852520150c7f4e1fd00ac', '2015-11-02 19:28:46', '', '2015-11-02 19:28:46', '25-29岁', '吴昊', '自由职业', '1000-2000', 'M', 'faf08f18501bcb910150c7f39744056a');
INSERT INTO question_naire VALUES ('faf08f1850b852520150c7f5b83c00ad', '2015-11-02 19:29:40', '', '2015-11-02 19:29:40', '35-39岁', '许小白', '白领', '2000-3000', 'S', 'faf08f18501bcb910150c7e87acf055e');
INSERT INTO question_naire VALUES ('faf08f1850b852520150c7ff83d900b1', '2015-11-02 19:40:22', '', '2015-11-02 19:40:22', '30-34岁', '罗娟', '自由职业', '2000-3000', 'M', 'faf08f18501bcb910150c7fee3e20579');
INSERT INTO question_naire VALUES ('faf08f1850b852520150c80b7d2a00b4', '2015-11-02 19:53:27', '', '2015-11-02 19:53:27', '40-49岁', '张虹', '公务员', '3000以上', 'M', 'faf08f184cff8c09014d9ab9288200e5');
INSERT INTO question_naire VALUES ('faf08f1850b852520150c815fb7f00b9', '2015-11-02 20:04:55', '', '2015-11-02 20:04:55', '35-39岁', '李淑娟', '白领', '2000-3000', 'XS', 'faf08f18501bcb910150c814b8560595');
INSERT INTO question_naire VALUES ('faf08f1850b852520150c82283ba00c9', '2015-11-02 20:18:36', '', '2015-11-02 20:18:36', '40-49岁', '周彬茹', '自由职业', '3000以上', 'L', 'faf08f18501bcb910150c821931805c8');
INSERT INTO question_naire VALUES ('faf08f1850b852520150c82caa0400ce', '2015-11-02 20:29:41', '', '2015-11-02 20:29:41', '30-34岁', '修丽莉', '自由职业', '1000元以下', 'L', 'faf08f18501bcb910150c7fae0af0573');
INSERT INTO question_naire VALUES ('faf08f1850b852520150c8309e3800cf', '2015-11-02 20:34:00', '', '2015-11-02 20:34:00', '30-34岁', '孙胖胖', '老师', '2000-3000', 'L', 'faf08f18501bcb910150c82f836a05d4');
INSERT INTO question_naire VALUES ('faf08f1850b852520150c830abad00d0', '2015-11-02 20:34:04', '', '2015-11-02 20:34:04', '35-39岁', '王志栋', '自由职业', '2000-3000', 'L', 'faf08f18501bcb910150c7ee1a410561');
INSERT INTO question_naire VALUES ('faf08f1850b852520150c830f07300d1', '2015-11-02 20:34:21', '', '2015-11-02 20:34:21', '35-39岁', '宋金峰', '自由职业', '1000元以下', 'XL', 'faf08f18501bcb910150c7effbf80567');
INSERT INTO question_naire VALUES ('faf08f1850b852520150c8325f1900d2', '2015-11-02 20:35:55', '', '2015-11-02 20:35:55', '35-39岁', '高忠梅', '自由职业', '1000元以下', 'L', 'faf08f18501bcb910150c7a488e5052e');
INSERT INTO question_naire VALUES ('faf08f1850b852520150c834af6900d5', '2015-11-02 20:38:27', '', '2015-11-02 20:38:27', '30-34岁', '郑璐璐', '白领', '2000-3000', 'L', 'faf08f18501bcb910150c81d1ff305b9');
INSERT INTO question_naire VALUES ('faf08f1850b852520150c834f84d00d6', '2015-11-02 20:38:46', '', '2015-11-02 20:38:46', '40-49岁', '宏伟', '公务员', '3000以上', 'L', 'faf08f18501bcb910150c817529005ad');
INSERT INTO question_naire VALUES ('faf08f1850b852520150c838d9c800d7', '2015-11-02 20:43:00', '', '2015-11-02 20:43:00', '25-29岁', '饭饭吃', '公务员', '1000元以下', 'S', 'faf08f18501bcb910150c64b196204e9');
INSERT INTO question_naire VALUES ('faf08f1850b852520150c83aa3ac00d8', '2015-11-02 20:44:57', '', '2015-11-02 20:44:57', '50岁以上', '李大晴', '老师', '1000-2000', 'L', 'faf08f18501bcb910150c7d2f31d0540');
INSERT INTO question_naire VALUES ('faf08f1850b852520150c841e2c200da', '2015-11-02 20:52:52', '', '2015-11-02 20:52:52', '25-29岁', '无影', '自由职业', '2000-3000', 'M', 'faf08f18501bcb910150c83d346e05e3');
INSERT INTO question_naire VALUES ('faf08f1850b852520150c84efc1b00de', '2015-11-02 21:07:11', '', '2015-11-02 21:07:11', '40-49岁', '王宝玉', '公务员', '3000以上', 'L', 'faf08f18501bcb910150c84e0bb905f6');
INSERT INTO question_naire VALUES ('faf08f1850b852520150c856f37300e0', '2015-11-02 21:15:53', '', '2015-11-02 21:15:53', '25-29岁', '唐辉', '白领', '1000-2000', 'L', 'faf08f18501bcb910150c85632b605f9');
INSERT INTO question_naire VALUES ('faf08f1850b852520150c873289400e3', '2015-11-02 21:46:41', '', '2015-11-02 21:46:41', '25-29岁', '贾名扬', '自由职业', '3000以上', 'XXL', 'faf08f18501bcb910150c802be20057c');
INSERT INTO question_naire VALUES ('faf08f1850b852520150c876a94700e5', '2015-11-02 21:50:31', '', '2015-11-02 21:50:31', '25-29岁', 'ss', '自由职业', '3000以上', 'M', 'faf08f18501bcb910150c87569330602');
INSERT INTO question_naire VALUES ('faf08f1850b852520150c98350eb00e8', '2015-11-03 02:43:57', '', '2015-11-03 02:43:57', '30-34岁', 'Lynn', '白领', '1000元以下', 'S', 'faf08f18501bcb910150c980a7f80614');
INSERT INTO question_naire VALUES ('faf08f1850b852520150cb79685100ee', '2015-11-03 11:52:22', '', '2015-11-03 11:52:22', '35-39岁', '小云', '自由职业', '1000-2000', 'XL', 'faf08f18501bcb910150513d3639002e');
INSERT INTO question_naire VALUES ('faf08f1850b852520150cbf69fb900f7', '2015-11-03 14:09:09', '', '2015-11-03 14:09:09', '35-39岁', '刘彩娥', '自由职业', '2000-3000', 'L', 'faf08f18501bcb910150cbf4f008063b');
INSERT INTO question_naire VALUES ('faf08f1850b852520150cc302a8700fb', '2015-11-03 15:12:00', '', '2015-11-03 15:12:00', '40-49岁', '曲艳华', '公务员', '1000-2000', 'M', 'faf08f184d9ddaea014d9f1a71eb0303');
INSERT INTO question_naire VALUES ('faf08f1850cccd7f0150ccf058150002', '2015-11-03 18:41:54', '', '2015-11-03 18:41:54', '40-49岁', '张悦', '公务员', '1000-2000', 'M', 'faf08f18501bcb910150cceb8d650656');
INSERT INTO question_naire VALUES ('faf08f1850cccd7f0150cdb222380006', '2015-11-03 22:13:34', '', '2015-11-03 22:13:34', '30-34岁', '付婷', '白领', '1000-2000', 'S', 'faf08f18501bcb910150c2b15d0a04ad');
INSERT INTO question_naire VALUES ('faf08f1850cccd7f0150cdf9e9ce0007', '2015-11-03 23:31:59', '', '2015-11-03 23:31:59', '35-39岁', '安娜', '白领', '2000-3000', 'XL', 'faf08f18501bcb910150ac0045e00154');
INSERT INTO question_naire VALUES ('faf08f1850cccd7f0150d293e4c50012', '2015-11-04 20:58:39', '', '2015-11-04 20:58:39', '40-49岁', '黄豆', '自由职业', '3000以上', 'M', 'faf08f18501bcb910150c8464b0f05ec');
INSERT INTO question_naire VALUES ('faf08f1850cccd7f0150d30a61af0015', '2015-11-04 23:08:04', '', '2015-11-04 23:08:04', '30-34岁', '啦啦啦', '白领', '1000-2000', 'XL', 'faf08f18501bcb910150c1d27e7d045c');
INSERT INTO question_naire VALUES ('faf08f1850cccd7f0150d5e6673c0016', '2015-11-05 12:27:38', '', '2015-11-05 12:27:38', '35-39岁', '付姐', '公务员', '3000以上', 'L', 'faf08f18501bcb910150d5e49b2806b5');
INSERT INTO question_naire VALUES ('faf08f1850cccd7f0150d682cd4b0018', '2015-11-05 15:18:27', '', '2015-11-05 15:18:27', '40-49岁', '南芳', '白领', '2000-3000', 'M', 'faf08f18501bcb910150d25bb46b0698');
INSERT INTO question_naire VALUES ('faf08f1850cccd7f0150da9f4c540022', '2015-11-06 10:28:04', '', '2015-11-06 10:28:04', '35-39岁', '高会', '医生', '3000以上', 'M', 'faf08f18501bcb910150da9bda8b06e4');
INSERT INTO question_naire VALUES ('faf08f1850cccd7f0150db38a6a40025', '2015-11-06 13:15:34', '', '2015-11-06 13:15:34', '40-49岁', '杨丽娜', '公务员', '2000-3000', 'S', 'faf08f18501bcb910150db37417106ee');
INSERT INTO question_naire VALUES ('faf08f1850cccd7f0150dfe67aa7002f', '2015-11-07 11:03:55', '', '2015-11-07 11:03:55', '25-29岁', '小九', '自由职业', '1000元以下', 'L', 'faf08f18501bcb910150dfd31bfe0706');
INSERT INTO question_naire VALUES ('faf08f1850cccd7f0150e07855990032', '2015-11-07 13:43:14', '', '2015-11-07 13:43:14', '35-39岁', '袁姐', '白领', '2000-3000', 'S', 'faf08f18501bcb910150e072738f070f');
INSERT INTO question_naire VALUES ('faf08f1850cccd7f0150e128e15b0037', '2015-11-07 16:56:04', '', '2015-11-07 16:56:04', '30-34岁', '张艳辉', '自由职业', '2000-3000', 'M', 'faf08f18501bcb910150e1277475071b');
INSERT INTO question_naire VALUES ('faf08f1850cccd7f0150e13b02fe0039', '2015-11-07 17:15:52', '', '2015-11-07 17:15:52', '40-49岁', '于庆帮', '自由职业', '2000-3000', 'L', 'faf08f18501bcb910150e1387cb3071e');
INSERT INTO question_naire VALUES ('faf08f1850cccd7f0150e14beffb003a', '2015-11-07 17:34:21', '', '2015-11-07 17:34:21', '50岁以上', '张女士', '白领', '1000-2000', 'XL', 'faf08f18501bcb910150e14b1d2f0721');
INSERT INTO question_naire VALUES ('faf08f1850cccd7f0150e156322c003c', '2015-11-07 17:45:33', '', '2015-11-07 17:45:33', '40-49岁', '张若虹', '自由职业', '2000-3000', 'L', 'faf08f18501bcb910150e154cbad0724');
INSERT INTO question_naire VALUES ('faf08f1850cccd7f0150e1cdbe380043', '2015-11-07 19:56:08', '', '2015-11-07 19:56:08', '30-34岁', '杨娟', '公务员', '3000以上', 'M', 'faf08f18501bcb910150e1ccc6510766');
INSERT INTO question_naire VALUES ('faf08f1850cccd7f0150e5e6c1500052', '2015-11-08 15:01:56', '', '2015-11-08 15:01:56', '25-29岁', '董', '白领', '1000-2000', 'M', 'faf08f18501bcb910150e5e5c7ea0796');
INSERT INTO question_naire VALUES ('faf08f1850cccd7f0150e5f431d80053', '2015-11-08 15:16:37', '', '2015-11-08 15:16:37', '35-39岁', '孙颖', '自由职业', '1000-2000', 'S', 'faf08f18501bcb910150e5f330210799');
INSERT INTO question_naire VALUES ('faf08f1850cccd7f0150e604324b0058', '2015-11-08 15:34:06', '', '2015-11-08 15:34:06', '35-39岁', '李英', '白领', '3000以上', 'M', 'faf08f18501bcb910150e6024cbf079f');
INSERT INTO question_naire VALUES ('faf08f1850cccd7f0150e65440230064', '2015-11-08 17:01:32', '', '2015-11-08 17:01:32', '25-29岁', '习近坡', '自由职业', '1000元以下', 'XXL', 'faf08f18501bcb910150e653436707ba');
INSERT INTO question_naire VALUES ('faf08f1850cccd7f0150e65a1d210065', '2015-11-08 17:07:56', '', '2015-11-08 17:07:56', '25-29岁', '应佩祺', '自由职业', '1000-2000', 'XL', 'faf08f18501bcb910150e659561107bd');
INSERT INTO question_naire VALUES ('faf08f1850cccd7f0150e67860ca0068', '2015-11-08 17:41:00', '', '2015-11-08 17:41:00', '40-49岁', '田惠', '公务员', '2000-3000', 'XL', 'faf08f18501bcb910150e676b21c07c6');
INSERT INTO question_naire VALUES ('faf08f1850cccd7f0150e787e1a40070', '2015-11-08 22:37:33', '', '2015-11-08 22:37:33', '25-29岁', '林筱', '自由职业', '1000元以下', 'S', 'faf08f18501bcb910150e786593807e7');
INSERT INTO question_naire VALUES ('faf08f1850cccd7f0150e7909ad40071', '2015-11-08 22:47:05', '', '2015-11-08 22:47:05', '30-34岁', '艾小萌', '白领', '1000-2000', 'L', 'faf08f18501bcb910150e763ac8607e4');
INSERT INTO question_naire VALUES ('faf08f1850cccd7f0150e9da0ad90072', '2015-11-09 09:26:32', '', '2015-11-09 09:26:32', '50岁以上', '李建丽', '医生', '1000-2000', 'XL', 'faf08f18501bcb910150e67439b907c3');
INSERT INTO question_naire VALUES ('faf08f1850cccd7f0150ea3b89110073', '2015-11-09 11:13:01', '', '2015-11-09 11:13:01', '40-49岁', '李姐', '自由职业', '2000-3000', 'M', 'faf08f18501bcb910150ea3856f107ed');
INSERT INTO question_naire VALUES ('faf08f1850cccd7f0150eb0984940078', '2015-11-09 14:58:00', '', '2015-11-09 14:58:00', '30-34岁', '纪月宝', '自由职业', '2000-3000', 'XL', 'faf08f18501bcb910150eaff787107f6');
INSERT INTO question_naire VALUES ('faf08f1850cccd7f0150ebb41eae007c', '2015-11-09 18:04:21', '', '2015-11-09 18:04:21', '30-34岁', '张娜', '自由职业', '1000-2000', 'M', 'faf08f18501bcb910150ebaf3bb807ff');
INSERT INTO question_naire VALUES ('faf08f1850cccd7f0150ebb4ff6f007d', '2015-11-09 18:05:19', '', '2015-11-09 18:05:19', '30-34岁', '蔡丽', '自由职业', '2000-3000', 'M', 'faf08f18501bcb910150ebb331520805');
INSERT INTO question_naire VALUES ('faf08f1850cccd7f0150ebc7c2bd0082', '2015-11-09 18:25:48', '', '2015-11-09 18:25:48', '40-49岁', '姚梅', '公务员', '2000-3000', 'M', 'faf08f18501bcb910150ebafba330802');
INSERT INTO question_naire VALUES ('faf08f1850cccd7f0150ec4a8fd20086', '2015-11-09 20:48:40', '', '2015-11-09 20:48:40', '25-29岁', '董益静', '公务员', '1000元以下', 'XS', 'faf08f18501bcb910150ec4984010817');
INSERT INTO question_naire VALUES ('faf08f1850cccd7f0150eff82f81008c', '2015-11-10 13:57:11', '', '2015-11-10 13:57:11', '40-49岁', '韩彩霞', '公务员', '1000元以下', 'M', 'faf08f18501bcb910150eff6ee3b0829');
INSERT INTO question_naire VALUES ('faf08f1850cccd7f0150f107a2730092', '2015-11-10 18:53:40', '', '2015-11-10 18:53:40', '25-29岁', '黄程丽', '自由职业', '3000以上', 'L', 'faf08f18501bcb910150f105795c0832');
INSERT INTO question_naire VALUES ('faf08f1850cccd7f0150f1343e010096', '2015-11-10 19:42:24', '', '2015-11-10 19:42:24', '35-39岁', '付亚军', '公务员', '3000以上', 'L', 'faf08f18501bcb910150f132be83083b');
INSERT INTO question_naire VALUES ('faf08f1850cccd7f0150f14d98e5009a', '2015-11-10 20:10:05', '', '2015-11-10 20:10:05', '40-49岁', '余月华', '自由职业', '1000-2000', 'XL', 'faf08f18501bcb910150f14b6fd20841');

-- ----------------------------
-- Table structure for `question_naire_color`
-- ----------------------------
DROP TABLE IF EXISTS `question_naire_color`;
CREATE TABLE `question_naire_color` (
  `question_naire` varchar(255) NOT NULL,
  `color` varchar(255) DEFAULT NULL,
  KEY `FK_qqr2bxqbytr6rhfl5yi4qbjlp` (`question_naire`),
  CONSTRAINT `FK_qqr2bxqbytr6rhfl5yi4qbjlp` FOREIGN KEY (`question_naire`) REFERENCES `question_naire` (`id`)
) ENGINE=InnoDB DEFAULT CHARSET=utf8;

-- ----------------------------
-- Records of question_naire_color
-- ----------------------------
INSERT INTO question_naire_color VALUES ('faf08f18508f683401508f68f9b30000', '白色');
INSERT INTO question_naire_color VALUES ('faf08f18508f683401508f7e57eb0003', '黑色');
INSERT INTO question_naire_color VALUES ('faf08f18508f683401509011624e0009', '白色');
INSERT INTO question_naire_color VALUES ('faf08f18508f683401509011624e0009', '蓝色');
INSERT INTO question_naire_color VALUES ('faf08f18508f683401509011624e0009', '红色');
INSERT INTO question_naire_color VALUES ('faf08f18508f683401509011624e0009', '紫色');
INSERT INTO question_naire_color VALUES ('faf08f18509329a3015093455c6a0000', '白色');
INSERT INTO question_naire_color VALUES ('faf08f18509329a3015093455c6a0000', '紫色');
INSERT INTO question_naire_color VALUES ('faf08f18509329a30150935545590005', '黑色');
INSERT INTO question_naire_color VALUES ('faf08f18509329a30150935545590005', '白色');
INSERT INTO question_naire_color VALUES ('faf08f18509329a30150935545590005', '蓝色');
INSERT INTO question_naire_color VALUES ('faf08f18509329a30150935545590005', '红色');
INSERT INTO question_naire_color VALUES ('faf08f18509329a30150935545590005', '绿色');
INSERT INTO question_naire_color VALUES ('faf08f18509329a30150935545590005', '黄色');
INSERT INTO question_naire_color VALUES ('faf08f18509329a30150935545590005', '灰色');
INSERT INTO question_naire_color VALUES ('faf08f18509329a30150935545590005', '紫色');
INSERT INTO question_naire_color VALUES ('faf08f185093c280015093e1b3960001', '白色');
INSERT INTO question_naire_color VALUES ('faf08f185093c280015093e576390002', '黑色');
INSERT INTO question_naire_color VALUES ('faf08f185093c28001509551a05b000c', '蓝色');
INSERT INTO question_naire_color VALUES ('faf08f185093c280015098eecef1000e', '黑色');
INSERT INTO question_naire_color VALUES ('faf08f185093c280015098f942470011', '黑色');
INSERT INTO question_naire_color VALUES ('faf08f185093c28001509da3ed800018', '黑色');
INSERT INTO question_naire_color VALUES ('faf08f185093c28001509da3ed800018', '灰色');
INSERT INTO question_naire_color VALUES ('faf08f1850a3947c0150a8ea2b620004', '黑色');
INSERT INTO question_naire_color VALUES ('faf08f1850a3947c0150a8f223d30005', '黑色');
INSERT INTO question_naire_color VALUES ('faf08f1850a3947c0150a90393100008', '蓝色');
INSERT INTO question_naire_color VALUES ('faf08f1850a3947c0150a97cd07c000d', '蓝色');
INSERT INTO question_naire_color VALUES ('faf08f1850a3947c0150a98d076e0012', '黑色');
INSERT INTO question_naire_color VALUES ('faf08f1850a3947c0150a9a8aacd0013', '红色');
INSERT INTO question_naire_color VALUES ('faf08f1850a3947c0150a9dbb5ff0017', '蓝色');
INSERT INTO question_naire_color VALUES ('faf08f1850a3947c0150a9f648f00018', '黑色');
INSERT INTO question_naire_color VALUES ('faf08f1850a3947c0150a9f648f00018', '白色');
INSERT INTO question_naire_color VALUES ('faf08f1850a3947c0150a9f648f00018', '红色');
INSERT INTO question_naire_color VALUES ('faf08f1850a3947c0150a9f648f00018', '灰色');
INSERT INTO question_naire_color VALUES ('faf08f1850a3947c0150aa288d90001a', '白色');
INSERT INTO question_naire_color VALUES ('faf08f1850a3947c0150aa597ab9001c', '黑色');
INSERT INTO question_naire_color VALUES ('faf08f1850a3947c0150ab5a193e001e', '黑色');
INSERT INTO question_naire_color VALUES ('faf08f1850a3947c0150ab5a193e001e', '灰色');
INSERT INTO question_naire_color VALUES ('faf08f1850a3947c0150abc4f1110021', '灰色');
INSERT INTO question_naire_color VALUES ('faf08f1850a3947c0150ac1937990026', '白色');
INSERT INTO question_naire_color VALUES ('faf08f1850ac4d050150ac54df380001', '黑色');
INSERT INTO question_naire_color VALUES ('faf08f1850ac4d050150ac54df380001', '蓝色');
INSERT INTO question_naire_color VALUES ('faf08f1850ac4d050150ac6f8db40007', '蓝色');
INSERT INTO question_naire_color VALUES ('faf08f1850ac70e20150ac7dfcb30001', '黑色');
INSERT INTO question_naire_color VALUES ('faf08f1850ac70e20150ac7dfcb30001', '白色');
INSERT INTO question_naire_color VALUES ('faf08f1850ac70e20150ac7dfcb30001', '灰色');
INSERT INTO question_naire_color VALUES ('faf08f1850ac70e20150ac7dfcb30001', '紫色');
INSERT INTO question_naire_color VALUES ('faf08f1850ac70e20150acaf3fbe0008', '红色');
INSERT INTO question_naire_color VALUES ('faf08f1850ac70e20150acede2ca0010', '黑色');
INSERT INTO question_naire_color VALUES ('faf08f1850ac70e20150acef16820011', '黑色');
INSERT INTO question_naire_color VALUES ('faf08f1850ac70e20150acf4d9190015', '黑色');
INSERT INTO question_naire_color VALUES ('faf08f1850ac70e20150acfbc9240017', '蓝色');
INSERT INTO question_naire_color VALUES ('faf08f1850ac70e20150ad2422d7001a', '白色');
INSERT INTO question_naire_color VALUES ('faf08f1850ac70e20150ad36414a001b', '白色');
INSERT INTO question_naire_color VALUES ('faf08f1850ac70e20150ad3a2345001c', '蓝色');
INSERT INTO question_naire_color VALUES ('faf08f1850ac70e20150ad3e45a3001e', '红色');
INSERT INTO question_naire_color VALUES ('faf08f1850ac70e20150ad3f0a9c001f', '黑色');
INSERT INTO question_naire_color VALUES ('faf08f1850ac70e20150ad3f0a9c001f', '白色');
INSERT INTO question_naire_color VALUES ('faf08f1850ac70e20150ad3f0a9c001f', '蓝色');
INSERT INTO question_naire_color VALUES ('faf08f1850ac70e20150ad3f0a9c001f', '红色');
INSERT INTO question_naire_color VALUES ('faf08f1850ac70e20150ad3f0a9c001f', '灰色');
INSERT INTO question_naire_color VALUES ('faf08f1850ac70e20150ad3fcaf40020', '黑色');
INSERT INTO question_naire_color VALUES ('faf08f1850ac70e20150ad3fcaf40020', '蓝色');
INSERT INTO question_naire_color VALUES ('faf08f1850ac70e20150ad3fcaf40020', '黄色');
INSERT INTO question_naire_color VALUES ('faf08f1850ac70e20150ad42bae00023', '黑色');
INSERT INTO question_naire_color VALUES ('faf08f1850ac70e20150ad42bae00023', '白色');
INSERT INTO question_naire_color VALUES ('faf08f1850ac70e20150ad42bae00023', '紫色');
INSERT INTO question_naire_color VALUES ('faf08f1850ac70e20150ad45deef0024', '红色');
INSERT INTO question_naire_color VALUES ('faf08f1850ac70e20150ad48e1be0025', '黑色');
INSERT INTO question_naire_color VALUES ('faf08f1850ac70e20150ad4b10f80027', '红色');
INSERT INTO question_naire_color VALUES ('faf08f1850ac70e20150ad4b10f80027', '黄色');
INSERT INTO question_naire_color VALUES ('faf08f1850ac70e20150ad4b10f80027', '紫色');
INSERT INTO question_naire_color VALUES ('faf08f1850ac70e20150ad4bf27c0028', '黑色');
INSERT INTO question_naire_color VALUES ('faf08f1850ac70e20150ad4f0e4e0029', '黑色');
INSERT INTO question_naire_color VALUES ('faf08f1850ac70e20150ad4f0e4e0029', '白色');
INSERT INTO question_naire_color VALUES ('faf08f1850ac70e20150ad500147002a', '红色');
INSERT INTO question_naire_color VALUES ('faf08f1850ac70e20150ad58714e002c', '紫色');
INSERT INTO question_naire_color VALUES ('faf08f1850ac70e20150ad5fdbfa002f', '绿色');
INSERT INTO question_naire_color VALUES ('faf08f1850ac70e20150ad627a3b0030', '黑色');
INSERT INTO question_naire_color VALUES ('faf08f1850ac70e20150ad627a3b0030', '白色');
INSERT INTO question_naire_color VALUES ('faf08f1850ac70e20150ad627a3b0030', '蓝色');
INSERT INTO question_naire_color VALUES ('faf08f1850ac70e20150ad627a3b0030', '紫色');
INSERT INTO question_naire_color VALUES ('faf08f1850ac70e20150ad6450140031', '蓝色');
INSERT INTO question_naire_color VALUES ('faf08f1850ac70e20150ad7520340033', '白色');
INSERT INTO question_naire_color VALUES ('faf08f1850ac70e20150ad75cd950034', '灰色');
INSERT INTO question_naire_color VALUES ('faf08f1850ac70e20150ad75cd950034', '紫色');
INSERT INTO question_naire_color VALUES ('faf08f1850ac70e20150ad9f97c40038', '黑色');
INSERT INTO question_naire_color VALUES ('faf08f1850ac70e20150adacc79c0039', '黑色');
INSERT INTO question_naire_color VALUES ('faf08f1850ac70e20150adacc79c0039', '白色');
INSERT INTO question_naire_color VALUES ('faf08f1850adbeef0150ae1723f9000a', '绿色');
INSERT INTO question_naire_color VALUES ('faf08f1850adbeef0150ae1c961b000d', '黑色');
INSERT INTO question_naire_color VALUES ('faf08f1850adbeef0150ae1c961b000d', '红色');
INSERT INTO question_naire_color VALUES ('faf08f1850adbeef0150ae1da1d4000e', '蓝色');
INSERT INTO question_naire_color VALUES ('faf08f1850adbeef0150ae2198490011', '黑色');
INSERT INTO question_naire_color VALUES ('faf08f1850adbeef0150ae2198490011', '白色');
INSERT INTO question_naire_color VALUES ('faf08f1850adbeef0150ae2198490011', '灰色');
INSERT INTO question_naire_color VALUES ('faf08f1850adbeef0150ae224b200013', '黑色');
INSERT INTO question_naire_color VALUES ('faf08f1850adbeef0150ae224b200013', '白色');
INSERT INTO question_naire_color VALUES ('faf08f1850adbeef0150ae224b200013', '蓝色');
INSERT INTO question_naire_color VALUES ('faf08f1850adbeef0150ae224b200013', '绿色');
INSERT INTO question_naire_color VALUES ('faf08f1850adbeef0150ae224b200013', '紫色');
INSERT INTO question_naire_color VALUES ('faf08f1850adbeef0150ae454cd90016', '白色');
INSERT INTO question_naire_color VALUES ('faf08f1850adbeef0150ae454cd90016', '紫色');
INSERT INTO question_naire_color VALUES ('faf08f1850adbeef0150ae5031d50019', '红色');
INSERT INTO question_naire_color VALUES ('faf08f1850adbeef0150ae5695a9001b', '黑色');
INSERT INTO question_naire_color VALUES ('faf08f1850adbeef0150ae5695a9001b', '白色');
INSERT INTO question_naire_color VALUES ('faf08f1850adbeef0150ae5695a9001b', '灰色');
INSERT INTO question_naire_color VALUES ('faf08f1850adbeef0150ae608aab001f', '黑色');
INSERT INTO question_naire_color VALUES ('faf08f1850adbeef0150ae608aab001f', '白色');
INSERT INTO question_naire_color VALUES ('faf08f1850adbeef0150ae608aab001f', '红色');
INSERT INTO question_naire_color VALUES ('faf08f1850adbeef0150ae6d46730020', '黑色');
INSERT INTO question_naire_color VALUES ('faf08f1850adbeef0150ae6d46730020', '红色');
INSERT INTO question_naire_color VALUES ('faf08f1850adbeef0150ae6d46730020', '绿色');
INSERT INTO question_naire_color VALUES ('faf08f1850adbeef0150ae6d46730020', '黄色');
INSERT INTO question_naire_color VALUES ('faf08f1850adbeef0150aebaabe90022', '黑色');
INSERT INTO question_naire_color VALUES ('faf08f1850adbeef0150aebaabe90022', '绿色');
INSERT INTO question_naire_color VALUES ('faf08f1850adbeef0150aecf01cc0024', '红色');
INSERT INTO question_naire_color VALUES ('faf08f1850adbeef0150aed9ba2c0025', '绿色');
INSERT INTO question_naire_color VALUES ('faf08f1850adbeef0150aee228ea0026', '黑色');
INSERT INTO question_naire_color VALUES ('faf08f1850adbeef0150aee330890027', '白色');
INSERT INTO question_naire_color VALUES ('faf08f1850adbeef0150aee330890027', '红色');
INSERT INTO question_naire_color VALUES ('faf08f1850adbeef0150aee330890027', '绿色');
INSERT INTO question_naire_color VALUES ('faf08f1850adbeef0150b11a0120002e', '黑色');
INSERT INTO question_naire_color VALUES ('faf08f1850adbeef0150b11a0120002e', '白色');
INSERT INTO question_naire_color VALUES ('faf08f1850adbeef0150b11a0120002e', '蓝色');
INSERT INTO question_naire_color VALUES ('faf08f1850adbeef0150b11a0120002e', '灰色');
INSERT INTO question_naire_color VALUES ('faf08f1850adbeef0150b11a0120002e', '紫色');
INSERT INTO question_naire_color VALUES ('faf08f1850adbeef0150b12130700030', '黑色');
INSERT INTO question_naire_color VALUES ('faf08f1850adbeef0150b12130700030', '白色');
INSERT INTO question_naire_color VALUES ('faf08f1850adbeef0150b12130700030', '绿色');
INSERT INTO question_naire_color VALUES ('faf08f1850adbeef0150b12403690031', '蓝色');
INSERT INTO question_naire_color VALUES ('faf08f1850adbeef0150b16797f00033', '黑色');
INSERT INTO question_naire_color VALUES ('faf08f1850adbeef0150b16797f00033', '白色');
INSERT INTO question_naire_color VALUES ('faf08f1850adbeef0150b16a9acb0034', '蓝色');
INSERT INTO question_naire_color VALUES ('faf08f1850adbeef0150b16a9acb0034', '绿色');
INSERT INTO question_naire_color VALUES ('faf08f1850adbeef0150b16a9acb0034', '灰色');
INSERT INTO question_naire_color VALUES ('faf08f1850adbeef0150b177be3f0035', '黑色');
INSERT INTO question_naire_color VALUES ('faf08f1850adbeef0150b177be3f0035', '白色');
INSERT INTO question_naire_color VALUES ('faf08f1850adbeef0150b177be3f0035', '蓝色');
INSERT INTO question_naire_color VALUES ('faf08f1850adbeef0150b177be3f0035', '紫色');
INSERT INTO question_naire_color VALUES ('faf08f1850adbeef0150b196f04c0036', '红色');
INSERT INTO question_naire_color VALUES ('faf08f1850adbeef0150b1a30c8f0038', '黑色');
INSERT INTO question_naire_color VALUES ('faf08f1850adbeef0150b1a30c8f0038', '红色');
INSERT INTO question_naire_color VALUES ('faf08f1850adbeef0150b1ae8b3e003a', '黑色');
INSERT INTO question_naire_color VALUES ('faf08f1850adbeef0150b1ae8b3e003a', '蓝色');
INSERT INTO question_naire_color VALUES ('faf08f1850adbeef0150b20bb234003b', '黑色');
INSERT INTO question_naire_color VALUES ('faf08f1850adbeef0150b22a0598003e', '白色');
INSERT INTO question_naire_color VALUES ('faf08f1850adbeef0150b22fb67c003f', '黑色');
INSERT INTO question_naire_color VALUES ('faf08f1850adbeef0150b26260720043', '黑色');
INSERT INTO question_naire_color VALUES ('faf08f1850adbeef0150b26260720043', '白色');
INSERT INTO question_naire_color VALUES ('faf08f1850adbeef0150b26260720043', '灰色');
INSERT INTO question_naire_color VALUES ('faf08f1850adbeef0150b2728b330048', '紫色');
INSERT INTO question_naire_color VALUES ('faf08f1850adbeef0150b27372080049', '红色');
INSERT INTO question_naire_color VALUES ('faf08f1850adbeef0150b276d191004a', '黑色');
INSERT INTO question_naire_color VALUES ('faf08f1850adbeef0150b276d191004a', '灰色');
INSERT INTO question_naire_color VALUES ('faf08f1850adbeef0150b276d191004a', '紫色');
INSERT INTO question_naire_color VALUES ('faf08f1850adbeef0150b2a197b9004e', '紫色');
INSERT INTO question_naire_color VALUES ('faf08f1850adbeef0150b2a86d6f0052', '蓝色');
INSERT INTO question_naire_color VALUES ('faf08f1850adbeef0150b2ab75fe0055', '紫色');
INSERT INTO question_naire_color VALUES ('faf08f1850adbeef0150b2b20a0e0056', '黑色');
INSERT INTO question_naire_color VALUES ('faf08f1850adbeef0150b2b7e3e60058', '黑色');
INSERT INTO question_naire_color VALUES ('faf08f1850adbeef0150b2b7e3e60058', '白色');
INSERT INTO question_naire_color VALUES ('faf08f1850adbeef0150b2b7e3e60058', '黄色');
INSERT INTO question_naire_color VALUES ('faf08f1850adbeef0150b2b7e3e60058', '灰色');
INSERT INTO question_naire_color VALUES ('faf08f1850adbeef0150b2b7e3e60058', '紫色');
INSERT INTO question_naire_color VALUES ('faf08f1850adbeef0150b2cb9c60005a', '蓝色');
INSERT INTO question_naire_color VALUES ('faf08f1850adbeef0150b3004b1b005e', '白色');
INSERT INTO question_naire_color VALUES ('faf08f1850b30a780150b324d21d0001', '蓝色');
INSERT INTO question_naire_color VALUES ('faf08f1850b30a780150b32710d70002', '黑色');
INSERT INTO question_naire_color VALUES ('faf08f1850b30a780150b32710d70002', '白色');
INSERT INTO question_naire_color VALUES ('faf08f1850b332c70150b35e3dd00000', '黑色');
INSERT INTO question_naire_color VALUES ('faf08f1850b332c70150b35e3dd00000', '红色');
INSERT INTO question_naire_color VALUES ('faf08f1850b332c70150b37cd5500002', '白色');
INSERT INTO question_naire_color VALUES ('faf08f1850b332c70150b39aad400003', '黑色');
INSERT INTO question_naire_color VALUES ('faf08f1850b332c70150b39aad400003', '白色');
INSERT INTO question_naire_color VALUES ('faf08f1850b332c70150b39aad400003', '蓝色');
INSERT INTO question_naire_color VALUES ('faf08f1850b332c70150b39aad400003', '红色');
INSERT INTO question_naire_color VALUES ('faf08f1850b332c70150b39aad400003', '绿色');
INSERT INTO question_naire_color VALUES ('faf08f1850b332c70150b39aad400003', '灰色');
INSERT INTO question_naire_color VALUES ('faf08f1850b332c70150b39aad400003', '紫色');
INSERT INTO question_naire_color VALUES ('faf08f1850b332c70150b46c42010008', '黑色');
INSERT INTO question_naire_color VALUES ('faf08f1850b332c70150b6b50ad5000c', '黑色');
INSERT INTO question_naire_color VALUES ('faf08f1850b332c70150b6b50ad5000c', '白色');
INSERT INTO question_naire_color VALUES ('faf08f1850b332c70150b6b50ad5000c', '红色');
INSERT INTO question_naire_color VALUES ('faf08f1850b6bb620150b6bda5e60001', '蓝色');
INSERT INTO question_naire_color VALUES ('faf08f1850b6bb620150b6bda5e60001', '红色');
INSERT INTO question_naire_color VALUES ('faf08f1850b6bb620150b6bda5e60001', '绿色');
INSERT INTO question_naire_color VALUES ('faf08f1850b6bb620150b6bda5e60001', '黄色');
INSERT INTO question_naire_color VALUES ('faf08f1850b6bb620150b6bda5e60001', '灰色');
INSERT INTO question_naire_color VALUES ('faf08f1850b6bb620150b6bda5e60001', '紫色');
INSERT INTO question_naire_color VALUES ('faf08f1850b6bb620150b6c0d6030003', '黑色');
INSERT INTO question_naire_color VALUES ('faf08f1850b6bb620150b6c0d6030003', '蓝色');
INSERT INTO question_naire_color VALUES ('faf08f1850b6bb620150b6c0d6030003', '灰色');
INSERT INTO question_naire_color VALUES ('faf08f1850b6bb620150b6c0d6030003', '紫色');
INSERT INTO question_naire_color VALUES ('faf08f1850b6bb620150b6c1a8550004', '白色');
INSERT INTO question_naire_color VALUES ('faf08f1850b6bb620150b6daa20d0006', '红色');
INSERT INTO question_naire_color VALUES ('faf08f1850b6daf80150b6f34b920000', '蓝色');
INSERT INTO question_naire_color VALUES ('faf08f1850b6daf80150b6f34b920000', '绿色');
INSERT INTO question_naire_color VALUES ('faf08f1850b6daf80150b6f34b920000', '黄色');
INSERT INTO question_naire_color VALUES ('faf08f1850b6daf80150b6f34b920000', '紫色');
INSERT INTO question_naire_color VALUES ('faf08f1850b6daf80150b745906a0004', '黑色');
INSERT INTO question_naire_color VALUES ('faf08f1850b6daf80150b75176a20006', '蓝色');
INSERT INTO question_naire_color VALUES ('faf08f1850b6daf80150b75176a20006', '黄色');
INSERT INTO question_naire_color VALUES ('faf08f1850b6daf80150b75176a20006', '灰色');
INSERT INTO question_naire_color VALUES ('faf08f1850b6daf80150b7551e6f0007', '白色');
INSERT INTO question_naire_color VALUES ('faf08f1850b6daf80150b79a2006000d', '白色');
INSERT INTO question_naire_color VALUES ('faf08f1850b6daf80150b79a2006000d', '蓝色');
INSERT INTO question_naire_color VALUES ('faf08f1850b6daf80150b79a2006000d', '红色');
INSERT INTO question_naire_color VALUES ('faf08f1850b6daf80150b79a2006000d', '黄色');
INSERT INTO question_naire_color VALUES ('faf08f1850b6daf80150b79a2006000d', '灰色');
INSERT INTO question_naire_color VALUES ('faf08f1850b6daf80150b7a45aea0010', '白色');
INSERT INTO question_naire_color VALUES ('faf08f1850b6daf80150b7aee6db0012', '黑色');
INSERT INTO question_naire_color VALUES ('faf08f1850b6daf80150b7c458820015', '蓝色');
INSERT INTO question_naire_color VALUES ('faf08f1850b6daf80150b80dcc690017', '黑色');
INSERT INTO question_naire_color VALUES ('faf08f1850b6daf80150b80dcc690017', '灰色');
INSERT INTO question_naire_color VALUES ('faf08f1850b6daf80150b83d70b8001c', '红色');
INSERT INTO question_naire_color VALUES ('faf08f1850b852520150b8a74d3b0003', '蓝色');
INSERT INTO question_naire_color VALUES ('faf08f1850b852520150b8d7f3c70006', '紫色');
INSERT INTO question_naire_color VALUES ('faf08f1850b852520150bb2124b80008', '蓝色');
INSERT INTO question_naire_color VALUES ('faf08f1850b852520150bb2124b80008', '灰色');
INSERT INTO question_naire_color VALUES ('faf08f1850b852520150bbf4ba6d000e', '灰色');
INSERT INTO question_naire_color VALUES ('faf08f1850b852520150bc58d1b10013', '黑色');
INSERT INTO question_naire_color VALUES ('faf08f1850b852520150bc58d1b10013', '蓝色');
INSERT INTO question_naire_color VALUES ('faf08f1850b852520150bc58d1b10013', '灰色');
INSERT INTO question_naire_color VALUES ('faf08f1850b852520150bc6adc3f0017', '白色');
INSERT INTO question_naire_color VALUES ('faf08f1850b852520150bc79abff001a', '蓝色');
INSERT INTO question_naire_color VALUES ('faf08f1850b852520150bc79abff001a', '红色');
INSERT INTO question_naire_color VALUES ('faf08f1850b852520150bcaf2c23001e', '黑色');
INSERT INTO question_naire_color VALUES ('faf08f1850b852520150bcaf2c23001e', '红色');
INSERT INTO question_naire_color VALUES ('faf08f1850b852520150bcaf2c23001e', '紫色');
INSERT INTO question_naire_color VALUES ('faf08f1850b852520150bd215bd40024', '黄色');
INSERT INTO question_naire_color VALUES ('faf08f1850b852520150bd395ab00026', '白色');
INSERT INTO question_naire_color VALUES ('faf08f1850b852520150bd78e3ed0029', '黑色');
INSERT INTO question_naire_color VALUES ('faf08f1850b852520150bd78e3ed0029', '白色');
INSERT INTO question_naire_color VALUES ('faf08f1850b852520150bd85e259002a', '红色');
INSERT INTO question_naire_color VALUES ('faf08f1850b852520150bda8c05a002b', '黑色');
INSERT INTO question_naire_color VALUES ('faf08f1850b852520150bda8c05a002b', '白色');
INSERT INTO question_naire_color VALUES ('faf08f1850b852520150bda8c05a002b', '蓝色');
INSERT INTO question_naire_color VALUES ('faf08f1850b852520150bda8c05a002b', '灰色');
INSERT INTO question_naire_color VALUES ('faf08f1850b852520150bda8c05a002b', '紫色');
INSERT INTO question_naire_color VALUES ('faf08f1850b852520150bdac73bc002c', '黑色');
INSERT INTO question_naire_color VALUES ('faf08f1850b852520150bdac73bc002c', '白色');
INSERT INTO question_naire_color VALUES ('faf08f1850b852520150bdac73bc002c', '蓝色');
INSERT INTO question_naire_color VALUES ('faf08f1850b852520150bdac73bc002c', '绿色');
INSERT INTO question_naire_color VALUES ('faf08f1850b852520150bdac73bc002c', '黄色');
INSERT INTO question_naire_color VALUES ('faf08f1850b852520150bdac73bc002c', '灰色');
INSERT INTO question_naire_color VALUES ('faf08f1850b852520150bdb25768002d', '黑色');
INSERT INTO question_naire_color VALUES ('faf08f1850b852520150bdb25768002d', '蓝色');
INSERT INTO question_naire_color VALUES ('faf08f1850b852520150bdb25768002d', '红色');
INSERT INTO question_naire_color VALUES ('faf08f1850b852520150bdb25768002d', '灰色');
INSERT INTO question_naire_color VALUES ('faf08f1850b852520150bdb25768002d', '紫色');
INSERT INTO question_naire_color VALUES ('faf08f1850b852520150bdb2a9e4002e', '蓝色');
INSERT INTO question_naire_color VALUES ('faf08f1850b852520150bdb2a9e4002e', '紫色');
INSERT INTO question_naire_color VALUES ('faf08f1850b852520150be28a15e0034', '黑色');
INSERT INTO question_naire_color VALUES ('faf08f1850b852520150be43a2f80035', '黑色');
INSERT INTO question_naire_color VALUES ('faf08f1850b852520150be69414e0036', '蓝色');
INSERT INTO question_naire_color VALUES ('faf08f1850b852520150be954a610037', '紫色');
INSERT INTO question_naire_color VALUES ('faf08f1850b852520150c0eb80cc003a', '蓝色');
INSERT INTO question_naire_color VALUES ('faf08f1850b852520150c0eb80cc003a', '红色');
INSERT INTO question_naire_color VALUES ('faf08f1850b852520150c0eb80cc003a', '黄色');
INSERT INTO question_naire_color VALUES ('faf08f1850b852520150c0eb80cc003a', '紫色');
INSERT INTO question_naire_color VALUES ('faf08f1850b852520150c15c5047003e', '黑色');
INSERT INTO question_naire_color VALUES ('faf08f1850b852520150c1728d0d0041', '黑色');
INSERT INTO question_naire_color VALUES ('faf08f1850b852520150c1728d0d0041', '白色');
INSERT INTO question_naire_color VALUES ('faf08f1850b852520150c1728d0d0041', '蓝色');
INSERT INTO question_naire_color VALUES ('faf08f1850b852520150c1728d0d0041', '紫色');
INSERT INTO question_naire_color VALUES ('faf08f1850b852520150c1ae5ff20046', '黑色');
INSERT INTO question_naire_color VALUES ('faf08f1850b852520150c1bce92e0047', '黑色');
INSERT INTO question_naire_color VALUES ('faf08f1850b852520150c1bce92e0047', '白色');
INSERT INTO question_naire_color VALUES ('faf08f1850b852520150c1bce92e0047', '蓝色');
INSERT INTO question_naire_color VALUES ('faf08f1850b852520150c1fb45ae004c', '红色');
INSERT INTO question_naire_color VALUES ('faf08f1850b852520150c1fb45ae004c', '紫色');
INSERT INTO question_naire_color VALUES ('faf08f1850b852520150c211bc120050', '黑色');
INSERT INTO question_naire_color VALUES ('faf08f1850b852520150c211bc120050', '白色');
INSERT INTO question_naire_color VALUES ('faf08f1850b852520150c211bc120050', '红色');
INSERT INTO question_naire_color VALUES ('faf08f1850b852520150c211bc120050', '灰色');
INSERT INTO question_naire_color VALUES ('faf08f1850b852520150c211bc120050', '紫色');
INSERT INTO question_naire_color VALUES ('faf08f1850b852520150c24b72220056', '白色');
INSERT INTO question_naire_color VALUES ('faf08f1850b852520150c25ab0bc005e', '黑色');
INSERT INTO question_naire_color VALUES ('faf08f1850b852520150c25ab0bc005e', '白色');
INSERT INTO question_naire_color VALUES ('faf08f1850b852520150c25ab0bc005e', '蓝色');
INSERT INTO question_naire_color VALUES ('faf08f1850b852520150c25ab0bc005e', '红色');
INSERT INTO question_naire_color VALUES ('faf08f1850b852520150c25ab0bc005e', '紫色');
INSERT INTO question_naire_color VALUES ('faf08f1850b852520150c25cfbd30060', '黑色');
INSERT INTO question_naire_color VALUES ('faf08f1850b852520150c2730cae0068', '蓝色');
INSERT INTO question_naire_color VALUES ('faf08f1850b852520150c2730cae0068', '紫色');
INSERT INTO question_naire_color VALUES ('faf08f1850b852520150c2bb81170073', '蓝色');
INSERT INTO question_naire_color VALUES ('faf08f1850b852520150c2d5ffe30075', '蓝色');
INSERT INTO question_naire_color VALUES ('faf08f1850b852520150c2fcf3690079', '黑色');
INSERT INTO question_naire_color VALUES ('faf08f1850b852520150c2fcf3690079', '红色');
INSERT INTO question_naire_color VALUES ('faf08f1850b852520150c2fcf3690079', '紫色');
INSERT INTO question_naire_color VALUES ('faf08f1850b852520150c303c94c007a', '红色');
INSERT INTO question_naire_color VALUES ('faf08f1850b852520150c303c94c007a', '绿色');
INSERT INTO question_naire_color VALUES ('faf08f1850b852520150c303c94c007a', '灰色');
INSERT INTO question_naire_color VALUES ('faf08f1850b852520150c30b9cdc007b', '黑色');
INSERT INTO question_naire_color VALUES ('faf08f1850b852520150c30b9cdc007b', '蓝色');
INSERT INTO question_naire_color VALUES ('faf08f1850b852520150c30b9cdc007b', '红色');
INSERT INTO question_naire_color VALUES ('faf08f1850b852520150c5ae1d260083', '黑色');
INSERT INTO question_naire_color VALUES ('faf08f1850b852520150c64d11810084', '灰色');
INSERT INTO question_naire_color VALUES ('faf08f1850b852520150c6567e310086', '蓝色');
INSERT INTO question_naire_color VALUES ('faf08f1850b852520150c693a98c008d', '黑色');
INSERT INTO question_naire_color VALUES ('faf08f1850b852520150c693a98c008d', '白色');
INSERT INTO question_naire_color VALUES ('faf08f1850b852520150c693a98c008d', '红色');
INSERT INTO question_naire_color VALUES ('faf08f1850b852520150c6982315008e', '黑色');
INSERT INTO question_naire_color VALUES ('faf08f1850b852520150c6d7696e0090', '黑色');
INSERT INTO question_naire_color VALUES ('faf08f1850b852520150c6d7696e0090', '红色');
INSERT INTO question_naire_color VALUES ('faf08f1850b852520150c73aff600098', '红色');
INSERT INTO question_naire_color VALUES ('faf08f1850b852520150c73aff600098', '绿色');
INSERT INTO question_naire_color VALUES ('faf08f1850b852520150c73aff600098', '黄色');
INSERT INTO question_naire_color VALUES ('faf08f1850b852520150c7690b70009b', '黑色');
INSERT INTO question_naire_color VALUES ('faf08f1850b852520150c7690b70009b', '白色');
INSERT INTO question_naire_color VALUES ('faf08f1850b852520150c7690b70009b', '黄色');
INSERT INTO question_naire_color VALUES ('faf08f1850b852520150c789a60c009c', '黑色');
INSERT INTO question_naire_color VALUES ('faf08f1850b852520150c7b5326f009f', '白色');
INSERT INTO question_naire_color VALUES ('faf08f1850b852520150c7d2a39500a1', '白色');
INSERT INTO question_naire_color VALUES ('faf08f1850b852520150c7d2a39500a1', '红色');
INSERT INTO question_naire_color VALUES ('faf08f1850b852520150c7d2a39500a1', '紫色');
INSERT INTO question_naire_color VALUES ('faf08f1850b852520150c7d94e3d00a2', '灰色');
INSERT INTO question_naire_color VALUES ('faf08f1850b852520150c7dbbd5200a3', '白色');
INSERT INTO question_naire_color VALUES ('faf08f1850b852520150c7e2122c00a5', '红色');
INSERT INTO question_naire_color VALUES ('faf08f1850b852520150c7e2122c00a5', '紫色');
INSERT INTO question_naire_color VALUES ('faf08f1850b852520150c7e70b5400a7', '黑色');
INSERT INTO question_naire_color VALUES ('faf08f1850b852520150c7e70b5400a7', '白色');
INSERT INTO question_naire_color VALUES ('faf08f1850b852520150c7e70b5400a7', '紫色');
INSERT INTO question_naire_color VALUES ('faf08f1850b852520150c7e80b5400a8', '黑色');
INSERT INTO question_naire_color VALUES ('faf08f1850b852520150c7ec0f0d00aa', '蓝色');
INSERT INTO question_naire_color VALUES ('faf08f1850b852520150c7f4e1fd00ac', '黑色');
INSERT INTO question_naire_color VALUES ('faf08f1850b852520150c7f5b83c00ad', '黑色');
INSERT INTO question_naire_color VALUES ('faf08f1850b852520150c7f5b83c00ad', '白色');
INSERT INTO question_naire_color VALUES ('faf08f1850b852520150c7f5b83c00ad', '灰色');
INSERT INTO question_naire_color VALUES ('faf08f1850b852520150c7ff83d900b1', '白色');
INSERT INTO question_naire_color VALUES ('faf08f1850b852520150c80b7d2a00b4', '黑色');
INSERT INTO question_naire_color VALUES ('faf08f1850b852520150c815fb7f00b9', '红色');
INSERT INTO question_naire_color VALUES ('faf08f1850b852520150c82283ba00c9', '黑色');
INSERT INTO question_naire_color VALUES ('faf08f1850b852520150c82caa0400ce', '黑色');
INSERT INTO question_naire_color VALUES ('faf08f1850b852520150c8309e3800cf', '黑色');
INSERT INTO question_naire_color VALUES ('faf08f1850b852520150c8309e3800cf', '白色');
INSERT INTO question_naire_color VALUES ('faf08f1850b852520150c8309e3800cf', '红色');
INSERT INTO question_naire_color VALUES ('faf08f1850b852520150c8309e3800cf', '灰色');
INSERT INTO question_naire_color VALUES ('faf08f1850b852520150c830abad00d0', '白色');
INSERT INTO question_naire_color VALUES ('faf08f1850b852520150c830f07300d1', '黑色');
INSERT INTO question_naire_color VALUES ('faf08f1850b852520150c8325f1900d2', '红色');
INSERT INTO question_naire_color VALUES ('faf08f1850b852520150c834af6900d5', '黑色');
INSERT INTO question_naire_color VALUES ('faf08f1850b852520150c834af6900d5', '白色');
INSERT INTO question_naire_color VALUES ('faf08f1850b852520150c834af6900d5', '蓝色');
INSERT INTO question_naire_color VALUES ('faf08f1850b852520150c834af6900d5', '红色');
INSERT INTO question_naire_color VALUES ('faf08f1850b852520150c834af6900d5', '绿色');
INSERT INTO question_naire_color VALUES ('faf08f1850b852520150c834af6900d5', '黄色');
INSERT INTO question_naire_color VALUES ('faf08f1850b852520150c834af6900d5', '灰色');
INSERT INTO question_naire_color VALUES ('faf08f1850b852520150c834af6900d5', '紫色');
INSERT INTO question_naire_color VALUES ('faf08f1850b852520150c834f84d00d6', '白色');
INSERT INTO question_naire_color VALUES ('faf08f1850b852520150c838d9c800d7', '黑色');
INSERT INTO question_naire_color VALUES ('faf08f1850b852520150c83aa3ac00d8', '白色');
INSERT INTO question_naire_color VALUES ('faf08f1850b852520150c83aa3ac00d8', '蓝色');
INSERT INTO question_naire_color VALUES ('faf08f1850b852520150c83aa3ac00d8', '红色');
INSERT INTO question_naire_color VALUES ('faf08f1850b852520150c83aa3ac00d8', '黄色');
INSERT INTO question_naire_color VALUES ('faf08f1850b852520150c83aa3ac00d8', '紫色');
INSERT INTO question_naire_color VALUES ('faf08f1850b852520150c841e2c200da', '蓝色');
INSERT INTO question_naire_color VALUES ('faf08f1850b852520150c84efc1b00de', '黑色');
INSERT INTO question_naire_color VALUES ('faf08f1850b852520150c84efc1b00de', '红色');
INSERT INTO question_naire_color VALUES ('faf08f1850b852520150c856f37300e0', '黑色');
INSERT INTO question_naire_color VALUES ('faf08f1850b852520150c856f37300e0', '白色');
INSERT INTO question_naire_color VALUES ('faf08f1850b852520150c856f37300e0', '灰色');
INSERT INTO question_naire_color VALUES ('faf08f1850b852520150c873289400e3', '黄色');
INSERT INTO question_naire_color VALUES ('faf08f1850b852520150c876a94700e5', '黑色');
INSERT INTO question_naire_color VALUES ('faf08f1850b852520150c98350eb00e8', '黑色');
INSERT INTO question_naire_color VALUES ('faf08f1850b852520150c98350eb00e8', '白色');
INSERT INTO question_naire_color VALUES ('faf08f1850b852520150c98350eb00e8', '绿色');
INSERT INTO question_naire_color VALUES ('faf08f1850b852520150c98350eb00e8', '紫色');
INSERT INTO question_naire_color VALUES ('faf08f1850b852520150cb79685100ee', '黑色');
INSERT INTO question_naire_color VALUES ('faf08f1850b852520150cbf69fb900f7', '红色');
INSERT INTO question_naire_color VALUES ('faf08f1850b852520150cc302a8700fb', '紫色');
INSERT INTO question_naire_color VALUES ('faf08f1850cccd7f0150ccf058150002', '黑色');
INSERT INTO question_naire_color VALUES ('faf08f1850cccd7f0150ccf058150002', '黄色');
INSERT INTO question_naire_color VALUES ('faf08f1850cccd7f0150ccf058150002', '紫色');
INSERT INTO question_naire_color VALUES ('faf08f1850cccd7f0150cdb222380006', '蓝色');
INSERT INTO question_naire_color VALUES ('faf08f1850cccd7f0150cdb222380006', '红色');
INSERT INTO question_naire_color VALUES ('faf08f1850cccd7f0150cdb222380006', '绿色');
INSERT INTO question_naire_color VALUES ('faf08f1850cccd7f0150cdf9e9ce0007', '红色');
INSERT INTO question_naire_color VALUES ('faf08f1850cccd7f0150d293e4c50012', '蓝色');
INSERT INTO question_naire_color VALUES ('faf08f1850cccd7f0150d30a61af0015', '蓝色');
INSERT INTO question_naire_color VALUES ('faf08f1850cccd7f0150d5e6673c0016', '黑色');
INSERT INTO question_naire_color VALUES ('faf08f1850cccd7f0150d682cd4b0018', '绿色');
INSERT INTO question_naire_color VALUES ('faf08f1850cccd7f0150da9f4c540022', '黑色');
INSERT INTO question_naire_color VALUES ('faf08f1850cccd7f0150db38a6a40025', '蓝色');
INSERT INTO question_naire_color VALUES ('faf08f1850cccd7f0150dfe67aa7002f', '黑色');
INSERT INTO question_naire_color VALUES ('faf08f1850cccd7f0150dfe67aa7002f', '蓝色');
INSERT INTO question_naire_color VALUES ('faf08f1850cccd7f0150dfe67aa7002f', '红色');
INSERT INTO question_naire_color VALUES ('faf08f1850cccd7f0150dfe67aa7002f', '绿色');
INSERT INTO question_naire_color VALUES ('faf08f1850cccd7f0150e07855990032', '红色');
INSERT INTO question_naire_color VALUES ('faf08f1850cccd7f0150e07855990032', '黄色');
INSERT INTO question_naire_color VALUES ('faf08f1850cccd7f0150e128e15b0037', '紫色');
INSERT INTO question_naire_color VALUES ('faf08f1850cccd7f0150e13b02fe0039', '黑色');
INSERT INTO question_naire_color VALUES ('faf08f1850cccd7f0150e13b02fe0039', '白色');
INSERT INTO question_naire_color VALUES ('faf08f1850cccd7f0150e13b02fe0039', '黄色');
INSERT INTO question_naire_color VALUES ('faf08f1850cccd7f0150e14beffb003a', '黑色');
INSERT INTO question_naire_color VALUES ('faf08f1850cccd7f0150e156322c003c', '白色');
INSERT INTO question_naire_color VALUES ('faf08f1850cccd7f0150e156322c003c', '蓝色');
INSERT INTO question_naire_color VALUES ('faf08f1850cccd7f0150e156322c003c', '红色');
INSERT INTO question_naire_color VALUES ('faf08f1850cccd7f0150e1cdbe380043', '白色');
INSERT INTO question_naire_color VALUES ('faf08f1850cccd7f0150e1cdbe380043', '黄色');
INSERT INTO question_naire_color VALUES ('faf08f1850cccd7f0150e5e6c1500052', '黑色');
INSERT INTO question_naire_color VALUES ('faf08f1850cccd7f0150e5e6c1500052', '白色');
INSERT INTO question_naire_color VALUES ('faf08f1850cccd7f0150e5e6c1500052', '蓝色');
INSERT INTO question_naire_color VALUES ('faf08f1850cccd7f0150e5f431d80053', '黑色');
INSERT INTO question_naire_color VALUES ('faf08f1850cccd7f0150e5f431d80053', '红色');
INSERT INTO question_naire_color VALUES ('faf08f1850cccd7f0150e604324b0058', '黑色');
INSERT INTO question_naire_color VALUES ('faf08f1850cccd7f0150e604324b0058', '白色');
INSERT INTO question_naire_color VALUES ('faf08f1850cccd7f0150e604324b0058', '黄色');
INSERT INTO question_naire_color VALUES ('faf08f1850cccd7f0150e604324b0058', '紫色');
INSERT INTO question_naire_color VALUES ('faf08f1850cccd7f0150e65440230064', '绿色');
INSERT INTO question_naire_color VALUES ('faf08f1850cccd7f0150e65a1d210065', '黑色');
INSERT INTO question_naire_color VALUES ('faf08f1850cccd7f0150e67860ca0068', '蓝色');
INSERT INTO question_naire_color VALUES ('faf08f1850cccd7f0150e787e1a40070', '蓝色');
INSERT INTO question_naire_color VALUES ('faf08f1850cccd7f0150e787e1a40070', '紫色');
INSERT INTO question_naire_color VALUES ('faf08f1850cccd7f0150e7909ad40071', '黑色');
INSERT INTO question_naire_color VALUES ('faf08f1850cccd7f0150e7909ad40071', '白色');
INSERT INTO question_naire_color VALUES ('faf08f1850cccd7f0150e9da0ad90072', '红色');
INSERT INTO question_naire_color VALUES ('faf08f1850cccd7f0150ea3b89110073', '黑色');
INSERT INTO question_naire_color VALUES ('faf08f1850cccd7f0150ea3b89110073', '蓝色');
INSERT INTO question_naire_color VALUES ('faf08f1850cccd7f0150ea3b89110073', '灰色');
INSERT INTO question_naire_color VALUES ('faf08f1850cccd7f0150eb0984940078', '黑色');
INSERT INTO question_naire_color VALUES ('faf08f1850cccd7f0150ebb41eae007c', '蓝色');
INSERT INTO question_naire_color VALUES ('faf08f1850cccd7f0150ebb41eae007c', '黄色');
INSERT INTO question_naire_color VALUES ('faf08f1850cccd7f0150ebb4ff6f007d', '蓝色');
INSERT INTO question_naire_color VALUES ('faf08f1850cccd7f0150ebc7c2bd0082', '黑色');
INSERT INTO question_naire_color VALUES ('faf08f1850cccd7f0150ebc7c2bd0082', '白色');
INSERT INTO question_naire_color VALUES ('faf08f1850cccd7f0150ebc7c2bd0082', '蓝色');
INSERT INTO question_naire_color VALUES ('faf08f1850cccd7f0150ebc7c2bd0082', '灰色');
INSERT INTO question_naire_color VALUES ('faf08f1850cccd7f0150ec4a8fd20086', '黑色');
INSERT INTO question_naire_color VALUES ('faf08f1850cccd7f0150eff82f81008c', '黑色');
INSERT INTO question_naire_color VALUES ('faf08f1850cccd7f0150f107a2730092', '黑色');
INSERT INTO question_naire_color VALUES ('faf08f1850cccd7f0150f1343e010096', '黑色');
INSERT INTO question_naire_color VALUES ('faf08f1850cccd7f0150f14d98e5009a', '蓝色');
INSERT INTO question_naire_color VALUES ('faf08f1850cccd7f0150f14d98e5009a', '红色');

-- ----------------------------
-- Table structure for `question_naire_items`
-- ----------------------------
DROP TABLE IF EXISTS `question_naire_items`;
CREATE TABLE `question_naire_items` (
  `id` bigint(20) NOT NULL,
  `create_time` datetime DEFAULT NULL,
  `deleted` bit(1) NOT NULL,
  `update_time` datetime DEFAULT NULL,
  PRIMARY KEY (`id`)
) ENGINE=InnoDB DEFAULT CHARSET=utf8;

-- ----------------------------
-- Records of question_naire_items
-- ----------------------------
INSERT INTO question_naire_items VALUES ('0', '2015-11-02 11:04:07', '', '2015-11-02 11:04:08');

-- ----------------------------
-- Table structure for `question_naire_items_age`
-- ----------------------------
DROP TABLE IF EXISTS `question_naire_items_age`;
CREATE TABLE `question_naire_items_age` (
  `question_naire_items` bigint(20) NOT NULL,
  `age` varchar(255) NOT NULL,
  PRIMARY KEY (`question_naire_items`,`age`),
  UNIQUE KEY `UK_crvt4cbkxhvd2pqhldsa8ugbv` (`age`),
  CONSTRAINT `FK_k0lgpt2t274o3epmavnrfqyhn` FOREIGN KEY (`question_naire_items`) REFERENCES `question_naire_items` (`id`),
  CONSTRAINT `FK_crvt4cbkxhvd2pqhldsa8ugbv` FOREIGN KEY (`age`) REFERENCES `ordered_item` (`id`)
) ENGINE=InnoDB DEFAULT CHARSET=utf8;

-- ----------------------------
-- Records of question_naire_items_age
-- ----------------------------
INSERT INTO question_naire_items_age VALUES ('0', '404040e650c626d20150c626e1840000');
INSERT INTO question_naire_items_age VALUES ('0', '404040e650c626d20150c626e1850001');
INSERT INTO question_naire_items_age VALUES ('0', '404040e650c626d20150c626e1850002');
INSERT INTO question_naire_items_age VALUES ('0', '404040e650c626d20150c626e1860003');
INSERT INTO question_naire_items_age VALUES ('0', '404040e650c626d20150c626e1860004');

-- ----------------------------
-- Table structure for `question_naire_items_color`
-- ----------------------------
DROP TABLE IF EXISTS `question_naire_items_color`;
CREATE TABLE `question_naire_items_color` (
  `question_naire_items` bigint(20) NOT NULL,
  `color` varchar(255) NOT NULL,
  PRIMARY KEY (`question_naire_items`,`color`),
  UNIQUE KEY `UK_sqa13xps49ouigk6tndj9khwe` (`color`),
  CONSTRAINT `FK_rc44fgh39c1ioxqq3lxsl2bcg` FOREIGN KEY (`question_naire_items`) REFERENCES `question_naire_items` (`id`),
  CONSTRAINT `FK_sqa13xps49ouigk6tndj9khwe` FOREIGN KEY (`color`) REFERENCES `ordered_item` (`id`)
) ENGINE=InnoDB DEFAULT CHARSET=utf8;

-- ----------------------------
-- Records of question_naire_items_color
-- ----------------------------
INSERT INTO question_naire_items_color VALUES ('0', '404040e650c626d20150c626e1860005');
INSERT INTO question_naire_items_color VALUES ('0', '404040e650c626d20150c626e1870006');
INSERT INTO question_naire_items_color VALUES ('0', '404040e650c626d20150c626e1870007');
INSERT INTO question_naire_items_color VALUES ('0', '404040e650c626d20150c626e1880008');
INSERT INTO question_naire_items_color VALUES ('0', '404040e650c626d20150c626e1890009');
INSERT INTO question_naire_items_color VALUES ('0', '404040e650c626d20150c626e189000a');
INSERT INTO question_naire_items_color VALUES ('0', '404040e650c626d20150c626e189000b');
INSERT INTO question_naire_items_color VALUES ('0', '404040e650c626d20150c626e18a000c');

-- ----------------------------
-- Table structure for `question_naire_items_occupation`
-- ----------------------------
DROP TABLE IF EXISTS `question_naire_items_occupation`;
CREATE TABLE `question_naire_items_occupation` (
  `question_naire_items` bigint(20) NOT NULL,
  `occupation` varchar(255) NOT NULL,
  PRIMARY KEY (`question_naire_items`,`occupation`),
  UNIQUE KEY `UK_h4tbxt91f8bh820xxje1r9e5n` (`occupation`),
  CONSTRAINT `FK_nnei06qkvsvs2hd0tk7axi23o` FOREIGN KEY (`question_naire_items`) REFERENCES `question_naire_items` (`id`),
  CONSTRAINT `FK_h4tbxt91f8bh820xxje1r9e5n` FOREIGN KEY (`occupation`) REFERENCES `ordered_item` (`id`)
) ENGINE=InnoDB DEFAULT CHARSET=utf8;

-- ----------------------------
-- Records of question_naire_items_occupation
-- ----------------------------
INSERT INTO question_naire_items_occupation VALUES ('0', '404040e650c626d20150c626e18b000d');
INSERT INTO question_naire_items_occupation VALUES ('0', '404040e650c626d20150c626e18c000e');
INSERT INTO question_naire_items_occupation VALUES ('0', '404040e650c626d20150c626e18c000f');
INSERT INTO question_naire_items_occupation VALUES ('0', '404040e650c626d20150c626e18d0010');
INSERT INTO question_naire_items_occupation VALUES ('0', '404040e650c626d20150c626e18d0011');

-- ----------------------------
-- Table structure for `question_naire_items_pants`
-- ----------------------------
DROP TABLE IF EXISTS `question_naire_items_pants`;
CREATE TABLE `question_naire_items_pants` (
  `question_naire_items` bigint(20) NOT NULL,
  `pants` varchar(255) NOT NULL,
  PRIMARY KEY (`question_naire_items`,`pants`),
  UNIQUE KEY `UK_cyn6v8q6bsbe2groge2s5yhe6` (`pants`),
  CONSTRAINT `FK_gntap91d9dbfb3k4geevn45sv` FOREIGN KEY (`question_naire_items`) REFERENCES `question_naire_items` (`id`),
  CONSTRAINT `FK_cyn6v8q6bsbe2groge2s5yhe6` FOREIGN KEY (`pants`) REFERENCES `ordered_item` (`id`)
) ENGINE=InnoDB DEFAULT CHARSET=utf8;

-- ----------------------------
-- Records of question_naire_items_pants
-- ----------------------------
INSERT INTO question_naire_items_pants VALUES ('0', '404040e650c626d20150c626e18d0012');
INSERT INTO question_naire_items_pants VALUES ('0', '404040e650c626d20150c626e18e0013');
INSERT INTO question_naire_items_pants VALUES ('0', '404040e650c626d20150c626e18e0014');
INSERT INTO question_naire_items_pants VALUES ('0', '404040e650c626d20150c626e18e0015');
INSERT INTO question_naire_items_pants VALUES ('0', '404040e650c626d20150c626e18f0016');

-- ----------------------------
-- Table structure for `question_naire_items_price`
-- ----------------------------
DROP TABLE IF EXISTS `question_naire_items_price`;
CREATE TABLE `question_naire_items_price` (
  `question_naire_items` bigint(20) NOT NULL,
  `price` varchar(255) NOT NULL,
  PRIMARY KEY (`question_naire_items`,`price`),
  UNIQUE KEY `UK_7276fg0u450q9ij902v1e4n2q` (`price`),
  CONSTRAINT `FK_n7psjk0yu9wy4ai1lohngik0b` FOREIGN KEY (`question_naire_items`) REFERENCES `question_naire_items` (`id`),
  CONSTRAINT `FK_7276fg0u450q9ij902v1e4n2q` FOREIGN KEY (`price`) REFERENCES `ordered_item` (`id`)
) ENGINE=InnoDB DEFAULT CHARSET=utf8;

-- ----------------------------
-- Records of question_naire_items_price
-- ----------------------------
INSERT INTO question_naire_items_price VALUES ('0', '404040e650c626d20150c626e18f0017');
INSERT INTO question_naire_items_price VALUES ('0', '404040e650c626d20150c626e18f0018');
INSERT INTO question_naire_items_price VALUES ('0', '404040e650c626d20150c626e1900019');
INSERT INTO question_naire_items_price VALUES ('0', '404040e650c626d20150c626e190001a');

-- ----------------------------
-- Table structure for `question_naire_items_shirt`
-- ----------------------------
DROP TABLE IF EXISTS `question_naire_items_shirt`;
CREATE TABLE `question_naire_items_shirt` (
  `question_naire_items` bigint(20) NOT NULL,
  `shirt` varchar(255) NOT NULL,
  PRIMARY KEY (`question_naire_items`,`shirt`),
  UNIQUE KEY `UK_26e20623p2sghhlvy17rhf5e3` (`shirt`),
  CONSTRAINT `FK_q5j8agkkgotnvhtmy6tkqc4h3` FOREIGN KEY (`question_naire_items`) REFERENCES `question_naire_items` (`id`),
  CONSTRAINT `FK_26e20623p2sghhlvy17rhf5e3` FOREIGN KEY (`shirt`) REFERENCES `ordered_item` (`id`)
) ENGINE=InnoDB DEFAULT CHARSET=utf8;

-- ----------------------------
-- Records of question_naire_items_shirt
-- ----------------------------
INSERT INTO question_naire_items_shirt VALUES ('0', '404040e650c626d20150c626e190001b');
INSERT INTO question_naire_items_shirt VALUES ('0', '404040e650c626d20150c626e191001c');
INSERT INTO question_naire_items_shirt VALUES ('0', '404040e650c626d20150c626e191001d');
INSERT INTO question_naire_items_shirt VALUES ('0', '404040e650c626d20150c626e191001e');
INSERT INTO question_naire_items_shirt VALUES ('0', '404040e650c626d20150c626e192001f');
INSERT INTO question_naire_items_shirt VALUES ('0', '404040e650c626d20150c626e1920020');
INSERT INTO question_naire_items_shirt VALUES ('0', '404040e650c626d20150c626e1920021');
INSERT INTO question_naire_items_shirt VALUES ('0', '404040e650c626d20150c626e1930022');

-- ----------------------------
-- Table structure for `question_naire_items_size`
-- ----------------------------
DROP TABLE IF EXISTS `question_naire_items_size`;
CREATE TABLE `question_naire_items_size` (
  `question_naire_items` bigint(20) NOT NULL,
  `size` varchar(255) NOT NULL,
  PRIMARY KEY (`question_naire_items`,`size`),
  UNIQUE KEY `UK_9bucgev2slp4u26w8ian050xx` (`size`),
  CONSTRAINT `FK_ktobc0xir6de24kpt5w92wvrr` FOREIGN KEY (`question_naire_items`) REFERENCES `question_naire_items` (`id`),
  CONSTRAINT `FK_9bucgev2slp4u26w8ian050xx` FOREIGN KEY (`size`) REFERENCES `ordered_item` (`id`)
) ENGINE=InnoDB DEFAULT CHARSET=utf8;

-- ----------------------------
-- Records of question_naire_items_size
-- ----------------------------
INSERT INTO question_naire_items_size VALUES ('0', '404040e650c626d20150c626e1930023');
INSERT INTO question_naire_items_size VALUES ('0', '404040e650c626d20150c626e1930024');
INSERT INTO question_naire_items_size VALUES ('0', '404040e650c626d20150c626e1940025');
INSERT INTO question_naire_items_size VALUES ('0', '404040e650c626d20150c626e1940026');
INSERT INTO question_naire_items_size VALUES ('0', '404040e650c626d20150c626e1950027');
INSERT INTO question_naire_items_size VALUES ('0', '404040e650c626d20150c626e1950028');

-- ----------------------------
-- Table structure for `question_naire_items_skirt`
-- ----------------------------
DROP TABLE IF EXISTS `question_naire_items_skirt`;
CREATE TABLE `question_naire_items_skirt` (
  `question_naire_items` bigint(20) NOT NULL,
  `skirt` varchar(255) NOT NULL,
  PRIMARY KEY (`question_naire_items`,`skirt`),
  UNIQUE KEY `UK_kwmog4gbkx68o8xv58tnw6qlb` (`skirt`),
  CONSTRAINT `FK_d5xgr0erlllktiymg0gy7der2` FOREIGN KEY (`question_naire_items`) REFERENCES `question_naire_items` (`id`),
  CONSTRAINT `FK_kwmog4gbkx68o8xv58tnw6qlb` FOREIGN KEY (`skirt`) REFERENCES `ordered_item` (`id`)
) ENGINE=InnoDB DEFAULT CHARSET=utf8;

-- ----------------------------
-- Records of question_naire_items_skirt
-- ----------------------------
INSERT INTO question_naire_items_skirt VALUES ('0', '404040e650c626d20150c626e1950029');
INSERT INTO question_naire_items_skirt VALUES ('0', '404040e650c626d20150c626e196002a');

-- ----------------------------
-- Table structure for `question_naire_items_style`
-- ----------------------------
DROP TABLE IF EXISTS `question_naire_items_style`;
CREATE TABLE `question_naire_items_style` (
  `question_naire_items` bigint(20) NOT NULL,
  `style` varchar(255) NOT NULL,
  PRIMARY KEY (`question_naire_items`,`style`),
  UNIQUE KEY `UK_necvmjc03lip57bw99fri791k` (`style`),
  CONSTRAINT `FK_grkt9x1nkeslq5cxd66bmg89u` FOREIGN KEY (`question_naire_items`) REFERENCES `question_naire_items` (`id`),
  CONSTRAINT `FK_necvmjc03lip57bw99fri791k` FOREIGN KEY (`style`) REFERENCES `ordered_item` (`id`)
) ENGINE=InnoDB DEFAULT CHARSET=utf8;

-- ----------------------------
-- Records of question_naire_items_style
-- ----------------------------
INSERT INTO question_naire_items_style VALUES ('0', '404040e650c626d20150c626e196002b');
INSERT INTO question_naire_items_style VALUES ('0', '404040e650c626d20150c626e196002c');
INSERT INTO question_naire_items_style VALUES ('0', '404040e650c626d20150c626e197002d');
INSERT INTO question_naire_items_style VALUES ('0', '404040e650c626d20150c626e197002e');
INSERT INTO question_naire_items_style VALUES ('0', '404040e650c626d20150c626e197002f');
INSERT INTO question_naire_items_style VALUES ('0', '404040e650c626d20150c626e1980030');

-- ----------------------------
-- Table structure for `question_naire_pants`
-- ----------------------------
DROP TABLE IF EXISTS `question_naire_pants`;
CREATE TABLE `question_naire_pants` (
  `question_naire` varchar(255) NOT NULL,
  `pants` varchar(255) DEFAULT NULL,
  KEY `FK_pow2psmr0ahvvgoyg72nb6q8r` (`question_naire`),
  CONSTRAINT `FK_pow2psmr0ahvvgoyg72nb6q8r` FOREIGN KEY (`question_naire`) REFERENCES `question_naire` (`id`)
) ENGINE=InnoDB DEFAULT CHARSET=utf8;

-- ----------------------------
-- Records of question_naire_pants
-- ----------------------------
INSERT INTO question_naire_pants VALUES ('faf08f18508f683401508f68f9b30000', '阔腿裤');
INSERT INTO question_naire_pants VALUES ('faf08f18508f683401508f7e57eb0003', '长裤');
INSERT INTO question_naire_pants VALUES ('faf08f18508f683401509011624e0009', '长裤');
INSERT INTO question_naire_pants VALUES ('faf08f18508f683401509011624e0009', '阔腿裤');
INSERT INTO question_naire_pants VALUES ('faf08f18509329a3015093455c6a0000', '长裤');
INSERT INTO question_naire_pants VALUES ('faf08f18509329a3015093455c6a0000', '阔腿裤');
INSERT INTO question_naire_pants VALUES ('faf08f18509329a30150935545590005', '阔腿裤');
INSERT INTO question_naire_pants VALUES ('faf08f185093c280015093e1b3960001', '长裤');
INSERT INTO question_naire_pants VALUES ('faf08f185093c280015093e576390002', '长裤');
INSERT INTO question_naire_pants VALUES ('faf08f185093c28001509551a05b000c', '长裤');
INSERT INTO question_naire_pants VALUES ('faf08f185093c280015098eecef1000e', '长裤');
INSERT INTO question_naire_pants VALUES ('faf08f185093c280015098f942470011', '长裤');
INSERT INTO question_naire_pants VALUES ('faf08f185093c28001509da3ed800018', '长裤');
INSERT INTO question_naire_pants VALUES ('faf08f1850a3947c0150a8ea2b620004', '短裤');
INSERT INTO question_naire_pants VALUES ('faf08f1850a3947c0150a8f223d30005', '阔腿裤');
INSERT INTO question_naire_pants VALUES ('faf08f1850a3947c0150a90393100008', '长裤');
INSERT INTO question_naire_pants VALUES ('faf08f1850a3947c0150a97cd07c000d', '长裤');
INSERT INTO question_naire_pants VALUES ('faf08f1850a3947c0150a98d076e0012', '阔腿裤');
INSERT INTO question_naire_pants VALUES ('faf08f1850a3947c0150a9a8aacd0013', '阔腿裤');
INSERT INTO question_naire_pants VALUES ('faf08f1850a3947c0150a9a8aacd0013', '七分裤/九分裤');
INSERT INTO question_naire_pants VALUES ('faf08f1850a3947c0150a9dbb5ff0017', '锥形裤');
INSERT INTO question_naire_pants VALUES ('faf08f1850a3947c0150a9f648f00018', '长裤');
INSERT INTO question_naire_pants VALUES ('faf08f1850a3947c0150a9f648f00018', '锥形裤');
INSERT INTO question_naire_pants VALUES ('faf08f1850a3947c0150aa288d90001a', '阔腿裤');
INSERT INTO question_naire_pants VALUES ('faf08f1850a3947c0150aa288d90001a', '七分裤/九分裤');
INSERT INTO question_naire_pants VALUES ('faf08f1850a3947c0150aa597ab9001c', '长裤');
INSERT INTO question_naire_pants VALUES ('faf08f1850a3947c0150ab5a193e001e', '锥形裤');
INSERT INTO question_naire_pants VALUES ('faf08f1850a3947c0150ab5a193e001e', '七分裤/九分裤');
INSERT INTO question_naire_pants VALUES ('faf08f1850a3947c0150abc4f1110021', '阔腿裤');
INSERT INTO question_naire_pants VALUES ('faf08f1850a3947c0150ac1937990026', '七分裤/九分裤');
INSERT INTO question_naire_pants VALUES ('faf08f1850ac4d050150ac54df380001', '锥形裤');
INSERT INTO question_naire_pants VALUES ('faf08f1850ac4d050150ac6f8db40007', '长裤');
INSERT INTO question_naire_pants VALUES ('faf08f1850ac70e20150ac7dfcb30001', '长裤');
INSERT INTO question_naire_pants VALUES ('faf08f1850ac70e20150ac7dfcb30001', '短裤');
INSERT INTO question_naire_pants VALUES ('faf08f1850ac70e20150acaf3fbe0008', '锥形裤');
INSERT INTO question_naire_pants VALUES ('faf08f1850ac70e20150acede2ca0010', '锥形裤');
INSERT INTO question_naire_pants VALUES ('faf08f1850ac70e20150acef16820011', '长裤');
INSERT INTO question_naire_pants VALUES ('faf08f1850ac70e20150acf4d9190015', '长裤');
INSERT INTO question_naire_pants VALUES ('faf08f1850ac70e20150acf4d9190015', '七分裤/九分裤');
INSERT INTO question_naire_pants VALUES ('faf08f1850ac70e20150acfbc9240017', '阔腿裤');
INSERT INTO question_naire_pants VALUES ('faf08f1850ac70e20150ad2422d7001a', '七分裤/九分裤');
INSERT INTO question_naire_pants VALUES ('faf08f1850ac70e20150ad36414a001b', '锥形裤');
INSERT INTO question_naire_pants VALUES ('faf08f1850ac70e20150ad3a2345001c', '长裤');
INSERT INTO question_naire_pants VALUES ('faf08f1850ac70e20150ad3e45a3001e', '七分裤/九分裤');
INSERT INTO question_naire_pants VALUES ('faf08f1850ac70e20150ad3f0a9c001f', '长裤');
INSERT INTO question_naire_pants VALUES ('faf08f1850ac70e20150ad3f0a9c001f', '锥形裤');
INSERT INTO question_naire_pants VALUES ('faf08f1850ac70e20150ad3f0a9c001f', '七分裤/九分裤');
INSERT INTO question_naire_pants VALUES ('faf08f1850ac70e20150ad3fcaf40020', '七分裤/九分裤');
INSERT INTO question_naire_pants VALUES ('faf08f1850ac70e20150ad3fcaf40020', '短裤');
INSERT INTO question_naire_pants VALUES ('faf08f1850ac70e20150ad42bae00023', '七分裤/九分裤');
INSERT INTO question_naire_pants VALUES ('faf08f1850ac70e20150ad45deef0024', '锥形裤');
INSERT INTO question_naire_pants VALUES ('faf08f1850ac70e20150ad48e1be0025', '阔腿裤');
INSERT INTO question_naire_pants VALUES ('faf08f1850ac70e20150ad4b10f80027', '七分裤/九分裤');
INSERT INTO question_naire_pants VALUES ('faf08f1850ac70e20150ad4bf27c0028', '长裤');
INSERT INTO question_naire_pants VALUES ('faf08f1850ac70e20150ad4f0e4e0029', '长裤');
INSERT INTO question_naire_pants VALUES ('faf08f1850ac70e20150ad4f0e4e0029', '阔腿裤');
INSERT INTO question_naire_pants VALUES ('faf08f1850ac70e20150ad4f0e4e0029', '锥形裤');
INSERT INTO question_naire_pants VALUES ('faf08f1850ac70e20150ad500147002a', '七分裤/九分裤');
INSERT INTO question_naire_pants VALUES ('faf08f1850ac70e20150ad58714e002c', '长裤');
INSERT INTO question_naire_pants VALUES ('faf08f1850ac70e20150ad5fdbfa002f', '锥形裤');
INSERT INTO question_naire_pants VALUES ('faf08f1850ac70e20150ad627a3b0030', '阔腿裤');
INSERT INTO question_naire_pants VALUES ('faf08f1850ac70e20150ad627a3b0030', '七分裤/九分裤');
INSERT INTO question_naire_pants VALUES ('faf08f1850ac70e20150ad6450140031', '长裤');
INSERT INTO question_naire_pants VALUES ('faf08f1850ac70e20150ad7520340033', '七分裤/九分裤');
INSERT INTO question_naire_pants VALUES ('faf08f1850ac70e20150ad75cd950034', '阔腿裤');
INSERT INTO question_naire_pants VALUES ('faf08f1850ac70e20150ad9f97c40038', '阔腿裤');
INSERT INTO question_naire_pants VALUES ('faf08f1850ac70e20150adacc79c0039', '七分裤/九分裤');
INSERT INTO question_naire_pants VALUES ('faf08f1850adbeef0150ae1723f9000a', '长裤');
INSERT INTO question_naire_pants VALUES ('faf08f1850adbeef0150ae1c961b000d', '七分裤/九分裤');
INSERT INTO question_naire_pants VALUES ('faf08f1850adbeef0150ae1da1d4000e', '阔腿裤');
INSERT INTO question_naire_pants VALUES ('faf08f1850adbeef0150ae2198490011', '长裤');
INSERT INTO question_naire_pants VALUES ('faf08f1850adbeef0150ae224b200013', '长裤');
INSERT INTO question_naire_pants VALUES ('faf08f1850adbeef0150ae224b200013', '阔腿裤');
INSERT INTO question_naire_pants VALUES ('faf08f1850adbeef0150ae454cd90016', '长裤');
INSERT INTO question_naire_pants VALUES ('faf08f1850adbeef0150ae5031d50019', '长裤');
INSERT INTO question_naire_pants VALUES ('faf08f1850adbeef0150ae5695a9001b', '阔腿裤');
INSERT INTO question_naire_pants VALUES ('faf08f1850adbeef0150ae608aab001f', '锥形裤');
INSERT INTO question_naire_pants VALUES ('faf08f1850adbeef0150ae6d46730020', '短裤');
INSERT INTO question_naire_pants VALUES ('faf08f1850adbeef0150aebaabe90022', '长裤');
INSERT INTO question_naire_pants VALUES ('faf08f1850adbeef0150aebaabe90022', '七分裤/九分裤');
INSERT INTO question_naire_pants VALUES ('faf08f1850adbeef0150aecf01cc0024', '长裤');
INSERT INTO question_naire_pants VALUES ('faf08f1850adbeef0150aed9ba2c0025', '锥形裤');
INSERT INTO question_naire_pants VALUES ('faf08f1850adbeef0150aee228ea0026', '七分裤/九分裤');
INSERT INTO question_naire_pants VALUES ('faf08f1850adbeef0150aee330890027', '长裤');
INSERT INTO question_naire_pants VALUES ('faf08f1850adbeef0150b11a0120002e', '长裤');
INSERT INTO question_naire_pants VALUES ('faf08f1850adbeef0150b11a0120002e', '阔腿裤');
INSERT INTO question_naire_pants VALUES ('faf08f1850adbeef0150b11a0120002e', '短裤');
INSERT INTO question_naire_pants VALUES ('faf08f1850adbeef0150b12130700030', '长裤');
INSERT INTO question_naire_pants VALUES ('faf08f1850adbeef0150b12403690031', '七分裤/九分裤');
INSERT INTO question_naire_pants VALUES ('faf08f1850adbeef0150b16797f00033', '七分裤/九分裤');
INSERT INTO question_naire_pants VALUES ('faf08f1850adbeef0150b16797f00033', '短裤');
INSERT INTO question_naire_pants VALUES ('faf08f1850adbeef0150b16a9acb0034', '阔腿裤');
INSERT INTO question_naire_pants VALUES ('faf08f1850adbeef0150b177be3f0035', '锥形裤');
INSERT INTO question_naire_pants VALUES ('faf08f1850adbeef0150b177be3f0035', '七分裤/九分裤');
INSERT INTO question_naire_pants VALUES ('faf08f1850adbeef0150b196f04c0036', '锥形裤');
INSERT INTO question_naire_pants VALUES ('faf08f1850adbeef0150b1a30c8f0038', '锥形裤');
INSERT INTO question_naire_pants VALUES ('faf08f1850adbeef0150b1ae8b3e003a', '锥形裤');
INSERT INTO question_naire_pants VALUES ('faf08f1850adbeef0150b20bb234003b', '七分裤/九分裤');
INSERT INTO question_naire_pants VALUES ('faf08f1850adbeef0150b22a0598003e', '短裤');
INSERT INTO question_naire_pants VALUES ('faf08f1850adbeef0150b22fb67c003f', '七分裤/九分裤');
INSERT INTO question_naire_pants VALUES ('faf08f1850adbeef0150b26260720043', '锥形裤');
INSERT INTO question_naire_pants VALUES ('faf08f1850adbeef0150b26260720043', '七分裤/九分裤');
INSERT INTO question_naire_pants VALUES ('faf08f1850adbeef0150b2728b330048', '短裤');
INSERT INTO question_naire_pants VALUES ('faf08f1850adbeef0150b27372080049', '锥形裤');
INSERT INTO question_naire_pants VALUES ('faf08f1850adbeef0150b276d191004a', '七分裤/九分裤');
INSERT INTO question_naire_pants VALUES ('faf08f1850adbeef0150b2a197b9004e', '七分裤/九分裤');
INSERT INTO question_naire_pants VALUES ('faf08f1850adbeef0150b2a86d6f0052', '长裤');
INSERT INTO question_naire_pants VALUES ('faf08f1850adbeef0150b2ab75fe0055', '七分裤/九分裤');
INSERT INTO question_naire_pants VALUES ('faf08f1850adbeef0150b2b20a0e0056', '锥形裤');
INSERT INTO question_naire_pants VALUES ('faf08f1850adbeef0150b2b7e3e60058', '长裤');
INSERT INTO question_naire_pants VALUES ('faf08f1850adbeef0150b2b7e3e60058', '阔腿裤');
INSERT INTO question_naire_pants VALUES ('faf08f1850adbeef0150b2b7e3e60058', '锥形裤');
INSERT INTO question_naire_pants VALUES ('faf08f1850adbeef0150b2b7e3e60058', '七分裤/九分裤');
INSERT INTO question_naire_pants VALUES ('faf08f1850adbeef0150b2cb9c60005a', '长裤');
INSERT INTO question_naire_pants VALUES ('faf08f1850adbeef0150b3004b1b005e', '阔腿裤');
INSERT INTO question_naire_pants VALUES ('faf08f1850b30a780150b324d21d0001', '长裤');
INSERT INTO question_naire_pants VALUES ('faf08f1850b30a780150b32710d70002', '长裤');
INSERT INTO question_naire_pants VALUES ('faf08f1850b332c70150b35e3dd00000', '七分裤/九分裤');
INSERT INTO question_naire_pants VALUES ('faf08f1850b332c70150b35e3dd00000', '短裤');
INSERT INTO question_naire_pants VALUES ('faf08f1850b332c70150b37cd5500002', '长裤');
INSERT INTO question_naire_pants VALUES ('faf08f1850b332c70150b39aad400003', '长裤');
INSERT INTO question_naire_pants VALUES ('faf08f1850b332c70150b39aad400003', '阔腿裤');
INSERT INTO question_naire_pants VALUES ('faf08f1850b332c70150b39aad400003', '七分裤/九分裤');
INSERT INTO question_naire_pants VALUES ('faf08f1850b332c70150b46c42010008', '锥形裤');
INSERT INTO question_naire_pants VALUES ('faf08f1850b332c70150b6b50ad5000c', '长裤');
INSERT INTO question_naire_pants VALUES ('faf08f1850b332c70150b6b50ad5000c', '七分裤/九分裤');
INSERT INTO question_naire_pants VALUES ('faf08f1850b6bb620150b6bda5e60001', '长裤');
INSERT INTO question_naire_pants VALUES ('faf08f1850b6bb620150b6bda5e60001', '锥形裤');
INSERT INTO question_naire_pants VALUES ('faf08f1850b6bb620150b6bda5e60001', '七分裤/九分裤');
INSERT INTO question_naire_pants VALUES ('faf08f1850b6bb620150b6c0d6030003', '长裤');
INSERT INTO question_naire_pants VALUES ('faf08f1850b6bb620150b6c0d6030003', '锥形裤');
INSERT INTO question_naire_pants VALUES ('faf08f1850b6bb620150b6c0d6030003', '七分裤/九分裤');
INSERT INTO question_naire_pants VALUES ('faf08f1850b6bb620150b6c1a8550004', '七分裤/九分裤');
INSERT INTO question_naire_pants VALUES ('faf08f1850b6bb620150b6daa20d0006', '七分裤/九分裤');
INSERT INTO question_naire_pants VALUES ('faf08f1850b6daf80150b6f34b920000', '七分裤/九分裤');
INSERT INTO question_naire_pants VALUES ('faf08f1850b6daf80150b745906a0004', '七分裤/九分裤');
INSERT INTO question_naire_pants VALUES ('faf08f1850b6daf80150b75176a20006', '锥形裤');
INSERT INTO question_naire_pants VALUES ('faf08f1850b6daf80150b75176a20006', '七分裤/九分裤');
INSERT INTO question_naire_pants VALUES ('faf08f1850b6daf80150b7551e6f0007', '短裤');
INSERT INTO question_naire_pants VALUES ('faf08f1850b6daf80150b79a2006000d', '长裤');
INSERT INTO question_naire_pants VALUES ('faf08f1850b6daf80150b79a2006000d', '阔腿裤');
INSERT INTO question_naire_pants VALUES ('faf08f1850b6daf80150b79a2006000d', '锥形裤');
INSERT INTO question_naire_pants VALUES ('faf08f1850b6daf80150b79a2006000d', '七分裤/九分裤');
INSERT INTO question_naire_pants VALUES ('faf08f1850b6daf80150b7a45aea0010', '长裤');
INSERT INTO question_naire_pants VALUES ('faf08f1850b6daf80150b7aee6db0012', '阔腿裤');
INSERT INTO question_naire_pants VALUES ('faf08f1850b6daf80150b7c458820015', '七分裤/九分裤');
INSERT INTO question_naire_pants VALUES ('faf08f1850b6daf80150b80dcc690017', '七分裤/九分裤');
INSERT INTO question_naire_pants VALUES ('faf08f1850b6daf80150b83d70b8001c', '阔腿裤');
INSERT INTO question_naire_pants VALUES ('faf08f1850b852520150b8a74d3b0003', '锥形裤');
INSERT INTO question_naire_pants VALUES ('faf08f1850b852520150b8d7f3c70006', '阔腿裤');
INSERT INTO question_naire_pants VALUES ('faf08f1850b852520150bb2124b80008', '长裤');
INSERT INTO question_naire_pants VALUES ('faf08f1850b852520150bbf4ba6d000e', '七分裤/九分裤');
INSERT INTO question_naire_pants VALUES ('faf08f1850b852520150bc58d1b10013', '长裤');
INSERT INTO question_naire_pants VALUES ('faf08f1850b852520150bc6adc3f0017', '长裤');
INSERT INTO question_naire_pants VALUES ('faf08f1850b852520150bc79abff001a', '长裤');
INSERT INTO question_naire_pants VALUES ('faf08f1850b852520150bc79abff001a', '阔腿裤');
INSERT INTO question_naire_pants VALUES ('faf08f1850b852520150bc79abff001a', '短裤');
INSERT INTO question_naire_pants VALUES ('faf08f1850b852520150bcaf2c23001e', '长裤');
INSERT INTO question_naire_pants VALUES ('faf08f1850b852520150bd215bd40024', '长裤');
INSERT INTO question_naire_pants VALUES ('faf08f1850b852520150bd395ab00026', '长裤');
INSERT INTO question_naire_pants VALUES ('faf08f1850b852520150bd78e3ed0029', '锥形裤');
INSERT INTO question_naire_pants VALUES ('faf08f1850b852520150bd85e259002a', '锥形裤');
INSERT INTO question_naire_pants VALUES ('faf08f1850b852520150bda8c05a002b', '锥形裤');
INSERT INTO question_naire_pants VALUES ('faf08f1850b852520150bda8c05a002b', '七分裤/九分裤');
INSERT INTO question_naire_pants VALUES ('faf08f1850b852520150bdac73bc002c', '长裤');
INSERT INTO question_naire_pants VALUES ('faf08f1850b852520150bdb25768002d', '长裤');
INSERT INTO question_naire_pants VALUES ('faf08f1850b852520150bdb25768002d', '阔腿裤');
INSERT INTO question_naire_pants VALUES ('faf08f1850b852520150bdb25768002d', '锥形裤');
INSERT INTO question_naire_pants VALUES ('faf08f1850b852520150bdb2a9e4002e', '长裤');
INSERT INTO question_naire_pants VALUES ('faf08f1850b852520150be28a15e0034', '长裤');
INSERT INTO question_naire_pants VALUES ('faf08f1850b852520150be43a2f80035', '长裤');
INSERT INTO question_naire_pants VALUES ('faf08f1850b852520150be69414e0036', '长裤');
INSERT INTO question_naire_pants VALUES ('faf08f1850b852520150be954a610037', '七分裤/九分裤');
INSERT INTO question_naire_pants VALUES ('faf08f1850b852520150c0eb80cc003a', '长裤');
INSERT INTO question_naire_pants VALUES ('faf08f1850b852520150c0eb80cc003a', '七分裤/九分裤');
INSERT INTO question_naire_pants VALUES ('faf08f1850b852520150c15c5047003e', '阔腿裤');
INSERT INTO question_naire_pants VALUES ('faf08f1850b852520150c1728d0d0041', '长裤');
INSERT INTO question_naire_pants VALUES ('faf08f1850b852520150c1728d0d0041', '阔腿裤');
INSERT INTO question_naire_pants VALUES ('faf08f1850b852520150c1728d0d0041', '锥形裤');
INSERT INTO question_naire_pants VALUES ('faf08f1850b852520150c1728d0d0041', '七分裤/九分裤');
INSERT INTO question_naire_pants VALUES ('faf08f1850b852520150c1ae5ff20046', '长裤');
INSERT INTO question_naire_pants VALUES ('faf08f1850b852520150c1bce92e0047', '长裤');
INSERT INTO question_naire_pants VALUES ('faf08f1850b852520150c1fb45ae004c', '七分裤/九分裤');
INSERT INTO question_naire_pants VALUES ('faf08f1850b852520150c211bc120050', '长裤');
INSERT INTO question_naire_pants VALUES ('faf08f1850b852520150c211bc120050', '锥形裤');
INSERT INTO question_naire_pants VALUES ('faf08f1850b852520150c24b72220056', '长裤');
INSERT INTO question_naire_pants VALUES ('faf08f1850b852520150c25ab0bc005e', '长裤');
INSERT INTO question_naire_pants VALUES ('faf08f1850b852520150c25ab0bc005e', '锥形裤');
INSERT INTO question_naire_pants VALUES ('faf08f1850b852520150c25cfbd30060', '七分裤/九分裤');
INSERT INTO question_naire_pants VALUES ('faf08f1850b852520150c2730cae0068', '长裤');
INSERT INTO question_naire_pants VALUES ('faf08f1850b852520150c2bb81170073', '长裤');
INSERT INTO question_naire_pants VALUES ('faf08f1850b852520150c2bb81170073', '七分裤/九分裤');
INSERT INTO question_naire_pants VALUES ('faf08f1850b852520150c2d5ffe30075', '长裤');
INSERT INTO question_naire_pants VALUES ('faf08f1850b852520150c2fcf3690079', '长裤');
INSERT INTO question_naire_pants VALUES ('faf08f1850b852520150c303c94c007a', '七分裤/九分裤');
INSERT INTO question_naire_pants VALUES ('faf08f1850b852520150c30b9cdc007b', '锥形裤');
INSERT INTO question_naire_pants VALUES ('faf08f1850b852520150c30b9cdc007b', '七分裤/九分裤');
INSERT INTO question_naire_pants VALUES ('faf08f1850b852520150c5ae1d260083', '锥形裤');
INSERT INTO question_naire_pants VALUES ('faf08f1850b852520150c64d11810084', '锥形裤');
INSERT INTO question_naire_pants VALUES ('faf08f1850b852520150c64d11810084', '七分裤/九分裤');
INSERT INTO question_naire_pants VALUES ('faf08f1850b852520150c6567e310086', '七分裤/九分裤');
INSERT INTO question_naire_pants VALUES ('faf08f1850b852520150c693a98c008d', '长裤');
INSERT INTO question_naire_pants VALUES ('faf08f1850b852520150c6982315008e', '七分裤/九分裤');
INSERT INTO question_naire_pants VALUES ('faf08f1850b852520150c6d7696e0090', '长裤');
INSERT INTO question_naire_pants VALUES ('faf08f1850b852520150c6d7696e0090', '锥形裤');
INSERT INTO question_naire_pants VALUES ('faf08f1850b852520150c6d7696e0090', '七分裤/九分裤');
INSERT INTO question_naire_pants VALUES ('faf08f1850b852520150c73aff600098', '长裤');
INSERT INTO question_naire_pants VALUES ('faf08f1850b852520150c7690b70009b', '长裤');
INSERT INTO question_naire_pants VALUES ('faf08f1850b852520150c789a60c009c', '阔腿裤');
INSERT INTO question_naire_pants VALUES ('faf08f1850b852520150c7b5326f009f', '阔腿裤');
INSERT INTO question_naire_pants VALUES ('faf08f1850b852520150c7d2a39500a1', '阔腿裤');
INSERT INTO question_naire_pants VALUES ('faf08f1850b852520150c7d94e3d00a2', '长裤');
INSERT INTO question_naire_pants VALUES ('faf08f1850b852520150c7dbbd5200a3', '长裤');
INSERT INTO question_naire_pants VALUES ('faf08f1850b852520150c7e2122c00a5', '短裤');
INSERT INTO question_naire_pants VALUES ('faf08f1850b852520150c7e70b5400a7', '长裤');
INSERT INTO question_naire_pants VALUES ('faf08f1850b852520150c7e80b5400a8', '长裤');
INSERT INTO question_naire_pants VALUES ('faf08f1850b852520150c7ec0f0d00aa', '阔腿裤');
INSERT INTO question_naire_pants VALUES ('faf08f1850b852520150c7f4e1fd00ac', '七分裤/九分裤');
INSERT INTO question_naire_pants VALUES ('faf08f1850b852520150c7f5b83c00ad', '长裤');
INSERT INTO question_naire_pants VALUES ('faf08f1850b852520150c7ff83d900b1', '阔腿裤');
INSERT INTO question_naire_pants VALUES ('faf08f1850b852520150c80b7d2a00b4', '长裤');
INSERT INTO question_naire_pants VALUES ('faf08f1850b852520150c815fb7f00b9', '七分裤/九分裤');
INSERT INTO question_naire_pants VALUES ('faf08f1850b852520150c82283ba00c9', '七分裤/九分裤');
INSERT INTO question_naire_pants VALUES ('faf08f1850b852520150c82caa0400ce', '七分裤/九分裤');
INSERT INTO question_naire_pants VALUES ('faf08f1850b852520150c8309e3800cf', '锥形裤');
INSERT INTO question_naire_pants VALUES ('faf08f1850b852520150c8309e3800cf', '七分裤/九分裤');
INSERT INTO question_naire_pants VALUES ('faf08f1850b852520150c830abad00d0', '长裤');
INSERT INTO question_naire_pants VALUES ('faf08f1850b852520150c830f07300d1', '长裤');
INSERT INTO question_naire_pants VALUES ('faf08f1850b852520150c8325f1900d2', '七分裤/九分裤');
INSERT INTO question_naire_pants VALUES ('faf08f1850b852520150c834af6900d5', '长裤');
INSERT INTO question_naire_pants VALUES ('faf08f1850b852520150c834af6900d5', '锥形裤');
INSERT INTO question_naire_pants VALUES ('faf08f1850b852520150c834af6900d5', '七分裤/九分裤');
INSERT INTO question_naire_pants VALUES ('faf08f1850b852520150c834af6900d5', '短裤');
INSERT INTO question_naire_pants VALUES ('faf08f1850b852520150c834f84d00d6', '长裤');
INSERT INTO question_naire_pants VALUES ('faf08f1850b852520150c838d9c800d7', '短裤');
INSERT INTO question_naire_pants VALUES ('faf08f1850b852520150c83aa3ac00d8', '长裤');
INSERT INTO question_naire_pants VALUES ('faf08f1850b852520150c83aa3ac00d8', '七分裤/九分裤');
INSERT INTO question_naire_pants VALUES ('faf08f1850b852520150c83aa3ac00d8', '短裤');
INSERT INTO question_naire_pants VALUES ('faf08f1850b852520150c841e2c200da', '锥形裤');
INSERT INTO question_naire_pants VALUES ('faf08f1850b852520150c84efc1b00de', '七分裤/九分裤');
INSERT INTO question_naire_pants VALUES ('faf08f1850b852520150c856f37300e0', '阔腿裤');
INSERT INTO question_naire_pants VALUES ('faf08f1850b852520150c856f37300e0', '锥形裤');
INSERT INTO question_naire_pants VALUES ('faf08f1850b852520150c873289400e3', '长裤');
INSERT INTO question_naire_pants VALUES ('faf08f1850b852520150c876a94700e5', '七分裤/九分裤');
INSERT INTO question_naire_pants VALUES ('faf08f1850b852520150c98350eb00e8', '长裤');
INSERT INTO question_naire_pants VALUES ('faf08f1850b852520150c98350eb00e8', '阔腿裤');
INSERT INTO question_naire_pants VALUES ('faf08f1850b852520150c98350eb00e8', '七分裤/九分裤');
INSERT INTO question_naire_pants VALUES ('faf08f1850b852520150c98350eb00e8', '短裤');
INSERT INTO question_naire_pants VALUES ('faf08f1850b852520150cb79685100ee', '七分裤/九分裤');
INSERT INTO question_naire_pants VALUES ('faf08f1850b852520150cbf69fb900f7', '长裤');
INSERT INTO question_naire_pants VALUES ('faf08f1850b852520150cc302a8700fb', '长裤');
INSERT INTO question_naire_pants VALUES ('faf08f1850cccd7f0150ccf058150002', '长裤');
INSERT INTO question_naire_pants VALUES ('faf08f1850cccd7f0150ccf058150002', '阔腿裤');
INSERT INTO question_naire_pants VALUES ('faf08f1850cccd7f0150cdb222380006', '长裤');
INSERT INTO question_naire_pants VALUES ('faf08f1850cccd7f0150cdf9e9ce0007', '长裤');
INSERT INTO question_naire_pants VALUES ('faf08f1850cccd7f0150cdf9e9ce0007', '锥形裤');
INSERT INTO question_naire_pants VALUES ('faf08f1850cccd7f0150cdf9e9ce0007', '七分裤/九分裤');
INSERT INTO question_naire_pants VALUES ('faf08f1850cccd7f0150d293e4c50012', '长裤');
INSERT INTO question_naire_pants VALUES ('faf08f1850cccd7f0150d30a61af0015', '锥形裤');
INSERT INTO question_naire_pants VALUES ('faf08f1850cccd7f0150d5e6673c0016', '七分裤/九分裤');
INSERT INTO question_naire_pants VALUES ('faf08f1850cccd7f0150d682cd4b0018', '长裤');
INSERT INTO question_naire_pants VALUES ('faf08f1850cccd7f0150da9f4c540022', '锥形裤');
INSERT INTO question_naire_pants VALUES ('faf08f1850cccd7f0150db38a6a40025', '七分裤/九分裤');
INSERT INTO question_naire_pants VALUES ('faf08f1850cccd7f0150dfe67aa7002f', '长裤');
INSERT INTO question_naire_pants VALUES ('faf08f1850cccd7f0150dfe67aa7002f', '阔腿裤');
INSERT INTO question_naire_pants VALUES ('faf08f1850cccd7f0150e07855990032', '七分裤/九分裤');
INSERT INTO question_naire_pants VALUES ('faf08f1850cccd7f0150e128e15b0037', '短裤');
INSERT INTO question_naire_pants VALUES ('faf08f1850cccd7f0150e13b02fe0039', '锥形裤');
INSERT INTO question_naire_pants VALUES ('faf08f1850cccd7f0150e14beffb003a', '锥形裤');
INSERT INTO question_naire_pants VALUES ('faf08f1850cccd7f0150e156322c003c', '长裤');
INSERT INTO question_naire_pants VALUES ('faf08f1850cccd7f0150e1cdbe380043', '短裤');
INSERT INTO question_naire_pants VALUES ('faf08f1850cccd7f0150e5e6c1500052', '锥形裤');
INSERT INTO question_naire_pants VALUES ('faf08f1850cccd7f0150e5f431d80053', '阔腿裤');
INSERT INTO question_naire_pants VALUES ('faf08f1850cccd7f0150e5f431d80053', '七分裤/九分裤');
INSERT INTO question_naire_pants VALUES ('faf08f1850cccd7f0150e604324b0058', '阔腿裤');
INSERT INTO question_naire_pants VALUES ('faf08f1850cccd7f0150e604324b0058', '短裤');
INSERT INTO question_naire_pants VALUES ('faf08f1850cccd7f0150e65440230064', '长裤');
INSERT INTO question_naire_pants VALUES ('faf08f1850cccd7f0150e65440230064', '七分裤/九分裤');
INSERT INTO question_naire_pants VALUES ('faf08f1850cccd7f0150e65440230064', '短裤');
INSERT INTO question_naire_pants VALUES ('faf08f1850cccd7f0150e65a1d210065', '长裤');
INSERT INTO question_naire_pants VALUES ('faf08f1850cccd7f0150e67860ca0068', '长裤');
INSERT INTO question_naire_pants VALUES ('faf08f1850cccd7f0150e787e1a40070', '阔腿裤');
INSERT INTO question_naire_pants VALUES ('faf08f1850cccd7f0150e7909ad40071', '长裤');
INSERT INTO question_naire_pants VALUES ('faf08f1850cccd7f0150e9da0ad90072', '长裤');
INSERT INTO question_naire_pants VALUES ('faf08f1850cccd7f0150ea3b89110073', '长裤');
INSERT INTO question_naire_pants VALUES ('faf08f1850cccd7f0150eb0984940078', '长裤');
INSERT INTO question_naire_pants VALUES ('faf08f1850cccd7f0150ebb41eae007c', '长裤');
INSERT INTO question_naire_pants VALUES ('faf08f1850cccd7f0150ebb4ff6f007d', '七分裤/九分裤');
INSERT INTO question_naire_pants VALUES ('faf08f1850cccd7f0150ebc7c2bd0082', '长裤');
INSERT INTO question_naire_pants VALUES ('faf08f1850cccd7f0150ebc7c2bd0082', '锥形裤');
INSERT INTO question_naire_pants VALUES ('faf08f1850cccd7f0150ebc7c2bd0082', '七分裤/九分裤');
INSERT INTO question_naire_pants VALUES ('faf08f1850cccd7f0150ec4a8fd20086', '长裤');
INSERT INTO question_naire_pants VALUES ('faf08f1850cccd7f0150eff82f81008c', '长裤');
INSERT INTO question_naire_pants VALUES ('faf08f1850cccd7f0150f107a2730092', '七分裤/九分裤');
INSERT INTO question_naire_pants VALUES ('faf08f1850cccd7f0150f1343e010096', '长裤');
INSERT INTO question_naire_pants VALUES ('faf08f1850cccd7f0150f14d98e5009a', '长裤');

-- ----------------------------
-- Table structure for `question_naire_shirt`
-- ----------------------------
DROP TABLE IF EXISTS `question_naire_shirt`;
CREATE TABLE `question_naire_shirt` (
  `question_naire` varchar(255) NOT NULL,
  `shirt` varchar(255) DEFAULT NULL,
  KEY `FK_5u37jah2m9oeargmi1vi9xyu0` (`question_naire`),
  CONSTRAINT `FK_5u37jah2m9oeargmi1vi9xyu0` FOREIGN KEY (`question_naire`) REFERENCES `question_naire` (`id`)
) ENGINE=InnoDB DEFAULT CHARSET=utf8;

-- ----------------------------
-- Records of question_naire_shirt
-- ----------------------------
INSERT INTO question_naire_shirt VALUES ('faf08f18508f683401508f68f9b30000', '针织衫');
INSERT INTO question_naire_shirt VALUES ('faf08f18508f683401508f7e57eb0003', '衬衫');
INSERT INTO question_naire_shirt VALUES ('faf08f18508f683401509011624e0009', '西服');
INSERT INTO question_naire_shirt VALUES ('faf08f18509329a3015093455c6a0000', '针织衫');
INSERT INTO question_naire_shirt VALUES ('faf08f18509329a3015093455c6a0000', '羽绒服');
INSERT INTO question_naire_shirt VALUES ('faf08f18509329a30150935545590005', '针织衫');
INSERT INTO question_naire_shirt VALUES ('faf08f185093c280015093e1b3960001', '针织衫');
INSERT INTO question_naire_shirt VALUES ('faf08f185093c280015093e576390002', '衬衫');
INSERT INTO question_naire_shirt VALUES ('faf08f185093c28001509551a05b000c', '西服');
INSERT INTO question_naire_shirt VALUES ('faf08f185093c280015098eecef1000e', '西服');
INSERT INTO question_naire_shirt VALUES ('faf08f185093c280015098f942470011', '衬衫');
INSERT INTO question_naire_shirt VALUES ('faf08f185093c28001509da3ed800018', '衬衫');
INSERT INTO question_naire_shirt VALUES ('faf08f1850a3947c0150a8ea2b620004', 'T恤');
INSERT INTO question_naire_shirt VALUES ('faf08f1850a3947c0150a8f223d30005', '皮衣');
INSERT INTO question_naire_shirt VALUES ('faf08f1850a3947c0150a90393100008', '大衣/风衣');
INSERT INTO question_naire_shirt VALUES ('faf08f1850a3947c0150a97cd07c000d', '大衣/风衣');
INSERT INTO question_naire_shirt VALUES ('faf08f1850a3947c0150a98d076e0012', '衬衫');
INSERT INTO question_naire_shirt VALUES ('faf08f1850a3947c0150a9a8aacd0013', '西服');
INSERT INTO question_naire_shirt VALUES ('faf08f1850a3947c0150a9a8aacd0013', '大衣/风衣');
INSERT INTO question_naire_shirt VALUES ('faf08f1850a3947c0150a9dbb5ff0017', 'T恤');
INSERT INTO question_naire_shirt VALUES ('faf08f1850a3947c0150a9f648f00018', '衬衫');
INSERT INTO question_naire_shirt VALUES ('faf08f1850a3947c0150a9f648f00018', '针织衫');
INSERT INTO question_naire_shirt VALUES ('faf08f1850a3947c0150a9f648f00018', '大衣/风衣');
INSERT INTO question_naire_shirt VALUES ('faf08f1850a3947c0150a9f648f00018', '羽绒服');
INSERT INTO question_naire_shirt VALUES ('faf08f1850a3947c0150a9f648f00018', 'T恤');
INSERT INTO question_naire_shirt VALUES ('faf08f1850a3947c0150aa288d90001a', '短外套');
INSERT INTO question_naire_shirt VALUES ('faf08f1850a3947c0150aa288d90001a', '大衣/风衣');
INSERT INTO question_naire_shirt VALUES ('faf08f1850a3947c0150aa288d90001a', '羽绒服');
INSERT INTO question_naire_shirt VALUES ('faf08f1850a3947c0150aa597ab9001c', '西服');
INSERT INTO question_naire_shirt VALUES ('faf08f1850a3947c0150aa597ab9001c', '羽绒服');
INSERT INTO question_naire_shirt VALUES ('faf08f1850a3947c0150ab5a193e001e', '大衣/风衣');
INSERT INTO question_naire_shirt VALUES ('faf08f1850a3947c0150ab5a193e001e', 'T恤');
INSERT INTO question_naire_shirt VALUES ('faf08f1850a3947c0150abc4f1110021', '皮衣');
INSERT INTO question_naire_shirt VALUES ('faf08f1850a3947c0150ac1937990026', '西服');
INSERT INTO question_naire_shirt VALUES ('faf08f1850ac4d050150ac54df380001', '衬衫');
INSERT INTO question_naire_shirt VALUES ('faf08f1850ac4d050150ac54df380001', '西服');
INSERT INTO question_naire_shirt VALUES ('faf08f1850ac4d050150ac54df380001', '短外套');
INSERT INTO question_naire_shirt VALUES ('faf08f1850ac4d050150ac54df380001', 'T恤');
INSERT INTO question_naire_shirt VALUES ('faf08f1850ac4d050150ac6f8db40007', '大衣/风衣');
INSERT INTO question_naire_shirt VALUES ('faf08f1850ac70e20150ac7dfcb30001', '短外套');
INSERT INTO question_naire_shirt VALUES ('faf08f1850ac70e20150ac7dfcb30001', 'T恤');
INSERT INTO question_naire_shirt VALUES ('faf08f1850ac70e20150acaf3fbe0008', '针织衫');
INSERT INTO question_naire_shirt VALUES ('faf08f1850ac70e20150acede2ca0010', '大衣/风衣');
INSERT INTO question_naire_shirt VALUES ('faf08f1850ac70e20150acef16820011', '西服');
INSERT INTO question_naire_shirt VALUES ('faf08f1850ac70e20150acf4d9190015', '衬衫');
INSERT INTO question_naire_shirt VALUES ('faf08f1850ac70e20150acf4d9190015', '西服');
INSERT INTO question_naire_shirt VALUES ('faf08f1850ac70e20150acf4d9190015', '短外套');
INSERT INTO question_naire_shirt VALUES ('faf08f1850ac70e20150acf4d9190015', '大衣/风衣');
INSERT INTO question_naire_shirt VALUES ('faf08f1850ac70e20150acf4d9190015', 'T恤');
INSERT INTO question_naire_shirt VALUES ('faf08f1850ac70e20150acfbc9240017', '短外套');
INSERT INTO question_naire_shirt VALUES ('faf08f1850ac70e20150ad2422d7001a', '西服');
INSERT INTO question_naire_shirt VALUES ('faf08f1850ac70e20150ad2422d7001a', '短外套');
INSERT INTO question_naire_shirt VALUES ('faf08f1850ac70e20150ad2422d7001a', '皮衣');
INSERT INTO question_naire_shirt VALUES ('faf08f1850ac70e20150ad36414a001b', '衬衫');
INSERT INTO question_naire_shirt VALUES ('faf08f1850ac70e20150ad3a2345001c', 'T恤');
INSERT INTO question_naire_shirt VALUES ('faf08f1850ac70e20150ad3e45a3001e', '大衣/风衣');
INSERT INTO question_naire_shirt VALUES ('faf08f1850ac70e20150ad3f0a9c001f', '衬衫');
INSERT INTO question_naire_shirt VALUES ('faf08f1850ac70e20150ad3f0a9c001f', '针织衫');
INSERT INTO question_naire_shirt VALUES ('faf08f1850ac70e20150ad3f0a9c001f', '西服');
INSERT INTO question_naire_shirt VALUES ('faf08f1850ac70e20150ad3f0a9c001f', '短外套');
INSERT INTO question_naire_shirt VALUES ('faf08f1850ac70e20150ad3f0a9c001f', '大衣/风衣');
INSERT INTO question_naire_shirt VALUES ('faf08f1850ac70e20150ad3f0a9c001f', '皮衣');
INSERT INTO question_naire_shirt VALUES ('faf08f1850ac70e20150ad3f0a9c001f', '羽绒服');
INSERT INTO question_naire_shirt VALUES ('faf08f1850ac70e20150ad3f0a9c001f', 'T恤');
INSERT INTO question_naire_shirt VALUES ('faf08f1850ac70e20150ad3fcaf40020', '衬衫');
INSERT INTO question_naire_shirt VALUES ('faf08f1850ac70e20150ad3fcaf40020', '皮衣');
INSERT INTO question_naire_shirt VALUES ('faf08f1850ac70e20150ad42bae00023', '大衣/风衣');
INSERT INTO question_naire_shirt VALUES ('faf08f1850ac70e20150ad42bae00023', 'T恤');
INSERT INTO question_naire_shirt VALUES ('faf08f1850ac70e20150ad45deef0024', '大衣/风衣');
INSERT INTO question_naire_shirt VALUES ('faf08f1850ac70e20150ad45deef0024', '羽绒服');
INSERT INTO question_naire_shirt VALUES ('faf08f1850ac70e20150ad48e1be0025', '衬衫');
INSERT INTO question_naire_shirt VALUES ('faf08f1850ac70e20150ad4b10f80027', '短外套');
INSERT INTO question_naire_shirt VALUES ('faf08f1850ac70e20150ad4b10f80027', '大衣/风衣');
INSERT INTO question_naire_shirt VALUES ('faf08f1850ac70e20150ad4b10f80027', 'T恤');
INSERT INTO question_naire_shirt VALUES ('faf08f1850ac70e20150ad4bf27c0028', '衬衫');
INSERT INTO question_naire_shirt VALUES ('faf08f1850ac70e20150ad4f0e4e0029', '衬衫');
INSERT INTO question_naire_shirt VALUES ('faf08f1850ac70e20150ad4f0e4e0029', '西服');
INSERT INTO question_naire_shirt VALUES ('faf08f1850ac70e20150ad4f0e4e0029', '大衣/风衣');
INSERT INTO question_naire_shirt VALUES ('faf08f1850ac70e20150ad500147002a', '大衣/风衣');
INSERT INTO question_naire_shirt VALUES ('faf08f1850ac70e20150ad58714e002c', '大衣/风衣');
INSERT INTO question_naire_shirt VALUES ('faf08f1850ac70e20150ad5fdbfa002f', '短外套');
INSERT INTO question_naire_shirt VALUES ('faf08f1850ac70e20150ad627a3b0030', '衬衫');
INSERT INTO question_naire_shirt VALUES ('faf08f1850ac70e20150ad627a3b0030', '西服');
INSERT INTO question_naire_shirt VALUES ('faf08f1850ac70e20150ad627a3b0030', '大衣/风衣');
INSERT INTO question_naire_shirt VALUES ('faf08f1850ac70e20150ad627a3b0030', 'T恤');
INSERT INTO question_naire_shirt VALUES ('faf08f1850ac70e20150ad6450140031', '衬衫');
INSERT INTO question_naire_shirt VALUES ('faf08f1850ac70e20150ad6450140031', '皮衣');
INSERT INTO question_naire_shirt VALUES ('faf08f1850ac70e20150ad7520340033', 'T恤');
INSERT INTO question_naire_shirt VALUES ('faf08f1850ac70e20150ad75cd950034', '西服');
INSERT INTO question_naire_shirt VALUES ('faf08f1850ac70e20150ad9f97c40038', '大衣/风衣');
INSERT INTO question_naire_shirt VALUES ('faf08f1850ac70e20150adacc79c0039', '针织衫');
INSERT INTO question_naire_shirt VALUES ('faf08f1850adbeef0150ae1723f9000a', '针织衫');
INSERT INTO question_naire_shirt VALUES ('faf08f1850adbeef0150ae1c961b000d', '西服');
INSERT INTO question_naire_shirt VALUES ('faf08f1850adbeef0150ae1c961b000d', '大衣/风衣');
INSERT INTO question_naire_shirt VALUES ('faf08f1850adbeef0150ae1da1d4000e', '羽绒服');
INSERT INTO question_naire_shirt VALUES ('faf08f1850adbeef0150ae2198490011', '衬衫');
INSERT INTO question_naire_shirt VALUES ('faf08f1850adbeef0150ae224b200013', '衬衫');
INSERT INTO question_naire_shirt VALUES ('faf08f1850adbeef0150ae224b200013', '西服');
INSERT INTO question_naire_shirt VALUES ('faf08f1850adbeef0150ae454cd90016', '针织衫');
INSERT INTO question_naire_shirt VALUES ('faf08f1850adbeef0150ae454cd90016', '大衣/风衣');
INSERT INTO question_naire_shirt VALUES ('faf08f1850adbeef0150ae5031d50019', '西服');
INSERT INTO question_naire_shirt VALUES ('faf08f1850adbeef0150ae5031d50019', '大衣/风衣');
INSERT INTO question_naire_shirt VALUES ('faf08f1850adbeef0150ae5031d50019', '皮衣');
INSERT INTO question_naire_shirt VALUES ('faf08f1850adbeef0150ae5695a9001b', '大衣/风衣');
INSERT INTO question_naire_shirt VALUES ('faf08f1850adbeef0150ae608aab001f', '大衣/风衣');
INSERT INTO question_naire_shirt VALUES ('faf08f1850adbeef0150ae608aab001f', 'T恤');
INSERT INTO question_naire_shirt VALUES ('faf08f1850adbeef0150ae6d46730020', '针织衫');
INSERT INTO question_naire_shirt VALUES ('faf08f1850adbeef0150aebaabe90022', '西服');
INSERT INTO question_naire_shirt VALUES ('faf08f1850adbeef0150aebaabe90022', '大衣/风衣');
INSERT INTO question_naire_shirt VALUES ('faf08f1850adbeef0150aecf01cc0024', '衬衫');
INSERT INTO question_naire_shirt VALUES ('faf08f1850adbeef0150aecf01cc0024', '西服');
INSERT INTO question_naire_shirt VALUES ('faf08f1850adbeef0150aed9ba2c0025', 'T恤');
INSERT INTO question_naire_shirt VALUES ('faf08f1850adbeef0150aee228ea0026', '大衣/风衣');
INSERT INTO question_naire_shirt VALUES ('faf08f1850adbeef0150aee330890027', '衬衫');
INSERT INTO question_naire_shirt VALUES ('faf08f1850adbeef0150aee330890027', '短外套');
INSERT INTO question_naire_shirt VALUES ('faf08f1850adbeef0150b11a0120002e', '针织衫');
INSERT INTO question_naire_shirt VALUES ('faf08f1850adbeef0150b11a0120002e', '大衣/风衣');
INSERT INTO question_naire_shirt VALUES ('faf08f1850adbeef0150b12130700030', '针织衫');
INSERT INTO question_naire_shirt VALUES ('faf08f1850adbeef0150b12130700030', '短外套');
INSERT INTO question_naire_shirt VALUES ('faf08f1850adbeef0150b12130700030', '大衣/风衣');
INSERT INTO question_naire_shirt VALUES ('faf08f1850adbeef0150b12403690031', '大衣/风衣');
INSERT INTO question_naire_shirt VALUES ('faf08f1850adbeef0150b16797f00033', '衬衫');
INSERT INTO question_naire_shirt VALUES ('faf08f1850adbeef0150b16797f00033', '西服');
INSERT INTO question_naire_shirt VALUES ('faf08f1850adbeef0150b16797f00033', '羽绒服');
INSERT INTO question_naire_shirt VALUES ('faf08f1850adbeef0150b16a9acb0034', '大衣/风衣');
INSERT INTO question_naire_shirt VALUES ('faf08f1850adbeef0150b177be3f0035', '针织衫');
INSERT INTO question_naire_shirt VALUES ('faf08f1850adbeef0150b177be3f0035', '大衣/风衣');
INSERT INTO question_naire_shirt VALUES ('faf08f1850adbeef0150b177be3f0035', '羽绒服');
INSERT INTO question_naire_shirt VALUES ('faf08f1850adbeef0150b177be3f0035', 'T恤');
INSERT INTO question_naire_shirt VALUES ('faf08f1850adbeef0150b196f04c0036', '短外套');
INSERT INTO question_naire_shirt VALUES ('faf08f1850adbeef0150b1a30c8f0038', '针织衫');
INSERT INTO question_naire_shirt VALUES ('faf08f1850adbeef0150b1a30c8f0038', '大衣/风衣');
INSERT INTO question_naire_shirt VALUES ('faf08f1850adbeef0150b1ae8b3e003a', '西服');
INSERT INTO question_naire_shirt VALUES ('faf08f1850adbeef0150b20bb234003b', '衬衫');
INSERT INTO question_naire_shirt VALUES ('faf08f1850adbeef0150b22a0598003e', '大衣/风衣');
INSERT INTO question_naire_shirt VALUES ('faf08f1850adbeef0150b22fb67c003f', '大衣/风衣');
INSERT INTO question_naire_shirt VALUES ('faf08f1850adbeef0150b26260720043', '衬衫');
INSERT INTO question_naire_shirt VALUES ('faf08f1850adbeef0150b26260720043', '针织衫');
INSERT INTO question_naire_shirt VALUES ('faf08f1850adbeef0150b26260720043', '短外套');
INSERT INTO question_naire_shirt VALUES ('faf08f1850adbeef0150b26260720043', 'T恤');
INSERT INTO question_naire_shirt VALUES ('faf08f1850adbeef0150b2728b330048', '短外套');
INSERT INTO question_naire_shirt VALUES ('faf08f1850adbeef0150b27372080049', '大衣/风衣');
INSERT INTO question_naire_shirt VALUES ('faf08f1850adbeef0150b276d191004a', '大衣/风衣');
INSERT INTO question_naire_shirt VALUES ('faf08f1850adbeef0150b2a197b9004e', 'T恤');
INSERT INTO question_naire_shirt VALUES ('faf08f1850adbeef0150b2a86d6f0052', '针织衫');
INSERT INTO question_naire_shirt VALUES ('faf08f1850adbeef0150b2ab75fe0055', '大衣/风衣');
INSERT INTO question_naire_shirt VALUES ('faf08f1850adbeef0150b2b20a0e0056', '短外套');
INSERT INTO question_naire_shirt VALUES ('faf08f1850adbeef0150b2b7e3e60058', '衬衫');
INSERT INTO question_naire_shirt VALUES ('faf08f1850adbeef0150b2b7e3e60058', '西服');
INSERT INTO question_naire_shirt VALUES ('faf08f1850adbeef0150b2b7e3e60058', '大衣/风衣');
INSERT INTO question_naire_shirt VALUES ('faf08f1850adbeef0150b2b7e3e60058', '皮衣');
INSERT INTO question_naire_shirt VALUES ('faf08f1850adbeef0150b2cb9c60005a', '大衣/风衣');
INSERT INTO question_naire_shirt VALUES ('faf08f1850adbeef0150b3004b1b005e', '衬衫');
INSERT INTO question_naire_shirt VALUES ('faf08f1850b30a780150b324d21d0001', '针织衫');
INSERT INTO question_naire_shirt VALUES ('faf08f1850b30a780150b32710d70002', '衬衫');
INSERT INTO question_naire_shirt VALUES ('faf08f1850b30a780150b32710d70002', '短外套');
INSERT INTO question_naire_shirt VALUES ('faf08f1850b332c70150b35e3dd00000', '针织衫');
INSERT INTO question_naire_shirt VALUES ('faf08f1850b332c70150b35e3dd00000', '短外套');
INSERT INTO question_naire_shirt VALUES ('faf08f1850b332c70150b37cd5500002', '大衣/风衣');
INSERT INTO question_naire_shirt VALUES ('faf08f1850b332c70150b39aad400003', '衬衫');
INSERT INTO question_naire_shirt VALUES ('faf08f1850b332c70150b39aad400003', '针织衫');
INSERT INTO question_naire_shirt VALUES ('faf08f1850b332c70150b39aad400003', '大衣/风衣');
INSERT INTO question_naire_shirt VALUES ('faf08f1850b332c70150b46c42010008', '短外套');
INSERT INTO question_naire_shirt VALUES ('faf08f1850b332c70150b6b50ad5000c', '短外套');
INSERT INTO question_naire_shirt VALUES ('faf08f1850b332c70150b6b50ad5000c', '大衣/风衣');
INSERT INTO question_naire_shirt VALUES ('faf08f1850b332c70150b6b50ad5000c', '皮衣');
INSERT INTO question_naire_shirt VALUES ('faf08f1850b6bb620150b6bda5e60001', '针织衫');
INSERT INTO question_naire_shirt VALUES ('faf08f1850b6bb620150b6bda5e60001', '大衣/风衣');
INSERT INTO question_naire_shirt VALUES ('faf08f1850b6bb620150b6bda5e60001', '皮衣');
INSERT INTO question_naire_shirt VALUES ('faf08f1850b6bb620150b6c0d6030003', '针织衫');
INSERT INTO question_naire_shirt VALUES ('faf08f1850b6bb620150b6c0d6030003', '西服');
INSERT INTO question_naire_shirt VALUES ('faf08f1850b6bb620150b6c0d6030003', '大衣/风衣');
INSERT INTO question_naire_shirt VALUES ('faf08f1850b6bb620150b6c0d6030003', '皮衣');
INSERT INTO question_naire_shirt VALUES ('faf08f1850b6bb620150b6c1a8550004', '短外套');
INSERT INTO question_naire_shirt VALUES ('faf08f1850b6bb620150b6daa20d0006', '针织衫');
INSERT INTO question_naire_shirt VALUES ('faf08f1850b6daf80150b6f34b920000', '针织衫');
INSERT INTO question_naire_shirt VALUES ('faf08f1850b6daf80150b6f34b920000', '大衣/风衣');
INSERT INTO question_naire_shirt VALUES ('faf08f1850b6daf80150b745906a0004', '大衣/风衣');
INSERT INTO question_naire_shirt VALUES ('faf08f1850b6daf80150b75176a20006', '衬衫');
INSERT INTO question_naire_shirt VALUES ('faf08f1850b6daf80150b75176a20006', '针织衫');
INSERT INTO question_naire_shirt VALUES ('faf08f1850b6daf80150b75176a20006', '短外套');
INSERT INTO question_naire_shirt VALUES ('faf08f1850b6daf80150b75176a20006', '大衣/风衣');
INSERT INTO question_naire_shirt VALUES ('faf08f1850b6daf80150b7551e6f0007', '衬衫');
INSERT INTO question_naire_shirt VALUES ('faf08f1850b6daf80150b79a2006000d', '衬衫');
INSERT INTO question_naire_shirt VALUES ('faf08f1850b6daf80150b79a2006000d', '针织衫');
INSERT INTO question_naire_shirt VALUES ('faf08f1850b6daf80150b79a2006000d', '西服');
INSERT INTO question_naire_shirt VALUES ('faf08f1850b6daf80150b79a2006000d', '短外套');
INSERT INTO question_naire_shirt VALUES ('faf08f1850b6daf80150b79a2006000d', '大衣/风衣');
INSERT INTO question_naire_shirt VALUES ('faf08f1850b6daf80150b79a2006000d', '皮衣');
INSERT INTO question_naire_shirt VALUES ('faf08f1850b6daf80150b79a2006000d', '羽绒服');
INSERT INTO question_naire_shirt VALUES ('faf08f1850b6daf80150b7a45aea0010', '衬衫');
INSERT INTO question_naire_shirt VALUES ('faf08f1850b6daf80150b7aee6db0012', '西服');
INSERT INTO question_naire_shirt VALUES ('faf08f1850b6daf80150b7aee6db0012', '大衣/风衣');
INSERT INTO question_naire_shirt VALUES ('faf08f1850b6daf80150b7c458820015', '针织衫');
INSERT INTO question_naire_shirt VALUES ('faf08f1850b6daf80150b7c458820015', '大衣/风衣');
INSERT INTO question_naire_shirt VALUES ('faf08f1850b6daf80150b7c458820015', '羽绒服');
INSERT INTO question_naire_shirt VALUES ('faf08f1850b6daf80150b80dcc690017', '针织衫');
INSERT INTO question_naire_shirt VALUES ('faf08f1850b6daf80150b80dcc690017', '西服');
INSERT INTO question_naire_shirt VALUES ('faf08f1850b6daf80150b80dcc690017', '大衣/风衣');
INSERT INTO question_naire_shirt VALUES ('faf08f1850b6daf80150b83d70b8001c', '针织衫');
INSERT INTO question_naire_shirt VALUES ('faf08f1850b852520150b8a74d3b0003', '西服');
INSERT INTO question_naire_shirt VALUES ('faf08f1850b852520150b8d7f3c70006', '大衣/风衣');
INSERT INTO question_naire_shirt VALUES ('faf08f1850b852520150bb2124b80008', '衬衫');
INSERT INTO question_naire_shirt VALUES ('faf08f1850b852520150bb2124b80008', '西服');
INSERT INTO question_naire_shirt VALUES ('faf08f1850b852520150bbf4ba6d000e', '衬衫');
INSERT INTO question_naire_shirt VALUES ('faf08f1850b852520150bbf4ba6d000e', '西服');
INSERT INTO question_naire_shirt VALUES ('faf08f1850b852520150bbf4ba6d000e', '大衣/风衣');
INSERT INTO question_naire_shirt VALUES ('faf08f1850b852520150bc58d1b10013', '西服');
INSERT INTO question_naire_shirt VALUES ('faf08f1850b852520150bc58d1b10013', '短外套');
INSERT INTO question_naire_shirt VALUES ('faf08f1850b852520150bc58d1b10013', '大衣/风衣');
INSERT INTO question_naire_shirt VALUES ('faf08f1850b852520150bc6adc3f0017', 'T恤');
INSERT INTO question_naire_shirt VALUES ('faf08f1850b852520150bc79abff001a', '衬衫');
INSERT INTO question_naire_shirt VALUES ('faf08f1850b852520150bc79abff001a', '针织衫');
INSERT INTO question_naire_shirt VALUES ('faf08f1850b852520150bc79abff001a', '西服');
INSERT INTO question_naire_shirt VALUES ('faf08f1850b852520150bc79abff001a', '大衣/风衣');
INSERT INTO question_naire_shirt VALUES ('faf08f1850b852520150bcaf2c23001e', '衬衫');
INSERT INTO question_naire_shirt VALUES ('faf08f1850b852520150bcaf2c23001e', '针织衫');
INSERT INTO question_naire_shirt VALUES ('faf08f1850b852520150bcaf2c23001e', '大衣/风衣');
INSERT INTO question_naire_shirt VALUES ('faf08f1850b852520150bd215bd40024', '短外套');
INSERT INTO question_naire_shirt VALUES ('faf08f1850b852520150bd395ab00026', '衬衫');
INSERT INTO question_naire_shirt VALUES ('faf08f1850b852520150bd78e3ed0029', '衬衫');
INSERT INTO question_naire_shirt VALUES ('faf08f1850b852520150bd78e3ed0029', '大衣/风衣');
INSERT INTO question_naire_shirt VALUES ('faf08f1850b852520150bd78e3ed0029', '皮衣');
INSERT INTO question_naire_shirt VALUES ('faf08f1850b852520150bd85e259002a', '西服');
INSERT INTO question_naire_shirt VALUES ('faf08f1850b852520150bda8c05a002b', '西服');
INSERT INTO question_naire_shirt VALUES ('faf08f1850b852520150bda8c05a002b', '短外套');
INSERT INTO question_naire_shirt VALUES ('faf08f1850b852520150bda8c05a002b', '大衣/风衣');
INSERT INTO question_naire_shirt VALUES ('faf08f1850b852520150bdac73bc002c', '衬衫');
INSERT INTO question_naire_shirt VALUES ('faf08f1850b852520150bdac73bc002c', '针织衫');
INSERT INTO question_naire_shirt VALUES ('faf08f1850b852520150bdac73bc002c', '西服');
INSERT INTO question_naire_shirt VALUES ('faf08f1850b852520150bdac73bc002c', '短外套');
INSERT INTO question_naire_shirt VALUES ('faf08f1850b852520150bdac73bc002c', '大衣/风衣');
INSERT INTO question_naire_shirt VALUES ('faf08f1850b852520150bdac73bc002c', '羽绒服');
INSERT INTO question_naire_shirt VALUES ('faf08f1850b852520150bdb25768002d', '针织衫');
INSERT INTO question_naire_shirt VALUES ('faf08f1850b852520150bdb25768002d', '大衣/风衣');
INSERT INTO question_naire_shirt VALUES ('faf08f1850b852520150bdb25768002d', '皮衣');
INSERT INTO question_naire_shirt VALUES ('faf08f1850b852520150bdb25768002d', '羽绒服');
INSERT INTO question_naire_shirt VALUES ('faf08f1850b852520150bdb2a9e4002e', '针织衫');
INSERT INTO question_naire_shirt VALUES ('faf08f1850b852520150be28a15e0034', '大衣/风衣');
INSERT INTO question_naire_shirt VALUES ('faf08f1850b852520150be43a2f80035', '西服');
INSERT INTO question_naire_shirt VALUES ('faf08f1850b852520150be69414e0036', '大衣/风衣');
INSERT INTO question_naire_shirt VALUES ('faf08f1850b852520150be954a610037', '皮衣');
INSERT INTO question_naire_shirt VALUES ('faf08f1850b852520150c0eb80cc003a', '针织衫');
INSERT INTO question_naire_shirt VALUES ('faf08f1850b852520150c0eb80cc003a', '短外套');
INSERT INTO question_naire_shirt VALUES ('faf08f1850b852520150c0eb80cc003a', '大衣/风衣');
INSERT INTO question_naire_shirt VALUES ('faf08f1850b852520150c15c5047003e', '针织衫');
INSERT INTO question_naire_shirt VALUES ('faf08f1850b852520150c1728d0d0041', '衬衫');
INSERT INTO question_naire_shirt VALUES ('faf08f1850b852520150c1728d0d0041', '针织衫');
INSERT INTO question_naire_shirt VALUES ('faf08f1850b852520150c1728d0d0041', '西服');
INSERT INTO question_naire_shirt VALUES ('faf08f1850b852520150c1728d0d0041', '短外套');
INSERT INTO question_naire_shirt VALUES ('faf08f1850b852520150c1728d0d0041', '大衣/风衣');
INSERT INTO question_naire_shirt VALUES ('faf08f1850b852520150c1728d0d0041', 'T恤');
INSERT INTO question_naire_shirt VALUES ('faf08f1850b852520150c1ae5ff20046', '大衣/风衣');
INSERT INTO question_naire_shirt VALUES ('faf08f1850b852520150c1bce92e0047', '大衣/风衣');
INSERT INTO question_naire_shirt VALUES ('faf08f1850b852520150c1bce92e0047', 'T恤');
INSERT INTO question_naire_shirt VALUES ('faf08f1850b852520150c1fb45ae004c', '衬衫');
INSERT INTO question_naire_shirt VALUES ('faf08f1850b852520150c1fb45ae004c', '大衣/风衣');
INSERT INTO question_naire_shirt VALUES ('faf08f1850b852520150c211bc120050', '短外套');
INSERT INTO question_naire_shirt VALUES ('faf08f1850b852520150c211bc120050', '大衣/风衣');
INSERT INTO question_naire_shirt VALUES ('faf08f1850b852520150c211bc120050', '皮衣');
INSERT INTO question_naire_shirt VALUES ('faf08f1850b852520150c24b72220056', '大衣/风衣');
INSERT INTO question_naire_shirt VALUES ('faf08f1850b852520150c25ab0bc005e', '衬衫');
INSERT INTO question_naire_shirt VALUES ('faf08f1850b852520150c25ab0bc005e', '针织衫');
INSERT INTO question_naire_shirt VALUES ('faf08f1850b852520150c25ab0bc005e', '短外套');
INSERT INTO question_naire_shirt VALUES ('faf08f1850b852520150c25ab0bc005e', '大衣/风衣');
INSERT INTO question_naire_shirt VALUES ('faf08f1850b852520150c25cfbd30060', '大衣/风衣');
INSERT INTO question_naire_shirt VALUES ('faf08f1850b852520150c2730cae0068', '衬衫');
INSERT INTO question_naire_shirt VALUES ('faf08f1850b852520150c2730cae0068', 'T恤');
INSERT INTO question_naire_shirt VALUES ('faf08f1850b852520150c2bb81170073', '针织衫');
INSERT INTO question_naire_shirt VALUES ('faf08f1850b852520150c2bb81170073', '西服');
INSERT INTO question_naire_shirt VALUES ('faf08f1850b852520150c2bb81170073', '大衣/风衣');
INSERT INTO question_naire_shirt VALUES ('faf08f1850b852520150c2bb81170073', '羽绒服');
INSERT INTO question_naire_shirt VALUES ('faf08f1850b852520150c2d5ffe30075', '西服');
INSERT INTO question_naire_shirt VALUES ('faf08f1850b852520150c2d5ffe30075', '大衣/风衣');
INSERT INTO question_naire_shirt VALUES ('faf08f1850b852520150c2fcf3690079', '衬衫');
INSERT INTO question_naire_shirt VALUES ('faf08f1850b852520150c2fcf3690079', '西服');
INSERT INTO question_naire_shirt VALUES ('faf08f1850b852520150c2fcf3690079', '短外套');
INSERT INTO question_naire_shirt VALUES ('faf08f1850b852520150c303c94c007a', '衬衫');
INSERT INTO question_naire_shirt VALUES ('faf08f1850b852520150c303c94c007a', '针织衫');
INSERT INTO question_naire_shirt VALUES ('faf08f1850b852520150c303c94c007a', '大衣/风衣');
INSERT INTO question_naire_shirt VALUES ('faf08f1850b852520150c30b9cdc007b', '衬衫');
INSERT INTO question_naire_shirt VALUES ('faf08f1850b852520150c30b9cdc007b', '短外套');
INSERT INTO question_naire_shirt VALUES ('faf08f1850b852520150c30b9cdc007b', '皮衣');
INSERT INTO question_naire_shirt VALUES ('faf08f1850b852520150c5ae1d260083', '短外套');
INSERT INTO question_naire_shirt VALUES ('faf08f1850b852520150c64d11810084', '针织衫');
INSERT INTO question_naire_shirt VALUES ('faf08f1850b852520150c64d11810084', '大衣/风衣');
INSERT INTO question_naire_shirt VALUES ('faf08f1850b852520150c6567e310086', '衬衫');
INSERT INTO question_naire_shirt VALUES ('faf08f1850b852520150c693a98c008d', '西服');
INSERT INTO question_naire_shirt VALUES ('faf08f1850b852520150c693a98c008d', '短外套');
INSERT INTO question_naire_shirt VALUES ('faf08f1850b852520150c693a98c008d', '大衣/风衣');
INSERT INTO question_naire_shirt VALUES ('faf08f1850b852520150c6982315008e', '大衣/风衣');
INSERT INTO question_naire_shirt VALUES ('faf08f1850b852520150c6d7696e0090', '衬衫');
INSERT INTO question_naire_shirt VALUES ('faf08f1850b852520150c6d7696e0090', '西服');
INSERT INTO question_naire_shirt VALUES ('faf08f1850b852520150c6d7696e0090', '短外套');
INSERT INTO question_naire_shirt VALUES ('faf08f1850b852520150c6d7696e0090', '皮衣');
INSERT INTO question_naire_shirt VALUES ('faf08f1850b852520150c6d7696e0090', 'T恤');
INSERT INTO question_naire_shirt VALUES ('faf08f1850b852520150c73aff600098', '大衣/风衣');
INSERT INTO question_naire_shirt VALUES ('faf08f1850b852520150c73aff600098', '皮衣');
INSERT INTO question_naire_shirt VALUES ('faf08f1850b852520150c7690b70009b', 'T恤');
INSERT INTO question_naire_shirt VALUES ('faf08f1850b852520150c789a60c009c', '针织衫');
INSERT INTO question_naire_shirt VALUES ('faf08f1850b852520150c7b5326f009f', '衬衫');
INSERT INTO question_naire_shirt VALUES ('faf08f1850b852520150c7d2a39500a1', '衬衫');
INSERT INTO question_naire_shirt VALUES ('faf08f1850b852520150c7d2a39500a1', '大衣/风衣');
INSERT INTO question_naire_shirt VALUES ('faf08f1850b852520150c7d2a39500a1', '皮衣');
INSERT INTO question_naire_shirt VALUES ('faf08f1850b852520150c7d94e3d00a2', '大衣/风衣');
INSERT INTO question_naire_shirt VALUES ('faf08f1850b852520150c7dbbd5200a3', '大衣/风衣');
INSERT INTO question_naire_shirt VALUES ('faf08f1850b852520150c7e2122c00a5', '短外套');
INSERT INTO question_naire_shirt VALUES ('faf08f1850b852520150c7e70b5400a7', '衬衫');
INSERT INTO question_naire_shirt VALUES ('faf08f1850b852520150c7e70b5400a7', '针织衫');
INSERT INTO question_naire_shirt VALUES ('faf08f1850b852520150c7e70b5400a7', 'T恤');
INSERT INTO question_naire_shirt VALUES ('faf08f1850b852520150c7e80b5400a8', '衬衫');
INSERT INTO question_naire_shirt VALUES ('faf08f1850b852520150c7ec0f0d00aa', '针织衫');
INSERT INTO question_naire_shirt VALUES ('faf08f1850b852520150c7f4e1fd00ac', 'T恤');
INSERT INTO question_naire_shirt VALUES ('faf08f1850b852520150c7f5b83c00ad', '针织衫');
INSERT INTO question_naire_shirt VALUES ('faf08f1850b852520150c7f5b83c00ad', '大衣/风衣');
INSERT INTO question_naire_shirt VALUES ('faf08f1850b852520150c7f5b83c00ad', '皮衣');
INSERT INTO question_naire_shirt VALUES ('faf08f1850b852520150c7ff83d900b1', '衬衫');
INSERT INTO question_naire_shirt VALUES ('faf08f1850b852520150c80b7d2a00b4', '西服');
INSERT INTO question_naire_shirt VALUES ('faf08f1850b852520150c815fb7f00b9', '短外套');
INSERT INTO question_naire_shirt VALUES ('faf08f1850b852520150c82283ba00c9', '大衣/风衣');
INSERT INTO question_naire_shirt VALUES ('faf08f1850b852520150c82caa0400ce', '针织衫');
INSERT INTO question_naire_shirt VALUES ('faf08f1850b852520150c8309e3800cf', '针织衫');
INSERT INTO question_naire_shirt VALUES ('faf08f1850b852520150c8309e3800cf', '大衣/风衣');
INSERT INTO question_naire_shirt VALUES ('faf08f1850b852520150c8309e3800cf', '皮衣');
INSERT INTO question_naire_shirt VALUES ('faf08f1850b852520150c830abad00d0', '衬衫');
INSERT INTO question_naire_shirt VALUES ('faf08f1850b852520150c830abad00d0', '西服');
INSERT INTO question_naire_shirt VALUES ('faf08f1850b852520150c830abad00d0', '大衣/风衣');
INSERT INTO question_naire_shirt VALUES ('faf08f1850b852520150c830f07300d1', '皮衣');
INSERT INTO question_naire_shirt VALUES ('faf08f1850b852520150c8325f1900d2', '大衣/风衣');
INSERT INTO question_naire_shirt VALUES ('faf08f1850b852520150c834af6900d5', '衬衫');
INSERT INTO question_naire_shirt VALUES ('faf08f1850b852520150c834af6900d5', '针织衫');
INSERT INTO question_naire_shirt VALUES ('faf08f1850b852520150c834af6900d5', '西服');
INSERT INTO question_naire_shirt VALUES ('faf08f1850b852520150c834af6900d5', '短外套');
INSERT INTO question_naire_shirt VALUES ('faf08f1850b852520150c834af6900d5', '大衣/风衣');
INSERT INTO question_naire_shirt VALUES ('faf08f1850b852520150c834af6900d5', '皮衣');
INSERT INTO question_naire_shirt VALUES ('faf08f1850b852520150c834af6900d5', '羽绒服');
INSERT INTO question_naire_shirt VALUES ('faf08f1850b852520150c834af6900d5', 'T恤');
INSERT INTO question_naire_shirt VALUES ('faf08f1850b852520150c834f84d00d6', '衬衫');
INSERT INTO question_naire_shirt VALUES ('faf08f1850b852520150c838d9c800d7', '衬衫');
INSERT INTO question_naire_shirt VALUES ('faf08f1850b852520150c838d9c800d7', '皮衣');
INSERT INTO question_naire_shirt VALUES ('faf08f1850b852520150c83aa3ac00d8', '衬衫');
INSERT INTO question_naire_shirt VALUES ('faf08f1850b852520150c83aa3ac00d8', '短外套');
INSERT INTO question_naire_shirt VALUES ('faf08f1850b852520150c83aa3ac00d8', 'T恤');
INSERT INTO question_naire_shirt VALUES ('faf08f1850b852520150c841e2c200da', '衬衫');
INSERT INTO question_naire_shirt VALUES ('faf08f1850b852520150c84efc1b00de', '西服');
INSERT INTO question_naire_shirt VALUES ('faf08f1850b852520150c856f37300e0', '衬衫');
INSERT INTO question_naire_shirt VALUES ('faf08f1850b852520150c856f37300e0', '针织衫');
INSERT INTO question_naire_shirt VALUES ('faf08f1850b852520150c856f37300e0', '西服');
INSERT INTO question_naire_shirt VALUES ('faf08f1850b852520150c856f37300e0', '大衣/风衣');
INSERT INTO question_naire_shirt VALUES ('faf08f1850b852520150c856f37300e0', '皮衣');
INSERT INTO question_naire_shirt VALUES ('faf08f1850b852520150c873289400e3', '西服');
INSERT INTO question_naire_shirt VALUES ('faf08f1850b852520150c873289400e3', '大衣/风衣');
INSERT INTO question_naire_shirt VALUES ('faf08f1850b852520150c876a94700e5', '针织衫');
INSERT INTO question_naire_shirt VALUES ('faf08f1850b852520150c98350eb00e8', '衬衫');
INSERT INTO question_naire_shirt VALUES ('faf08f1850b852520150c98350eb00e8', '针织衫');
INSERT INTO question_naire_shirt VALUES ('faf08f1850b852520150c98350eb00e8', '西服');
INSERT INTO question_naire_shirt VALUES ('faf08f1850b852520150c98350eb00e8', '短外套');
INSERT INTO question_naire_shirt VALUES ('faf08f1850b852520150c98350eb00e8', '大衣/风衣');
INSERT INTO question_naire_shirt VALUES ('faf08f1850b852520150c98350eb00e8', '皮衣');
INSERT INTO question_naire_shirt VALUES ('faf08f1850b852520150cb79685100ee', '大衣/风衣');
INSERT INTO question_naire_shirt VALUES ('faf08f1850b852520150cbf69fb900f7', '针织衫');
INSERT INTO question_naire_shirt VALUES ('faf08f1850b852520150cbf69fb900f7', '大衣/风衣');
INSERT INTO question_naire_shirt VALUES ('faf08f1850b852520150cc302a8700fb', '皮衣');
INSERT INTO question_naire_shirt VALUES ('faf08f1850cccd7f0150ccf058150002', '衬衫');
INSERT INTO question_naire_shirt VALUES ('faf08f1850cccd7f0150ccf058150002', '西服');
INSERT INTO question_naire_shirt VALUES ('faf08f1850cccd7f0150cdb222380006', '衬衫');
INSERT INTO question_naire_shirt VALUES ('faf08f1850cccd7f0150cdb222380006', '针织衫');
INSERT INTO question_naire_shirt VALUES ('faf08f1850cccd7f0150cdb222380006', '西服');
INSERT INTO question_naire_shirt VALUES ('faf08f1850cccd7f0150cdb222380006', '短外套');
INSERT INTO question_naire_shirt VALUES ('faf08f1850cccd7f0150cdb222380006', '皮衣');
INSERT INTO question_naire_shirt VALUES ('faf08f1850cccd7f0150cdf9e9ce0007', '衬衫');
INSERT INTO question_naire_shirt VALUES ('faf08f1850cccd7f0150cdf9e9ce0007', '针织衫');
INSERT INTO question_naire_shirt VALUES ('faf08f1850cccd7f0150cdf9e9ce0007', '大衣/风衣');
INSERT INTO question_naire_shirt VALUES ('faf08f1850cccd7f0150cdf9e9ce0007', 'T恤');
INSERT INTO question_naire_shirt VALUES ('faf08f1850cccd7f0150d293e4c50012', '衬衫');
INSERT INTO question_naire_shirt VALUES ('faf08f1850cccd7f0150d293e4c50012', '西服');
INSERT INTO question_naire_shirt VALUES ('faf08f1850cccd7f0150d293e4c50012', 'T恤');
INSERT INTO question_naire_shirt VALUES ('faf08f1850cccd7f0150d30a61af0015', 'T恤');
INSERT INTO question_naire_shirt VALUES ('faf08f1850cccd7f0150d5e6673c0016', '针织衫');
INSERT INTO question_naire_shirt VALUES ('faf08f1850cccd7f0150d682cd4b0018', '针织衫');
INSERT INTO question_naire_shirt VALUES ('faf08f1850cccd7f0150da9f4c540022', '大衣/风衣');
INSERT INTO question_naire_shirt VALUES ('faf08f1850cccd7f0150db38a6a40025', '西服');
INSERT INTO question_naire_shirt VALUES ('faf08f1850cccd7f0150dfe67aa7002f', '衬衫');
INSERT INTO question_naire_shirt VALUES ('faf08f1850cccd7f0150dfe67aa7002f', '西服');
INSERT INTO question_naire_shirt VALUES ('faf08f1850cccd7f0150dfe67aa7002f', '大衣/风衣');
INSERT INTO question_naire_shirt VALUES ('faf08f1850cccd7f0150e07855990032', '西服');
INSERT INTO question_naire_shirt VALUES ('faf08f1850cccd7f0150e07855990032', '短外套');
INSERT INTO question_naire_shirt VALUES ('faf08f1850cccd7f0150e128e15b0037', '衬衫');
INSERT INTO question_naire_shirt VALUES ('faf08f1850cccd7f0150e13b02fe0039', '衬衫');
INSERT INTO question_naire_shirt VALUES ('faf08f1850cccd7f0150e13b02fe0039', '西服');
INSERT INTO question_naire_shirt VALUES ('faf08f1850cccd7f0150e13b02fe0039', '大衣/风衣');
INSERT INTO question_naire_shirt VALUES ('faf08f1850cccd7f0150e14beffb003a', '短外套');
INSERT INTO question_naire_shirt VALUES ('faf08f1850cccd7f0150e156322c003c', '西服');
INSERT INTO question_naire_shirt VALUES ('faf08f1850cccd7f0150e156322c003c', '大衣/风衣');
INSERT INTO question_naire_shirt VALUES ('faf08f1850cccd7f0150e1cdbe380043', '短外套');
INSERT INTO question_naire_shirt VALUES ('faf08f1850cccd7f0150e5e6c1500052', '西服');
INSERT INTO question_naire_shirt VALUES ('faf08f1850cccd7f0150e5e6c1500052', '短外套');
INSERT INTO question_naire_shirt VALUES ('faf08f1850cccd7f0150e5f431d80053', '大衣/风衣');
INSERT INTO question_naire_shirt VALUES ('faf08f1850cccd7f0150e604324b0058', '衬衫');
INSERT INTO question_naire_shirt VALUES ('faf08f1850cccd7f0150e604324b0058', '皮衣');
INSERT INTO question_naire_shirt VALUES ('faf08f1850cccd7f0150e65440230064', '衬衫');
INSERT INTO question_naire_shirt VALUES ('faf08f1850cccd7f0150e65440230064', '西服');
INSERT INTO question_naire_shirt VALUES ('faf08f1850cccd7f0150e65440230064', '短外套');
INSERT INTO question_naire_shirt VALUES ('faf08f1850cccd7f0150e65440230064', 'T恤');
INSERT INTO question_naire_shirt VALUES ('faf08f1850cccd7f0150e65a1d210065', '大衣/风衣');
INSERT INTO question_naire_shirt VALUES ('faf08f1850cccd7f0150e67860ca0068', '针织衫');
INSERT INTO question_naire_shirt VALUES ('faf08f1850cccd7f0150e787e1a40070', '短外套');
INSERT INTO question_naire_shirt VALUES ('faf08f1850cccd7f0150e787e1a40070', 'T恤');
INSERT INTO question_naire_shirt VALUES ('faf08f1850cccd7f0150e7909ad40071', '针织衫');
INSERT INTO question_naire_shirt VALUES ('faf08f1850cccd7f0150e7909ad40071', '西服');
INSERT INTO question_naire_shirt VALUES ('faf08f1850cccd7f0150e7909ad40071', '大衣/风衣');
INSERT INTO question_naire_shirt VALUES ('faf08f1850cccd7f0150e9da0ad90072', '短外套');
INSERT INTO question_naire_shirt VALUES ('faf08f1850cccd7f0150ea3b89110073', '衬衫');
INSERT INTO question_naire_shirt VALUES ('faf08f1850cccd7f0150ea3b89110073', '针织衫');
INSERT INTO question_naire_shirt VALUES ('faf08f1850cccd7f0150ea3b89110073', '短外套');
INSERT INTO question_naire_shirt VALUES ('faf08f1850cccd7f0150ea3b89110073', '大衣/风衣');
INSERT INTO question_naire_shirt VALUES ('faf08f1850cccd7f0150eb0984940078', '西服');
INSERT INTO question_naire_shirt VALUES ('faf08f1850cccd7f0150ebb41eae007c', '衬衫');
INSERT INTO question_naire_shirt VALUES ('faf08f1850cccd7f0150ebb4ff6f007d', '西服');
INSERT INTO question_naire_shirt VALUES ('faf08f1850cccd7f0150ebc7c2bd0082', '衬衫');
INSERT INTO question_naire_shirt VALUES ('faf08f1850cccd7f0150ebc7c2bd0082', '西服');
INSERT INTO question_naire_shirt VALUES ('faf08f1850cccd7f0150ebc7c2bd0082', '大衣/风衣');
INSERT INTO question_naire_shirt VALUES ('faf08f1850cccd7f0150ec4a8fd20086', '衬衫');
INSERT INTO question_naire_shirt VALUES ('faf08f1850cccd7f0150eff82f81008c', '衬衫');
INSERT INTO question_naire_shirt VALUES ('faf08f1850cccd7f0150f107a2730092', '衬衫');
INSERT INTO question_naire_shirt VALUES ('faf08f1850cccd7f0150f107a2730092', '大衣/风衣');
INSERT INTO question_naire_shirt VALUES ('faf08f1850cccd7f0150f1343e010096', '短外套');
INSERT INTO question_naire_shirt VALUES ('faf08f1850cccd7f0150f14d98e5009a', '衬衫');
INSERT INTO question_naire_shirt VALUES ('faf08f1850cccd7f0150f14d98e5009a', '大衣/风衣');

-- ----------------------------
-- Table structure for `question_naire_skirt`
-- ----------------------------
DROP TABLE IF EXISTS `question_naire_skirt`;
CREATE TABLE `question_naire_skirt` (
  `question_naire` varchar(255) NOT NULL,
  `skirt` varchar(255) DEFAULT NULL,
  KEY `FK_a76jigwd4un1053a5bt9s8x2p` (`question_naire`),
  CONSTRAINT `FK_a76jigwd4un1053a5bt9s8x2p` FOREIGN KEY (`question_naire`) REFERENCES `question_naire` (`id`)
) ENGINE=InnoDB DEFAULT CHARSET=utf8;

-- ----------------------------
-- Records of question_naire_skirt
-- ----------------------------
INSERT INTO question_naire_skirt VALUES ('faf08f18508f683401508f68f9b30000', '半裙');
INSERT INTO question_naire_skirt VALUES ('faf08f18508f683401508f7e57eb0003', '半裙');
INSERT INTO question_naire_skirt VALUES ('faf08f18508f683401509011624e0009', '连衣裙');
INSERT INTO question_naire_skirt VALUES ('faf08f18508f683401509011624e0009', '半裙');
INSERT INTO question_naire_skirt VALUES ('faf08f18509329a3015093455c6a0000', '连衣裙');
INSERT INTO question_naire_skirt VALUES ('faf08f18509329a3015093455c6a0000', '半裙');
INSERT INTO question_naire_skirt VALUES ('faf08f18509329a30150935545590005', '半裙');
INSERT INTO question_naire_skirt VALUES ('faf08f185093c280015093e1b3960001', '半裙');
INSERT INTO question_naire_skirt VALUES ('faf08f185093c280015093e576390002', '连衣裙');
INSERT INTO question_naire_skirt VALUES ('faf08f185093c28001509551a05b000c', '半裙');
INSERT INTO question_naire_skirt VALUES ('faf08f185093c280015098eecef1000e', '连衣裙');
INSERT INTO question_naire_skirt VALUES ('faf08f185093c280015098f942470011', '连衣裙');
INSERT INTO question_naire_skirt VALUES ('faf08f185093c28001509da3ed800018', '连衣裙');
INSERT INTO question_naire_skirt VALUES ('faf08f1850a3947c0150a8ea2b620004', '连衣裙');
INSERT INTO question_naire_skirt VALUES ('faf08f1850a3947c0150a8f223d30005', '连衣裙');
INSERT INTO question_naire_skirt VALUES ('faf08f1850a3947c0150a90393100008', '连衣裙');
INSERT INTO question_naire_skirt VALUES ('faf08f1850a3947c0150a97cd07c000d', '连衣裙');
INSERT INTO question_naire_skirt VALUES ('faf08f1850a3947c0150a98d076e0012', '连衣裙');
INSERT INTO question_naire_skirt VALUES ('faf08f1850a3947c0150a9a8aacd0013', '连衣裙');
INSERT INTO question_naire_skirt VALUES ('faf08f1850a3947c0150a9dbb5ff0017', '连衣裙');
INSERT INTO question_naire_skirt VALUES ('faf08f1850a3947c0150a9f648f00018', '连衣裙');
INSERT INTO question_naire_skirt VALUES ('faf08f1850a3947c0150aa288d90001a', '连衣裙');
INSERT INTO question_naire_skirt VALUES ('faf08f1850a3947c0150aa597ab9001c', '连衣裙');
INSERT INTO question_naire_skirt VALUES ('faf08f1850a3947c0150ab5a193e001e', '连衣裙');
INSERT INTO question_naire_skirt VALUES ('faf08f1850a3947c0150abc4f1110021', '半裙');
INSERT INTO question_naire_skirt VALUES ('faf08f1850a3947c0150ac1937990026', '连衣裙');
INSERT INTO question_naire_skirt VALUES ('faf08f1850ac4d050150ac54df380001', '连衣裙');
INSERT INTO question_naire_skirt VALUES ('faf08f1850ac4d050150ac6f8db40007', '连衣裙');
INSERT INTO question_naire_skirt VALUES ('faf08f1850ac70e20150ac7dfcb30001', '连衣裙');
INSERT INTO question_naire_skirt VALUES ('faf08f1850ac70e20150acaf3fbe0008', '半裙');
INSERT INTO question_naire_skirt VALUES ('faf08f1850ac70e20150acede2ca0010', '连衣裙');
INSERT INTO question_naire_skirt VALUES ('faf08f1850ac70e20150acef16820011', '连衣裙');
INSERT INTO question_naire_skirt VALUES ('faf08f1850ac70e20150acf4d9190015', '半裙');
INSERT INTO question_naire_skirt VALUES ('faf08f1850ac70e20150acfbc9240017', '半裙');
INSERT INTO question_naire_skirt VALUES ('faf08f1850ac70e20150ad2422d7001a', '连衣裙');
INSERT INTO question_naire_skirt VALUES ('faf08f1850ac70e20150ad36414a001b', '连衣裙');
INSERT INTO question_naire_skirt VALUES ('faf08f1850ac70e20150ad3a2345001c', '连衣裙');
INSERT INTO question_naire_skirt VALUES ('faf08f1850ac70e20150ad3e45a3001e', '半裙');
INSERT INTO question_naire_skirt VALUES ('faf08f1850ac70e20150ad3f0a9c001f', '半裙');
INSERT INTO question_naire_skirt VALUES ('faf08f1850ac70e20150ad3fcaf40020', '连衣裙');
INSERT INTO question_naire_skirt VALUES ('faf08f1850ac70e20150ad3fcaf40020', '半裙');
INSERT INTO question_naire_skirt VALUES ('faf08f1850ac70e20150ad42bae00023', '连衣裙');
INSERT INTO question_naire_skirt VALUES ('faf08f1850ac70e20150ad42bae00023', '半裙');
INSERT INTO question_naire_skirt VALUES ('faf08f1850ac70e20150ad45deef0024', '连衣裙');
INSERT INTO question_naire_skirt VALUES ('faf08f1850ac70e20150ad48e1be0025', '连衣裙');
INSERT INTO question_naire_skirt VALUES ('faf08f1850ac70e20150ad4b10f80027', '连衣裙');
INSERT INTO question_naire_skirt VALUES ('faf08f1850ac70e20150ad4bf27c0028', '连衣裙');
INSERT INTO question_naire_skirt VALUES ('faf08f1850ac70e20150ad4f0e4e0029', '连衣裙');
INSERT INTO question_naire_skirt VALUES ('faf08f1850ac70e20150ad4f0e4e0029', '半裙');
INSERT INTO question_naire_skirt VALUES ('faf08f1850ac70e20150ad500147002a', '连衣裙');
INSERT INTO question_naire_skirt VALUES ('faf08f1850ac70e20150ad58714e002c', '连衣裙');
INSERT INTO question_naire_skirt VALUES ('faf08f1850ac70e20150ad5fdbfa002f', '半裙');
INSERT INTO question_naire_skirt VALUES ('faf08f1850ac70e20150ad627a3b0030', '连衣裙');
INSERT INTO question_naire_skirt VALUES ('faf08f1850ac70e20150ad6450140031', '连衣裙');
INSERT INTO question_naire_skirt VALUES ('faf08f1850ac70e20150ad7520340033', '连衣裙');
INSERT INTO question_naire_skirt VALUES ('faf08f1850ac70e20150ad75cd950034', '连衣裙');
INSERT INTO question_naire_skirt VALUES ('faf08f1850ac70e20150ad9f97c40038', '半裙');
INSERT INTO question_naire_skirt VALUES ('faf08f1850ac70e20150adacc79c0039', '连衣裙');
INSERT INTO question_naire_skirt VALUES ('faf08f1850adbeef0150ae1723f9000a', '连衣裙');
INSERT INTO question_naire_skirt VALUES ('faf08f1850adbeef0150ae1c961b000d', '连衣裙');
INSERT INTO question_naire_skirt VALUES ('faf08f1850adbeef0150ae1c961b000d', '半裙');
INSERT INTO question_naire_skirt VALUES ('faf08f1850adbeef0150ae1da1d4000e', '连衣裙');
INSERT INTO question_naire_skirt VALUES ('faf08f1850adbeef0150ae2198490011', '连衣裙');
INSERT INTO question_naire_skirt VALUES ('faf08f1850adbeef0150ae224b200013', '连衣裙');
INSERT INTO question_naire_skirt VALUES ('faf08f1850adbeef0150ae454cd90016', '连衣裙');
INSERT INTO question_naire_skirt VALUES ('faf08f1850adbeef0150ae5031d50019', '连衣裙');
INSERT INTO question_naire_skirt VALUES ('faf08f1850adbeef0150ae5695a9001b', '半裙');
INSERT INTO question_naire_skirt VALUES ('faf08f1850adbeef0150ae608aab001f', '连衣裙');
INSERT INTO question_naire_skirt VALUES ('faf08f1850adbeef0150ae6d46730020', '连衣裙');
INSERT INTO question_naire_skirt VALUES ('faf08f1850adbeef0150aebaabe90022', '连衣裙');
INSERT INTO question_naire_skirt VALUES ('faf08f1850adbeef0150aecf01cc0024', '连衣裙');
INSERT INTO question_naire_skirt VALUES ('faf08f1850adbeef0150aed9ba2c0025', '半裙');
INSERT INTO question_naire_skirt VALUES ('faf08f1850adbeef0150aee228ea0026', '半裙');
INSERT INTO question_naire_skirt VALUES ('faf08f1850adbeef0150aee330890027', '半裙');
INSERT INTO question_naire_skirt VALUES ('faf08f1850adbeef0150b11a0120002e', '连衣裙');
INSERT INTO question_naire_skirt VALUES ('faf08f1850adbeef0150b12130700030', '连衣裙');
INSERT INTO question_naire_skirt VALUES ('faf08f1850adbeef0150b12130700030', '半裙');
INSERT INTO question_naire_skirt VALUES ('faf08f1850adbeef0150b12403690031', '连衣裙');
INSERT INTO question_naire_skirt VALUES ('faf08f1850adbeef0150b16797f00033', '连衣裙');
INSERT INTO question_naire_skirt VALUES ('faf08f1850adbeef0150b16a9acb0034', '连衣裙');
INSERT INTO question_naire_skirt VALUES ('faf08f1850adbeef0150b177be3f0035', '连衣裙');
INSERT INTO question_naire_skirt VALUES ('faf08f1850adbeef0150b196f04c0036', '连衣裙');
INSERT INTO question_naire_skirt VALUES ('faf08f1850adbeef0150b1a30c8f0038', '连衣裙');
INSERT INTO question_naire_skirt VALUES ('faf08f1850adbeef0150b1ae8b3e003a', '连衣裙');
INSERT INTO question_naire_skirt VALUES ('faf08f1850adbeef0150b20bb234003b', '连衣裙');
INSERT INTO question_naire_skirt VALUES ('faf08f1850adbeef0150b22a0598003e', '连衣裙');
INSERT INTO question_naire_skirt VALUES ('faf08f1850adbeef0150b22fb67c003f', '连衣裙');
INSERT INTO question_naire_skirt VALUES ('faf08f1850adbeef0150b26260720043', '连衣裙');
INSERT INTO question_naire_skirt VALUES ('faf08f1850adbeef0150b2728b330048', '半裙');
INSERT INTO question_naire_skirt VALUES ('faf08f1850adbeef0150b27372080049', '连衣裙');
INSERT INTO question_naire_skirt VALUES ('faf08f1850adbeef0150b276d191004a', '连衣裙');
INSERT INTO question_naire_skirt VALUES ('faf08f1850adbeef0150b2a197b9004e', '半裙');
INSERT INTO question_naire_skirt VALUES ('faf08f1850adbeef0150b2a86d6f0052', '连衣裙');
INSERT INTO question_naire_skirt VALUES ('faf08f1850adbeef0150b2ab75fe0055', '连衣裙');
INSERT INTO question_naire_skirt VALUES ('faf08f1850adbeef0150b2b20a0e0056', '连衣裙');
INSERT INTO question_naire_skirt VALUES ('faf08f1850adbeef0150b2b7e3e60058', '连衣裙');
INSERT INTO question_naire_skirt VALUES ('faf08f1850adbeef0150b2cb9c60005a', '连衣裙');
INSERT INTO question_naire_skirt VALUES ('faf08f1850adbeef0150b3004b1b005e', '半裙');
INSERT INTO question_naire_skirt VALUES ('faf08f1850b30a780150b324d21d0001', '连衣裙');
INSERT INTO question_naire_skirt VALUES ('faf08f1850b30a780150b32710d70002', '连衣裙');
INSERT INTO question_naire_skirt VALUES ('faf08f1850b332c70150b35e3dd00000', '连衣裙');
INSERT INTO question_naire_skirt VALUES ('faf08f1850b332c70150b37cd5500002', '连衣裙');
INSERT INTO question_naire_skirt VALUES ('faf08f1850b332c70150b39aad400003', '连衣裙');
INSERT INTO question_naire_skirt VALUES ('faf08f1850b332c70150b46c42010008', '连衣裙');
INSERT INTO question_naire_skirt VALUES ('faf08f1850b332c70150b6b50ad5000c', '连衣裙');
INSERT INTO question_naire_skirt VALUES ('faf08f1850b6bb620150b6bda5e60001', '连衣裙');
INSERT INTO question_naire_skirt VALUES ('faf08f1850b6bb620150b6c0d6030003', '连衣裙');
INSERT INTO question_naire_skirt VALUES ('faf08f1850b6bb620150b6c1a8550004', '连衣裙');
INSERT INTO question_naire_skirt VALUES ('faf08f1850b6bb620150b6daa20d0006', '连衣裙');
INSERT INTO question_naire_skirt VALUES ('faf08f1850b6daf80150b6f34b920000', '连衣裙');
INSERT INTO question_naire_skirt VALUES ('faf08f1850b6daf80150b745906a0004', '连衣裙');
INSERT INTO question_naire_skirt VALUES ('faf08f1850b6daf80150b75176a20006', '连衣裙');
INSERT INTO question_naire_skirt VALUES ('faf08f1850b6daf80150b7551e6f0007', '半裙');
INSERT INTO question_naire_skirt VALUES ('faf08f1850b6daf80150b79a2006000d', '连衣裙');
INSERT INTO question_naire_skirt VALUES ('faf08f1850b6daf80150b7a45aea0010', '连衣裙');
INSERT INTO question_naire_skirt VALUES ('faf08f1850b6daf80150b7aee6db0012', '连衣裙');
INSERT INTO question_naire_skirt VALUES ('faf08f1850b6daf80150b7c458820015', '连衣裙');
INSERT INTO question_naire_skirt VALUES ('faf08f1850b6daf80150b80dcc690017', '连衣裙');
INSERT INTO question_naire_skirt VALUES ('faf08f1850b6daf80150b83d70b8001c', '半裙');
INSERT INTO question_naire_skirt VALUES ('faf08f1850b852520150b8a74d3b0003', '连衣裙');
INSERT INTO question_naire_skirt VALUES ('faf08f1850b852520150b8d7f3c70006', '连衣裙');
INSERT INTO question_naire_skirt VALUES ('faf08f1850b852520150bb2124b80008', '半裙');
INSERT INTO question_naire_skirt VALUES ('faf08f1850b852520150bbf4ba6d000e', '连衣裙');
INSERT INTO question_naire_skirt VALUES ('faf08f1850b852520150bc58d1b10013', '连衣裙');
INSERT INTO question_naire_skirt VALUES ('faf08f1850b852520150bc6adc3f0017', '连衣裙');
INSERT INTO question_naire_skirt VALUES ('faf08f1850b852520150bc79abff001a', '连衣裙');
INSERT INTO question_naire_skirt VALUES ('faf08f1850b852520150bcaf2c23001e', '连衣裙');
INSERT INTO question_naire_skirt VALUES ('faf08f1850b852520150bd215bd40024', '连衣裙');
INSERT INTO question_naire_skirt VALUES ('faf08f1850b852520150bd395ab00026', '连衣裙');
INSERT INTO question_naire_skirt VALUES ('faf08f1850b852520150bd78e3ed0029', '连衣裙');
INSERT INTO question_naire_skirt VALUES ('faf08f1850b852520150bd85e259002a', '连衣裙');
INSERT INTO question_naire_skirt VALUES ('faf08f1850b852520150bda8c05a002b', '连衣裙');
INSERT INTO question_naire_skirt VALUES ('faf08f1850b852520150bdac73bc002c', '连衣裙');
INSERT INTO question_naire_skirt VALUES ('faf08f1850b852520150bdac73bc002c', '半裙');
INSERT INTO question_naire_skirt VALUES ('faf08f1850b852520150bdb25768002d', '连衣裙');
INSERT INTO question_naire_skirt VALUES ('faf08f1850b852520150bdb2a9e4002e', '连衣裙');
INSERT INTO question_naire_skirt VALUES ('faf08f1850b852520150be28a15e0034', '连衣裙');
INSERT INTO question_naire_skirt VALUES ('faf08f1850b852520150be43a2f80035', '半裙');
INSERT INTO question_naire_skirt VALUES ('faf08f1850b852520150be69414e0036', '连衣裙');
INSERT INTO question_naire_skirt VALUES ('faf08f1850b852520150be954a610037', '连衣裙');
INSERT INTO question_naire_skirt VALUES ('faf08f1850b852520150c0eb80cc003a', '连衣裙');
INSERT INTO question_naire_skirt VALUES ('faf08f1850b852520150c15c5047003e', '连衣裙');
INSERT INTO question_naire_skirt VALUES ('faf08f1850b852520150c1728d0d0041', '连衣裙');
INSERT INTO question_naire_skirt VALUES ('faf08f1850b852520150c1728d0d0041', '半裙');
INSERT INTO question_naire_skirt VALUES ('faf08f1850b852520150c1ae5ff20046', '连衣裙');
INSERT INTO question_naire_skirt VALUES ('faf08f1850b852520150c1bce92e0047', '连衣裙');
INSERT INTO question_naire_skirt VALUES ('faf08f1850b852520150c1fb45ae004c', '半裙');
INSERT INTO question_naire_skirt VALUES ('faf08f1850b852520150c211bc120050', '连衣裙');
INSERT INTO question_naire_skirt VALUES ('faf08f1850b852520150c211bc120050', '半裙');
INSERT INTO question_naire_skirt VALUES ('faf08f1850b852520150c24b72220056', '连衣裙');
INSERT INTO question_naire_skirt VALUES ('faf08f1850b852520150c25ab0bc005e', '连衣裙');
INSERT INTO question_naire_skirt VALUES ('faf08f1850b852520150c25ab0bc005e', '半裙');
INSERT INTO question_naire_skirt VALUES ('faf08f1850b852520150c25cfbd30060', '连衣裙');
INSERT INTO question_naire_skirt VALUES ('faf08f1850b852520150c2730cae0068', '连衣裙');
INSERT INTO question_naire_skirt VALUES ('faf08f1850b852520150c2bb81170073', '连衣裙');
INSERT INTO question_naire_skirt VALUES ('faf08f1850b852520150c2d5ffe30075', '连衣裙');
INSERT INTO question_naire_skirt VALUES ('faf08f1850b852520150c2fcf3690079', '连衣裙');
INSERT INTO question_naire_skirt VALUES ('faf08f1850b852520150c303c94c007a', '半裙');
INSERT INTO question_naire_skirt VALUES ('faf08f1850b852520150c30b9cdc007b', '连衣裙');
INSERT INTO question_naire_skirt VALUES ('faf08f1850b852520150c5ae1d260083', '半裙');
INSERT INTO question_naire_skirt VALUES ('faf08f1850b852520150c64d11810084', '连衣裙');
INSERT INTO question_naire_skirt VALUES ('faf08f1850b852520150c6567e310086', '连衣裙');
INSERT INTO question_naire_skirt VALUES ('faf08f1850b852520150c693a98c008d', '连衣裙');
INSERT INTO question_naire_skirt VALUES ('faf08f1850b852520150c6982315008e', '连衣裙');
INSERT INTO question_naire_skirt VALUES ('faf08f1850b852520150c6d7696e0090', '半裙');
INSERT INTO question_naire_skirt VALUES ('faf08f1850b852520150c73aff600098', '连衣裙');
INSERT INTO question_naire_skirt VALUES ('faf08f1850b852520150c7690b70009b', '连衣裙');
INSERT INTO question_naire_skirt VALUES ('faf08f1850b852520150c789a60c009c', '连衣裙');
INSERT INTO question_naire_skirt VALUES ('faf08f1850b852520150c7b5326f009f', '连衣裙');
INSERT INTO question_naire_skirt VALUES ('faf08f1850b852520150c7d2a39500a1', '连衣裙');
INSERT INTO question_naire_skirt VALUES ('faf08f1850b852520150c7d94e3d00a2', '连衣裙');
INSERT INTO question_naire_skirt VALUES ('faf08f1850b852520150c7dbbd5200a3', '连衣裙');
INSERT INTO question_naire_skirt VALUES ('faf08f1850b852520150c7e2122c00a5', '连衣裙');
INSERT INTO question_naire_skirt VALUES ('faf08f1850b852520150c7e70b5400a7', '半裙');
INSERT INTO question_naire_skirt VALUES ('faf08f1850b852520150c7e80b5400a8', '连衣裙');
INSERT INTO question_naire_skirt VALUES ('faf08f1850b852520150c7ec0f0d00aa', '半裙');
INSERT INTO question_naire_skirt VALUES ('faf08f1850b852520150c7f4e1fd00ac', '半裙');
INSERT INTO question_naire_skirt VALUES ('faf08f1850b852520150c7f5b83c00ad', '半裙');
INSERT INTO question_naire_skirt VALUES ('faf08f1850b852520150c7ff83d900b1', '半裙');
INSERT INTO question_naire_skirt VALUES ('faf08f1850b852520150c80b7d2a00b4', '连衣裙');
INSERT INTO question_naire_skirt VALUES ('faf08f1850b852520150c815fb7f00b9', '连衣裙');
INSERT INTO question_naire_skirt VALUES ('faf08f1850b852520150c82283ba00c9', '连衣裙');
INSERT INTO question_naire_skirt VALUES ('faf08f1850b852520150c82caa0400ce', '连衣裙');
INSERT INTO question_naire_skirt VALUES ('faf08f1850b852520150c8309e3800cf', '连衣裙');
INSERT INTO question_naire_skirt VALUES ('faf08f1850b852520150c830abad00d0', '连衣裙');
INSERT INTO question_naire_skirt VALUES ('faf08f1850b852520150c830f07300d1', '连衣裙');
INSERT INTO question_naire_skirt VALUES ('faf08f1850b852520150c8325f1900d2', '半裙');
INSERT INTO question_naire_skirt VALUES ('faf08f1850b852520150c834af6900d5', '连衣裙');
INSERT INTO question_naire_skirt VALUES ('faf08f1850b852520150c834af6900d5', '半裙');
INSERT INTO question_naire_skirt VALUES ('faf08f1850b852520150c834f84d00d6', '连衣裙');
INSERT INTO question_naire_skirt VALUES ('faf08f1850b852520150c838d9c800d7', '连衣裙');
INSERT INTO question_naire_skirt VALUES ('faf08f1850b852520150c83aa3ac00d8', '连衣裙');
INSERT INTO question_naire_skirt VALUES ('faf08f1850b852520150c83aa3ac00d8', '半裙');
INSERT INTO question_naire_skirt VALUES ('faf08f1850b852520150c841e2c200da', '连衣裙');
INSERT INTO question_naire_skirt VALUES ('faf08f1850b852520150c84efc1b00de', '连衣裙');
INSERT INTO question_naire_skirt VALUES ('faf08f1850b852520150c856f37300e0', '连衣裙');
INSERT INTO question_naire_skirt VALUES ('faf08f1850b852520150c856f37300e0', '半裙');
INSERT INTO question_naire_skirt VALUES ('faf08f1850b852520150c873289400e3', '半裙');
INSERT INTO question_naire_skirt VALUES ('faf08f1850b852520150c876a94700e5', '连衣裙');
INSERT INTO question_naire_skirt VALUES ('faf08f1850b852520150c98350eb00e8', '连衣裙');
INSERT INTO question_naire_skirt VALUES ('faf08f1850b852520150c98350eb00e8', '半裙');
INSERT INTO question_naire_skirt VALUES ('faf08f1850b852520150cb79685100ee', '连衣裙');
INSERT INTO question_naire_skirt VALUES ('faf08f1850b852520150cbf69fb900f7', '连衣裙');
INSERT INTO question_naire_skirt VALUES ('faf08f1850b852520150cc302a8700fb', '连衣裙');
INSERT INTO question_naire_skirt VALUES ('faf08f1850cccd7f0150ccf058150002', '连衣裙');
INSERT INTO question_naire_skirt VALUES ('faf08f1850cccd7f0150cdb222380006', '连衣裙');
INSERT INTO question_naire_skirt VALUES ('faf08f1850cccd7f0150cdb222380006', '半裙');
INSERT INTO question_naire_skirt VALUES ('faf08f1850cccd7f0150cdf9e9ce0007', '连衣裙');
INSERT INTO question_naire_skirt VALUES ('faf08f1850cccd7f0150cdf9e9ce0007', '半裙');
INSERT INTO question_naire_skirt VALUES ('faf08f1850cccd7f0150d293e4c50012', '半裙');
INSERT INTO question_naire_skirt VALUES ('faf08f1850cccd7f0150d30a61af0015', '连衣裙');
INSERT INTO question_naire_skirt VALUES ('faf08f1850cccd7f0150d5e6673c0016', '连衣裙');
INSERT INTO question_naire_skirt VALUES ('faf08f1850cccd7f0150d682cd4b0018', '连衣裙');
INSERT INTO question_naire_skirt VALUES ('faf08f1850cccd7f0150da9f4c540022', '连衣裙');
INSERT INTO question_naire_skirt VALUES ('faf08f1850cccd7f0150db38a6a40025', '连衣裙');
INSERT INTO question_naire_skirt VALUES ('faf08f1850cccd7f0150dfe67aa7002f', '连衣裙');
INSERT INTO question_naire_skirt VALUES ('faf08f1850cccd7f0150e07855990032', '连衣裙');
INSERT INTO question_naire_skirt VALUES ('faf08f1850cccd7f0150e128e15b0037', '半裙');
INSERT INTO question_naire_skirt VALUES ('faf08f1850cccd7f0150e13b02fe0039', '连衣裙');
INSERT INTO question_naire_skirt VALUES ('faf08f1850cccd7f0150e14beffb003a', '连衣裙');
INSERT INTO question_naire_skirt VALUES ('faf08f1850cccd7f0150e156322c003c', '连衣裙');
INSERT INTO question_naire_skirt VALUES ('faf08f1850cccd7f0150e1cdbe380043', '连衣裙');
INSERT INTO question_naire_skirt VALUES ('faf08f1850cccd7f0150e5e6c1500052', '连衣裙');
INSERT INTO question_naire_skirt VALUES ('faf08f1850cccd7f0150e5f431d80053', '半裙');
INSERT INTO question_naire_skirt VALUES ('faf08f1850cccd7f0150e604324b0058', '连衣裙');
INSERT INTO question_naire_skirt VALUES ('faf08f1850cccd7f0150e604324b0058', '半裙');
INSERT INTO question_naire_skirt VALUES ('faf08f1850cccd7f0150e65440230064', '半裙');
INSERT INTO question_naire_skirt VALUES ('faf08f1850cccd7f0150e65a1d210065', '连衣裙');
INSERT INTO question_naire_skirt VALUES ('faf08f1850cccd7f0150e67860ca0068', '连衣裙');
INSERT INTO question_naire_skirt VALUES ('faf08f1850cccd7f0150e787e1a40070', '半裙');
INSERT INTO question_naire_skirt VALUES ('faf08f1850cccd7f0150e7909ad40071', '连衣裙');
INSERT INTO question_naire_skirt VALUES ('faf08f1850cccd7f0150e9da0ad90072', '连衣裙');
INSERT INTO question_naire_skirt VALUES ('faf08f1850cccd7f0150ea3b89110073', '连衣裙');
INSERT INTO question_naire_skirt VALUES ('faf08f1850cccd7f0150eb0984940078', '连衣裙');
INSERT INTO question_naire_skirt VALUES ('faf08f1850cccd7f0150ebb41eae007c', '连衣裙');
INSERT INTO question_naire_skirt VALUES ('faf08f1850cccd7f0150ebb4ff6f007d', '连衣裙');
INSERT INTO question_naire_skirt VALUES ('faf08f1850cccd7f0150ebc7c2bd0082', '连衣裙');
INSERT INTO question_naire_skirt VALUES ('faf08f1850cccd7f0150ec4a8fd20086', '连衣裙');
INSERT INTO question_naire_skirt VALUES ('faf08f1850cccd7f0150eff82f81008c', '连衣裙');
INSERT INTO question_naire_skirt VALUES ('faf08f1850cccd7f0150f107a2730092', '连衣裙');
INSERT INTO question_naire_skirt VALUES ('faf08f1850cccd7f0150f1343e010096', '连衣裙');
INSERT INTO question_naire_skirt VALUES ('faf08f1850cccd7f0150f14d98e5009a', '连衣裙');

-- ----------------------------
-- Table structure for `question_naire_style`
-- ----------------------------
DROP TABLE IF EXISTS `question_naire_style`;
CREATE TABLE `question_naire_style` (
  `question_naire` varchar(255) NOT NULL,
  `style` varchar(255) DEFAULT NULL,
  KEY `FK_9mugvfk4mp8o2qikmpkjbnygj` (`question_naire`),
  CONSTRAINT `FK_9mugvfk4mp8o2qikmpkjbnygj` FOREIGN KEY (`question_naire`) REFERENCES `question_naire` (`id`)
) ENGINE=InnoDB DEFAULT CHARSET=utf8;

-- ----------------------------
-- Records of question_naire_style
-- ----------------------------
INSERT INTO question_naire_style VALUES ('faf08f18508f683401508f68f9b30000', '商务');
INSERT INTO question_naire_style VALUES ('faf08f18508f683401508f7e57eb0003', '优雅');
INSERT INTO question_naire_style VALUES ('faf08f18508f683401509011624e0009', '优雅');
INSERT INTO question_naire_style VALUES ('faf08f18508f683401509011624e0009', '商务');
INSERT INTO question_naire_style VALUES ('faf08f18509329a3015093455c6a0000', '优雅');
INSERT INTO question_naire_style VALUES ('faf08f18509329a3015093455c6a0000', '商务');
INSERT INTO question_naire_style VALUES ('faf08f18509329a30150935545590005', '商务');
INSERT INTO question_naire_style VALUES ('faf08f18509329a30150935545590005', '淑女');
INSERT INTO question_naire_style VALUES ('faf08f185093c280015093e1b3960001', '优雅');
INSERT INTO question_naire_style VALUES ('faf08f185093c280015093e576390002', '优雅');
INSERT INTO question_naire_style VALUES ('faf08f185093c28001509551a05b000c', '优雅');
INSERT INTO question_naire_style VALUES ('faf08f185093c280015098eecef1000e', '优雅');
INSERT INTO question_naire_style VALUES ('faf08f185093c280015098f942470011', '商务');
INSERT INTO question_naire_style VALUES ('faf08f185093c28001509da3ed800018', '优雅');
INSERT INTO question_naire_style VALUES ('faf08f185093c28001509da3ed800018', '商务');
INSERT INTO question_naire_style VALUES ('faf08f185093c28001509da3ed800018', '性感');
INSERT INTO question_naire_style VALUES ('faf08f185093c28001509da3ed800018', 'OL/通勤');
INSERT INTO question_naire_style VALUES ('faf08f185093c28001509da3ed800018', '简约');
INSERT INTO question_naire_style VALUES ('faf08f185093c28001509da3ed800018', '淑女');
INSERT INTO question_naire_style VALUES ('faf08f1850a3947c0150a8ea2b620004', '简约');
INSERT INTO question_naire_style VALUES ('faf08f1850a3947c0150a8f223d30005', '性感');
INSERT INTO question_naire_style VALUES ('faf08f1850a3947c0150a90393100008', '简约');
INSERT INTO question_naire_style VALUES ('faf08f1850a3947c0150a97cd07c000d', '优雅');
INSERT INTO question_naire_style VALUES ('faf08f1850a3947c0150a97cd07c000d', '淑女');
INSERT INTO question_naire_style VALUES ('faf08f1850a3947c0150a98d076e0012', '优雅');
INSERT INTO question_naire_style VALUES ('faf08f1850a3947c0150a9a8aacd0013', '优雅');
INSERT INTO question_naire_style VALUES ('faf08f1850a3947c0150a9a8aacd0013', '性感');
INSERT INTO question_naire_style VALUES ('faf08f1850a3947c0150a9a8aacd0013', '简约');
INSERT INTO question_naire_style VALUES ('faf08f1850a3947c0150a9a8aacd0013', '淑女');
INSERT INTO question_naire_style VALUES ('faf08f1850a3947c0150a9dbb5ff0017', '淑女');
INSERT INTO question_naire_style VALUES ('faf08f1850a3947c0150a9f648f00018', '优雅');
INSERT INTO question_naire_style VALUES ('faf08f1850a3947c0150a9f648f00018', 'OL/通勤');
INSERT INTO question_naire_style VALUES ('faf08f1850a3947c0150a9f648f00018', '淑女');
INSERT INTO question_naire_style VALUES ('faf08f1850a3947c0150aa288d90001a', '简约');
INSERT INTO question_naire_style VALUES ('faf08f1850a3947c0150aa597ab9001c', '简约');
INSERT INTO question_naire_style VALUES ('faf08f1850a3947c0150ab5a193e001e', '优雅');
INSERT INTO question_naire_style VALUES ('faf08f1850a3947c0150ab5a193e001e', '性感');
INSERT INTO question_naire_style VALUES ('faf08f1850a3947c0150ab5a193e001e', '淑女');
INSERT INTO question_naire_style VALUES ('faf08f1850a3947c0150abc4f1110021', '优雅');
INSERT INTO question_naire_style VALUES ('faf08f1850a3947c0150ac1937990026', '简约');
INSERT INTO question_naire_style VALUES ('faf08f1850ac4d050150ac54df380001', '优雅');
INSERT INTO question_naire_style VALUES ('faf08f1850ac4d050150ac54df380001', '简约');
INSERT INTO question_naire_style VALUES ('faf08f1850ac4d050150ac6f8db40007', '优雅');
INSERT INTO question_naire_style VALUES ('faf08f1850ac70e20150ac7dfcb30001', '简约');
INSERT INTO question_naire_style VALUES ('faf08f1850ac70e20150acaf3fbe0008', '简约');
INSERT INTO question_naire_style VALUES ('faf08f1850ac70e20150acede2ca0010', '简约');
INSERT INTO question_naire_style VALUES ('faf08f1850ac70e20150acef16820011', '优雅');
INSERT INTO question_naire_style VALUES ('faf08f1850ac70e20150acf4d9190015', 'OL/通勤');
INSERT INTO question_naire_style VALUES ('faf08f1850ac70e20150acf4d9190015', '简约');
INSERT INTO question_naire_style VALUES ('faf08f1850ac70e20150acfbc9240017', '简约');
INSERT INTO question_naire_style VALUES ('faf08f1850ac70e20150ad2422d7001a', '优雅');
INSERT INTO question_naire_style VALUES ('faf08f1850ac70e20150ad2422d7001a', '简约');
INSERT INTO question_naire_style VALUES ('faf08f1850ac70e20150ad36414a001b', '优雅');
INSERT INTO question_naire_style VALUES ('faf08f1850ac70e20150ad3a2345001c', '简约');
INSERT INTO question_naire_style VALUES ('faf08f1850ac70e20150ad3e45a3001e', '简约');
INSERT INTO question_naire_style VALUES ('faf08f1850ac70e20150ad3f0a9c001f', '简约');
INSERT INTO question_naire_style VALUES ('faf08f1850ac70e20150ad3fcaf40020', '简约');
INSERT INTO question_naire_style VALUES ('faf08f1850ac70e20150ad42bae00023', '简约');
INSERT INTO question_naire_style VALUES ('faf08f1850ac70e20150ad45deef0024', 'OL/通勤');
INSERT INTO question_naire_style VALUES ('faf08f1850ac70e20150ad48e1be0025', '简约');
INSERT INTO question_naire_style VALUES ('faf08f1850ac70e20150ad4b10f80027', '优雅');
INSERT INTO question_naire_style VALUES ('faf08f1850ac70e20150ad4b10f80027', '简约');
INSERT INTO question_naire_style VALUES ('faf08f1850ac70e20150ad4bf27c0028', '优雅');
INSERT INTO question_naire_style VALUES ('faf08f1850ac70e20150ad4f0e4e0029', '商务');
INSERT INTO question_naire_style VALUES ('faf08f1850ac70e20150ad4f0e4e0029', 'OL/通勤');
INSERT INTO question_naire_style VALUES ('faf08f1850ac70e20150ad4f0e4e0029', '简约');
INSERT INTO question_naire_style VALUES ('faf08f1850ac70e20150ad500147002a', '优雅');
INSERT INTO question_naire_style VALUES ('faf08f1850ac70e20150ad58714e002c', '商务');
INSERT INTO question_naire_style VALUES ('faf08f1850ac70e20150ad5fdbfa002f', '性感');
INSERT INTO question_naire_style VALUES ('faf08f1850ac70e20150ad627a3b0030', '简约');
INSERT INTO question_naire_style VALUES ('faf08f1850ac70e20150ad627a3b0030', '淑女');
INSERT INTO question_naire_style VALUES ('faf08f1850ac70e20150ad6450140031', '优雅');
INSERT INTO question_naire_style VALUES ('faf08f1850ac70e20150ad7520340033', '淑女');
INSERT INTO question_naire_style VALUES ('faf08f1850ac70e20150ad75cd950034', '优雅');
INSERT INTO question_naire_style VALUES ('faf08f1850ac70e20150ad9f97c40038', '优雅');
INSERT INTO question_naire_style VALUES ('faf08f1850ac70e20150adacc79c0039', '淑女');
INSERT INTO question_naire_style VALUES ('faf08f1850adbeef0150ae1723f9000a', '优雅');
INSERT INTO question_naire_style VALUES ('faf08f1850adbeef0150ae1c961b000d', '优雅');
INSERT INTO question_naire_style VALUES ('faf08f1850adbeef0150ae1da1d4000e', 'OL/通勤');
INSERT INTO question_naire_style VALUES ('faf08f1850adbeef0150ae2198490011', '优雅');
INSERT INTO question_naire_style VALUES ('faf08f1850adbeef0150ae2198490011', '淑女');
INSERT INTO question_naire_style VALUES ('faf08f1850adbeef0150ae224b200013', '优雅');
INSERT INTO question_naire_style VALUES ('faf08f1850adbeef0150ae224b200013', '简约');
INSERT INTO question_naire_style VALUES ('faf08f1850adbeef0150ae454cd90016', '优雅');
INSERT INTO question_naire_style VALUES ('faf08f1850adbeef0150ae5031d50019', '商务');
INSERT INTO question_naire_style VALUES ('faf08f1850adbeef0150ae5031d50019', '淑女');
INSERT INTO question_naire_style VALUES ('faf08f1850adbeef0150ae5695a9001b', '优雅');
INSERT INTO question_naire_style VALUES ('faf08f1850adbeef0150ae5695a9001b', '商务');
INSERT INTO question_naire_style VALUES ('faf08f1850adbeef0150ae608aab001f', '简约');
INSERT INTO question_naire_style VALUES ('faf08f1850adbeef0150ae6d46730020', '淑女');
INSERT INTO question_naire_style VALUES ('faf08f1850adbeef0150aebaabe90022', '优雅');
INSERT INTO question_naire_style VALUES ('faf08f1850adbeef0150aebaabe90022', '简约');
INSERT INTO question_naire_style VALUES ('faf08f1850adbeef0150aecf01cc0024', '优雅');
INSERT INTO question_naire_style VALUES ('faf08f1850adbeef0150aecf01cc0024', '商务');
INSERT INTO question_naire_style VALUES ('faf08f1850adbeef0150aed9ba2c0025', '简约');
INSERT INTO question_naire_style VALUES ('faf08f1850adbeef0150aee228ea0026', '优雅');
INSERT INTO question_naire_style VALUES ('faf08f1850adbeef0150aee228ea0026', '商务');
INSERT INTO question_naire_style VALUES ('faf08f1850adbeef0150aee228ea0026', '简约');
INSERT INTO question_naire_style VALUES ('faf08f1850adbeef0150aee330890027', 'OL/通勤');
INSERT INTO question_naire_style VALUES ('faf08f1850adbeef0150b11a0120002e', '优雅');
INSERT INTO question_naire_style VALUES ('faf08f1850adbeef0150b11a0120002e', '简约');
INSERT INTO question_naire_style VALUES ('faf08f1850adbeef0150b11a0120002e', '淑女');
INSERT INTO question_naire_style VALUES ('faf08f1850adbeef0150b12130700030', '优雅');
INSERT INTO question_naire_style VALUES ('faf08f1850adbeef0150b12130700030', '淑女');
INSERT INTO question_naire_style VALUES ('faf08f1850adbeef0150b12403690031', '优雅');
INSERT INTO question_naire_style VALUES ('faf08f1850adbeef0150b16797f00033', '优雅');
INSERT INTO question_naire_style VALUES ('faf08f1850adbeef0150b16a9acb0034', '优雅');
INSERT INTO question_naire_style VALUES ('faf08f1850adbeef0150b177be3f0035', '优雅');
INSERT INTO question_naire_style VALUES ('faf08f1850adbeef0150b177be3f0035', '性感');
INSERT INTO question_naire_style VALUES ('faf08f1850adbeef0150b177be3f0035', 'OL/通勤');
INSERT INTO question_naire_style VALUES ('faf08f1850adbeef0150b196f04c0036', '商务');
INSERT INTO question_naire_style VALUES ('faf08f1850adbeef0150b1a30c8f0038', '简约');
INSERT INTO question_naire_style VALUES ('faf08f1850adbeef0150b1ae8b3e003a', '商务');
INSERT INTO question_naire_style VALUES ('faf08f1850adbeef0150b20bb234003b', '商务');
INSERT INTO question_naire_style VALUES ('faf08f1850adbeef0150b22a0598003e', 'OL/通勤');
INSERT INTO question_naire_style VALUES ('faf08f1850adbeef0150b22fb67c003f', '优雅');
INSERT INTO question_naire_style VALUES ('faf08f1850adbeef0150b26260720043', '优雅');
INSERT INTO question_naire_style VALUES ('faf08f1850adbeef0150b2728b330048', '简约');
INSERT INTO question_naire_style VALUES ('faf08f1850adbeef0150b27372080049', '淑女');
INSERT INTO question_naire_style VALUES ('faf08f1850adbeef0150b276d191004a', '优雅');
INSERT INTO question_naire_style VALUES ('faf08f1850adbeef0150b276d191004a', '简约');
INSERT INTO question_naire_style VALUES ('faf08f1850adbeef0150b2a197b9004e', '性感');
INSERT INTO question_naire_style VALUES ('faf08f1850adbeef0150b2a86d6f0052', '优雅');
INSERT INTO question_naire_style VALUES ('faf08f1850adbeef0150b2ab75fe0055', '简约');
INSERT INTO question_naire_style VALUES ('faf08f1850adbeef0150b2b20a0e0056', '商务');
INSERT INTO question_naire_style VALUES ('faf08f1850adbeef0150b2b7e3e60058', '优雅');
INSERT INTO question_naire_style VALUES ('faf08f1850adbeef0150b2b7e3e60058', '简约');
INSERT INTO question_naire_style VALUES ('faf08f1850adbeef0150b2cb9c60005a', '优雅');
INSERT INTO question_naire_style VALUES ('faf08f1850adbeef0150b3004b1b005e', '商务');
INSERT INTO question_naire_style VALUES ('faf08f1850b30a780150b324d21d0001', '简约');
INSERT INTO question_naire_style VALUES ('faf08f1850b30a780150b32710d70002', '优雅');
INSERT INTO question_naire_style VALUES ('faf08f1850b30a780150b32710d70002', '商务');
INSERT INTO question_naire_style VALUES ('faf08f1850b30a780150b32710d70002', '淑女');
INSERT INTO question_naire_style VALUES ('faf08f1850b332c70150b35e3dd00000', '优雅');
INSERT INTO question_naire_style VALUES ('faf08f1850b332c70150b35e3dd00000', '简约');
INSERT INTO question_naire_style VALUES ('faf08f1850b332c70150b37cd5500002', '简约');
INSERT INTO question_naire_style VALUES ('faf08f1850b332c70150b39aad400003', '优雅');
INSERT INTO question_naire_style VALUES ('faf08f1850b332c70150b39aad400003', '商务');
INSERT INTO question_naire_style VALUES ('faf08f1850b332c70150b39aad400003', 'OL/通勤');
INSERT INTO question_naire_style VALUES ('faf08f1850b332c70150b39aad400003', '简约');
INSERT INTO question_naire_style VALUES ('faf08f1850b332c70150b39aad400003', '淑女');
INSERT INTO question_naire_style VALUES ('faf08f1850b332c70150b46c42010008', '简约');
INSERT INTO question_naire_style VALUES ('faf08f1850b332c70150b6b50ad5000c', '优雅');
INSERT INTO question_naire_style VALUES ('faf08f1850b332c70150b6b50ad5000c', '简约');
INSERT INTO question_naire_style VALUES ('faf08f1850b6bb620150b6bda5e60001', '优雅');
INSERT INTO question_naire_style VALUES ('faf08f1850b6bb620150b6bda5e60001', '简约');
INSERT INTO question_naire_style VALUES ('faf08f1850b6bb620150b6c0d6030003', '优雅');
INSERT INTO question_naire_style VALUES ('faf08f1850b6bb620150b6c0d6030003', '简约');
INSERT INTO question_naire_style VALUES ('faf08f1850b6bb620150b6c1a8550004', '优雅');
INSERT INTO question_naire_style VALUES ('faf08f1850b6bb620150b6daa20d0006', '简约');
INSERT INTO question_naire_style VALUES ('faf08f1850b6daf80150b6f34b920000', '简约');
INSERT INTO question_naire_style VALUES ('faf08f1850b6daf80150b745906a0004', '优雅');
INSERT INTO question_naire_style VALUES ('faf08f1850b6daf80150b75176a20006', '优雅');
INSERT INTO question_naire_style VALUES ('faf08f1850b6daf80150b75176a20006', '简约');
INSERT INTO question_naire_style VALUES ('faf08f1850b6daf80150b7551e6f0007', '淑女');
INSERT INTO question_naire_style VALUES ('faf08f1850b6daf80150b79a2006000d', '优雅');
INSERT INTO question_naire_style VALUES ('faf08f1850b6daf80150b79a2006000d', '简约');
INSERT INTO question_naire_style VALUES ('faf08f1850b6daf80150b79a2006000d', '淑女');
INSERT INTO question_naire_style VALUES ('faf08f1850b6daf80150b7a45aea0010', '优雅');
INSERT INTO question_naire_style VALUES ('faf08f1850b6daf80150b7aee6db0012', '优雅');
INSERT INTO question_naire_style VALUES ('faf08f1850b6daf80150b7aee6db0012', '商务');
INSERT INTO question_naire_style VALUES ('faf08f1850b6daf80150b7c458820015', '优雅');
INSERT INTO question_naire_style VALUES ('faf08f1850b6daf80150b80dcc690017', '优雅');
INSERT INTO question_naire_style VALUES ('faf08f1850b6daf80150b83d70b8001c', '商务');
INSERT INTO question_naire_style VALUES ('faf08f1850b852520150b8a74d3b0003', '商务');
INSERT INTO question_naire_style VALUES ('faf08f1850b852520150b8d7f3c70006', '优雅');
INSERT INTO question_naire_style VALUES ('faf08f1850b852520150bb2124b80008', '优雅');
INSERT INTO question_naire_style VALUES ('faf08f1850b852520150bbf4ba6d000e', '优雅');
INSERT INTO question_naire_style VALUES ('faf08f1850b852520150bbf4ba6d000e', '淑女');
INSERT INTO question_naire_style VALUES ('faf08f1850b852520150bc58d1b10013', '商务');
INSERT INTO question_naire_style VALUES ('faf08f1850b852520150bc58d1b10013', '简约');
INSERT INTO question_naire_style VALUES ('faf08f1850b852520150bc6adc3f0017', '简约');
INSERT INTO question_naire_style VALUES ('faf08f1850b852520150bc79abff001a', '优雅');
INSERT INTO question_naire_style VALUES ('faf08f1850b852520150bc79abff001a', '性感');
INSERT INTO question_naire_style VALUES ('faf08f1850b852520150bcaf2c23001e', '优雅');
INSERT INTO question_naire_style VALUES ('faf08f1850b852520150bd215bd40024', '优雅');
INSERT INTO question_naire_style VALUES ('faf08f1850b852520150bd395ab00026', '优雅');
INSERT INTO question_naire_style VALUES ('faf08f1850b852520150bd78e3ed0029', '简约');
INSERT INTO question_naire_style VALUES ('faf08f1850b852520150bd85e259002a', 'OL/通勤');
INSERT INTO question_naire_style VALUES ('faf08f1850b852520150bda8c05a002b', '优雅');
INSERT INTO question_naire_style VALUES ('faf08f1850b852520150bda8c05a002b', '商务');
INSERT INTO question_naire_style VALUES ('faf08f1850b852520150bda8c05a002b', '简约');
INSERT INTO question_naire_style VALUES ('faf08f1850b852520150bdac73bc002c', '优雅');
INSERT INTO question_naire_style VALUES ('faf08f1850b852520150bdac73bc002c', '商务');
INSERT INTO question_naire_style VALUES ('faf08f1850b852520150bdac73bc002c', '淑女');
INSERT INTO question_naire_style VALUES ('faf08f1850b852520150bdb25768002d', '优雅');
INSERT INTO question_naire_style VALUES ('faf08f1850b852520150bdb25768002d', '简约');
INSERT INTO question_naire_style VALUES ('faf08f1850b852520150bdb2a9e4002e', '优雅');
INSERT INTO question_naire_style VALUES ('faf08f1850b852520150bdb2a9e4002e', '商务');
INSERT INTO question_naire_style VALUES ('faf08f1850b852520150bdb2a9e4002e', 'OL/通勤');
INSERT INTO question_naire_style VALUES ('faf08f1850b852520150be28a15e0034', '优雅');
INSERT INTO question_naire_style VALUES ('faf08f1850b852520150be28a15e0034', '简约');
INSERT INTO question_naire_style VALUES ('faf08f1850b852520150be43a2f80035', '优雅');
INSERT INTO question_naire_style VALUES ('faf08f1850b852520150be69414e0036', '淑女');
INSERT INTO question_naire_style VALUES ('faf08f1850b852520150be954a610037', '优雅');
INSERT INTO question_naire_style VALUES ('faf08f1850b852520150c0eb80cc003a', '优雅');
INSERT INTO question_naire_style VALUES ('faf08f1850b852520150c0eb80cc003a', '商务');
INSERT INTO question_naire_style VALUES ('faf08f1850b852520150c0eb80cc003a', '简约');
INSERT INTO question_naire_style VALUES ('faf08f1850b852520150c15c5047003e', '优雅');
INSERT INTO question_naire_style VALUES ('faf08f1850b852520150c1728d0d0041', '优雅');
INSERT INTO question_naire_style VALUES ('faf08f1850b852520150c1728d0d0041', '商务');
INSERT INTO question_naire_style VALUES ('faf08f1850b852520150c1728d0d0041', 'OL/通勤');
INSERT INTO question_naire_style VALUES ('faf08f1850b852520150c1728d0d0041', '简约');
INSERT INTO question_naire_style VALUES ('faf08f1850b852520150c1ae5ff20046', '优雅');
INSERT INTO question_naire_style VALUES ('faf08f1850b852520150c1bce92e0047', '优雅');
INSERT INTO question_naire_style VALUES ('faf08f1850b852520150c1bce92e0047', '简约');
INSERT INTO question_naire_style VALUES ('faf08f1850b852520150c1fb45ae004c', '优雅');
INSERT INTO question_naire_style VALUES ('faf08f1850b852520150c211bc120050', '优雅');
INSERT INTO question_naire_style VALUES ('faf08f1850b852520150c211bc120050', '简约');
INSERT INTO question_naire_style VALUES ('faf08f1850b852520150c24b72220056', '简约');
INSERT INTO question_naire_style VALUES ('faf08f1850b852520150c25ab0bc005e', '优雅');
INSERT INTO question_naire_style VALUES ('faf08f1850b852520150c25ab0bc005e', 'OL/通勤');
INSERT INTO question_naire_style VALUES ('faf08f1850b852520150c25ab0bc005e', '简约');
INSERT INTO question_naire_style VALUES ('faf08f1850b852520150c25cfbd30060', '优雅');
INSERT INTO question_naire_style VALUES ('faf08f1850b852520150c2730cae0068', '简约');
INSERT INTO question_naire_style VALUES ('faf08f1850b852520150c2730cae0068', '淑女');
INSERT INTO question_naire_style VALUES ('faf08f1850b852520150c2bb81170073', '商务');
INSERT INTO question_naire_style VALUES ('faf08f1850b852520150c2bb81170073', '简约');
INSERT INTO question_naire_style VALUES ('faf08f1850b852520150c2d5ffe30075', '优雅');
INSERT INTO question_naire_style VALUES ('faf08f1850b852520150c2fcf3690079', '优雅');
INSERT INTO question_naire_style VALUES ('faf08f1850b852520150c2fcf3690079', '简约');
INSERT INTO question_naire_style VALUES ('faf08f1850b852520150c303c94c007a', '优雅');
INSERT INTO question_naire_style VALUES ('faf08f1850b852520150c303c94c007a', '性感');
INSERT INTO question_naire_style VALUES ('faf08f1850b852520150c30b9cdc007b', '优雅');
INSERT INTO question_naire_style VALUES ('faf08f1850b852520150c30b9cdc007b', '商务');
INSERT INTO question_naire_style VALUES ('faf08f1850b852520150c5ae1d260083', '简约');
INSERT INTO question_naire_style VALUES ('faf08f1850b852520150c64d11810084', '优雅');
INSERT INTO question_naire_style VALUES ('faf08f1850b852520150c64d11810084', '简约');
INSERT INTO question_naire_style VALUES ('faf08f1850b852520150c6567e310086', '优雅');
INSERT INTO question_naire_style VALUES ('faf08f1850b852520150c693a98c008d', '优雅');
INSERT INTO question_naire_style VALUES ('faf08f1850b852520150c6982315008e', '性感');
INSERT INTO question_naire_style VALUES ('faf08f1850b852520150c6d7696e0090', '商务');
INSERT INTO question_naire_style VALUES ('faf08f1850b852520150c6d7696e0090', '简约');
INSERT INTO question_naire_style VALUES ('faf08f1850b852520150c6d7696e0090', '淑女');
INSERT INTO question_naire_style VALUES ('faf08f1850b852520150c73aff600098', '商务');
INSERT INTO question_naire_style VALUES ('faf08f1850b852520150c7690b70009b', 'OL/通勤');
INSERT INTO question_naire_style VALUES ('faf08f1850b852520150c789a60c009c', '商务');
INSERT INTO question_naire_style VALUES ('faf08f1850b852520150c7b5326f009f', '优雅');
INSERT INTO question_naire_style VALUES ('faf08f1850b852520150c7d2a39500a1', '优雅');
INSERT INTO question_naire_style VALUES ('faf08f1850b852520150c7d2a39500a1', '性感');
INSERT INTO question_naire_style VALUES ('faf08f1850b852520150c7d94e3d00a2', '简约');
INSERT INTO question_naire_style VALUES ('faf08f1850b852520150c7dbbd5200a3', '优雅');
INSERT INTO question_naire_style VALUES ('faf08f1850b852520150c7e2122c00a5', '优雅');
INSERT INTO question_naire_style VALUES ('faf08f1850b852520150c7e70b5400a7', '优雅');
INSERT INTO question_naire_style VALUES ('faf08f1850b852520150c7e70b5400a7', '简约');
INSERT INTO question_naire_style VALUES ('faf08f1850b852520150c7e80b5400a8', 'OL/通勤');
INSERT INTO question_naire_style VALUES ('faf08f1850b852520150c7ec0f0d00aa', '商务');
INSERT INTO question_naire_style VALUES ('faf08f1850b852520150c7f4e1fd00ac', '简约');
INSERT INTO question_naire_style VALUES ('faf08f1850b852520150c7f5b83c00ad', '优雅');
INSERT INTO question_naire_style VALUES ('faf08f1850b852520150c7ff83d900b1', '商务');
INSERT INTO question_naire_style VALUES ('faf08f1850b852520150c80b7d2a00b4', '优雅');
INSERT INTO question_naire_style VALUES ('faf08f1850b852520150c815fb7f00b9', '简约');
INSERT INTO question_naire_style VALUES ('faf08f1850b852520150c82283ba00c9', '简约');
INSERT INTO question_naire_style VALUES ('faf08f1850b852520150c82caa0400ce', '简约');
INSERT INTO question_naire_style VALUES ('faf08f1850b852520150c8309e3800cf', '优雅');
INSERT INTO question_naire_style VALUES ('faf08f1850b852520150c8309e3800cf', '性感');
INSERT INTO question_naire_style VALUES ('faf08f1850b852520150c8309e3800cf', '简约');
INSERT INTO question_naire_style VALUES ('faf08f1850b852520150c830abad00d0', '商务');
INSERT INTO question_naire_style VALUES ('faf08f1850b852520150c830f07300d1', '商务');
INSERT INTO question_naire_style VALUES ('faf08f1850b852520150c8325f1900d2', '优雅');
INSERT INTO question_naire_style VALUES ('faf08f1850b852520150c834af6900d5', '优雅');
INSERT INTO question_naire_style VALUES ('faf08f1850b852520150c834af6900d5', '商务');
INSERT INTO question_naire_style VALUES ('faf08f1850b852520150c834af6900d5', '性感');
INSERT INTO question_naire_style VALUES ('faf08f1850b852520150c834af6900d5', 'OL/通勤');
INSERT INTO question_naire_style VALUES ('faf08f1850b852520150c834af6900d5', '简约');
INSERT INTO question_naire_style VALUES ('faf08f1850b852520150c834af6900d5', '淑女');
INSERT INTO question_naire_style VALUES ('faf08f1850b852520150c834f84d00d6', '优雅');
INSERT INTO question_naire_style VALUES ('faf08f1850b852520150c838d9c800d7', '淑女');
INSERT INTO question_naire_style VALUES ('faf08f1850b852520150c83aa3ac00d8', '优雅');
INSERT INTO question_naire_style VALUES ('faf08f1850b852520150c83aa3ac00d8', '简约');
INSERT INTO question_naire_style VALUES ('faf08f1850b852520150c841e2c200da', '优雅');
INSERT INTO question_naire_style VALUES ('faf08f1850b852520150c841e2c200da', '淑女');
INSERT INTO question_naire_style VALUES ('faf08f1850b852520150c84efc1b00de', '优雅');
INSERT INTO question_naire_style VALUES ('faf08f1850b852520150c856f37300e0', '优雅');
INSERT INTO question_naire_style VALUES ('faf08f1850b852520150c856f37300e0', 'OL/通勤');
INSERT INTO question_naire_style VALUES ('faf08f1850b852520150c873289400e3', '商务');
INSERT INTO question_naire_style VALUES ('faf08f1850b852520150c876a94700e5', '优雅');
INSERT INTO question_naire_style VALUES ('faf08f1850b852520150c876a94700e5', '商务');
INSERT INTO question_naire_style VALUES ('faf08f1850b852520150c876a94700e5', '性感');
INSERT INTO question_naire_style VALUES ('faf08f1850b852520150c876a94700e5', 'OL/通勤');
INSERT INTO question_naire_style VALUES ('faf08f1850b852520150c876a94700e5', '简约');
INSERT INTO question_naire_style VALUES ('faf08f1850b852520150c876a94700e5', '淑女');
INSERT INTO question_naire_style VALUES ('faf08f1850b852520150c98350eb00e8', '优雅');
INSERT INTO question_naire_style VALUES ('faf08f1850b852520150c98350eb00e8', '简约');
INSERT INTO question_naire_style VALUES ('faf08f1850b852520150c98350eb00e8', '淑女');
INSERT INTO question_naire_style VALUES ('faf08f1850b852520150cb79685100ee', '简约');
INSERT INTO question_naire_style VALUES ('faf08f1850b852520150cbf69fb900f7', '优雅');
INSERT INTO question_naire_style VALUES ('faf08f1850b852520150cc302a8700fb', '性感');
INSERT INTO question_naire_style VALUES ('faf08f1850cccd7f0150ccf058150002', '商务');
INSERT INTO question_naire_style VALUES ('faf08f1850cccd7f0150ccf058150002', '简约');
INSERT INTO question_naire_style VALUES ('faf08f1850cccd7f0150cdb222380006', '优雅');
INSERT INTO question_naire_style VALUES ('faf08f1850cccd7f0150cdb222380006', '性感');
INSERT INTO question_naire_style VALUES ('faf08f1850cccd7f0150cdb222380006', 'OL/通勤');
INSERT INTO question_naire_style VALUES ('faf08f1850cccd7f0150cdb222380006', '简约');
INSERT INTO question_naire_style VALUES ('faf08f1850cccd7f0150cdb222380006', '淑女');
INSERT INTO question_naire_style VALUES ('faf08f1850cccd7f0150cdf9e9ce0007', '优雅');
INSERT INTO question_naire_style VALUES ('faf08f1850cccd7f0150cdf9e9ce0007', '商务');
INSERT INTO question_naire_style VALUES ('faf08f1850cccd7f0150cdf9e9ce0007', 'OL/通勤');
INSERT INTO question_naire_style VALUES ('faf08f1850cccd7f0150cdf9e9ce0007', '简约');
INSERT INTO question_naire_style VALUES ('faf08f1850cccd7f0150d293e4c50012', '优雅');
INSERT INTO question_naire_style VALUES ('faf08f1850cccd7f0150d293e4c50012', '商务');
INSERT INTO question_naire_style VALUES ('faf08f1850cccd7f0150d293e4c50012', '简约');
INSERT INTO question_naire_style VALUES ('faf08f1850cccd7f0150d30a61af0015', '简约');
INSERT INTO question_naire_style VALUES ('faf08f1850cccd7f0150d5e6673c0016', '优雅');
INSERT INTO question_naire_style VALUES ('faf08f1850cccd7f0150d682cd4b0018', '优雅');
INSERT INTO question_naire_style VALUES ('faf08f1850cccd7f0150da9f4c540022', '简约');
INSERT INTO question_naire_style VALUES ('faf08f1850cccd7f0150db38a6a40025', '优雅');
INSERT INTO question_naire_style VALUES ('faf08f1850cccd7f0150dfe67aa7002f', '优雅');
INSERT INTO question_naire_style VALUES ('faf08f1850cccd7f0150e07855990032', '优雅');
INSERT INTO question_naire_style VALUES ('faf08f1850cccd7f0150e07855990032', '简约');
INSERT INTO question_naire_style VALUES ('faf08f1850cccd7f0150e128e15b0037', '商务');
INSERT INTO question_naire_style VALUES ('faf08f1850cccd7f0150e13b02fe0039', '优雅');
INSERT INTO question_naire_style VALUES ('faf08f1850cccd7f0150e14beffb003a', '优雅');
INSERT INTO question_naire_style VALUES ('faf08f1850cccd7f0150e156322c003c', '优雅');
INSERT INTO question_naire_style VALUES ('faf08f1850cccd7f0150e1cdbe380043', '商务');
INSERT INTO question_naire_style VALUES ('faf08f1850cccd7f0150e5e6c1500052', '简约');
INSERT INTO question_naire_style VALUES ('faf08f1850cccd7f0150e5e6c1500052', '淑女');
INSERT INTO question_naire_style VALUES ('faf08f1850cccd7f0150e5f431d80053', '优雅');
INSERT INTO question_naire_style VALUES ('faf08f1850cccd7f0150e604324b0058', '优雅');
INSERT INTO question_naire_style VALUES ('faf08f1850cccd7f0150e604324b0058', '性感');
INSERT INTO question_naire_style VALUES ('faf08f1850cccd7f0150e65440230064', '优雅');
INSERT INTO question_naire_style VALUES ('faf08f1850cccd7f0150e65440230064', '商务');
INSERT INTO question_naire_style VALUES ('faf08f1850cccd7f0150e65440230064', '性感');
INSERT INTO question_naire_style VALUES ('faf08f1850cccd7f0150e65440230064', 'OL/通勤');
INSERT INTO question_naire_style VALUES ('faf08f1850cccd7f0150e65440230064', '淑女');
INSERT INTO question_naire_style VALUES ('faf08f1850cccd7f0150e65a1d210065', '优雅');
INSERT INTO question_naire_style VALUES ('faf08f1850cccd7f0150e67860ca0068', '优雅');
INSERT INTO question_naire_style VALUES ('faf08f1850cccd7f0150e787e1a40070', '简约');
INSERT INTO question_naire_style VALUES ('faf08f1850cccd7f0150e7909ad40071', '优雅');
INSERT INTO question_naire_style VALUES ('faf08f1850cccd7f0150e7909ad40071', '商务');
INSERT INTO question_naire_style VALUES ('faf08f1850cccd7f0150e9da0ad90072', '优雅');
INSERT INTO question_naire_style VALUES ('faf08f1850cccd7f0150ea3b89110073', '优雅');
INSERT INTO question_naire_style VALUES ('faf08f1850cccd7f0150eb0984940078', '商务');
INSERT INTO question_naire_style VALUES ('faf08f1850cccd7f0150ebb41eae007c', '简约');
INSERT INTO question_naire_style VALUES ('faf08f1850cccd7f0150ebb4ff6f007d', '商务');
INSERT INTO question_naire_style VALUES ('faf08f1850cccd7f0150ebc7c2bd0082', '优雅');
INSERT INTO question_naire_style VALUES ('faf08f1850cccd7f0150ebc7c2bd0082', '商务');
INSERT INTO question_naire_style VALUES ('faf08f1850cccd7f0150ebc7c2bd0082', 'OL/通勤');
INSERT INTO question_naire_style VALUES ('faf08f1850cccd7f0150ebc7c2bd0082', '淑女');
INSERT INTO question_naire_style VALUES ('faf08f1850cccd7f0150ec4a8fd20086', '优雅');
INSERT INTO question_naire_style VALUES ('faf08f1850cccd7f0150eff82f81008c', '优雅');
INSERT INTO question_naire_style VALUES ('faf08f1850cccd7f0150f107a2730092', '优雅');
INSERT INTO question_naire_style VALUES ('faf08f1850cccd7f0150f1343e010096', '优雅');
INSERT INTO question_naire_style VALUES ('faf08f1850cccd7f0150f14d98e5009a', '优雅');

-- ----------------------------
-- Table structure for `role`
-- ----------------------------
DROP TABLE IF EXISTS `role`;
CREATE TABLE `role` (
  `id` varchar(255) NOT NULL,
  `name` varchar(255) DEFAULT NULL,
  `code` varchar(255) DEFAULT NULL,
  `description` varchar(255) DEFAULT NULL,
  `create_time` datetime DEFAULT NULL,
  `deleted` bit(1) NOT NULL,
  `update_time` datetime DEFAULT NULL,
  PRIMARY KEY (`id`)
) ENGINE=InnoDB DEFAULT CHARSET=utf8;

-- ----------------------------
-- Records of role
-- ----------------------------
INSERT INTO role VALUES ('1', '超级管理员', 'ROLE_SYSTEM', '', '2015-08-26 15:39:46', '', '2015-09-11 12:13:49');
INSERT INTO role VALUES ('4040409e4f699206014f6992ac4b0000', '管理员', 'ROLE_ADMIN', '', '2015-08-26 18:34:24', '', '2015-09-24 17:45:38');
INSERT INTO role VALUES ('4040409e4f8c4513014f8c4dd10d0001', '分店权限角色', 'ROLE_BRANCH', '', '2015-09-02 12:25:54', '', '2015-09-08 15:41:20');
INSERT INTO role VALUES ('4040409e4f8c4513014f8c4e4b660002', '总店权限角色', 'ROLE_SHOP', '', '2015-09-02 12:26:26', '', '2015-09-08 15:41:32');

-- ----------------------------
-- Table structure for `role_perm`
-- ----------------------------
DROP TABLE IF EXISTS `role_perm`;
CREATE TABLE `role_perm` (
  `role` varchar(255) NOT NULL,
  `perms` varchar(255) NOT NULL,
  PRIMARY KEY (`role`,`perms`),
  KEY `FK_i8bl83k96mmt1yljjsa7tbrpa` (`perms`),
  CONSTRAINT `FK_i8bl83k96mmt1yljjsa7tbrpa` FOREIGN KEY (`perms`) REFERENCES `permission` (`id`),
  CONSTRAINT `FK_jvcxgeley3hv26ckoahuuo02v` FOREIGN KEY (`role`) REFERENCES `role` (`id`)
) ENGINE=InnoDB DEFAULT CHARSET=utf8;

-- ----------------------------
-- Records of role_perm
-- ----------------------------
INSERT INTO role_perm VALUES ('1', '1');
INSERT INTO role_perm VALUES ('1', '2');
INSERT INTO role_perm VALUES ('4040409e4f699206014f6992ac4b0000', '2');
INSERT INTO role_perm VALUES ('4040409e4f8c4513014f8c4dd10d0001', '2');
INSERT INTO role_perm VALUES ('4040409e4f8c4513014f8c4e4b660002', '2');
INSERT INTO role_perm VALUES ('1', '4');
INSERT INTO role_perm VALUES ('4040409e4f699206014f6992ac4b0000', '4');
INSERT INTO role_perm VALUES ('4040409e4f8c4513014f8c4dd10d0001', '4');
INSERT INTO role_perm VALUES ('4040409e4f8c4513014f8c4e4b660002', '4');
INSERT INTO role_perm VALUES ('1', '4040409e4f824f62014f825319820000');
INSERT INTO role_perm VALUES ('4040409e4f699206014f6992ac4b0000', '4040409e4f824f62014f825319820000');
INSERT INTO role_perm VALUES ('4040409e4f8c4513014f8c4e4b660002', '4040409e4f824f62014f825319820000');
INSERT INTO role_perm VALUES ('1', '4040409e4f8c4513014f8c4b00a00000');
INSERT INTO role_perm VALUES ('4040409e4f699206014f6992ac4b0000', '4040409e4f8c4513014f8c4b00a00000');
INSERT INTO role_perm VALUES ('4040409e4f8c4513014f8c4dd10d0001', '4040409e4f8c4513014f8c4b00a00000');
INSERT INTO role_perm VALUES ('1', '4040409e4f8cb0f4014f8cb30b420000');
INSERT INTO role_perm VALUES ('1', '4040409e4f8cb0f4014f8cb3aa4d0001');
INSERT INTO role_perm VALUES ('1', '4040409e4f8cb0f4014f8cb3e16c0002');
INSERT INTO role_perm VALUES ('1', '4040409e4fba997e014fba9bd64f0001');
INSERT INTO role_perm VALUES ('4040409e4f699206014f6992ac4b0000', '4040409e4fba997e014fba9bd64f0001');
INSERT INTO role_perm VALUES ('4040409e4f699206014f6992ac4b0000', 'faf08f184ffeb9bc014ffebcea2c0005');

-- ----------------------------
-- Table structure for `shop`
-- ----------------------------
DROP TABLE IF EXISTS `shop`;
CREATE TABLE `shop` (
  `id` varchar(255) NOT NULL,
  `create_time` datetime DEFAULT NULL,
  `deleted` bit(1) NOT NULL,
  `update_time` datetime DEFAULT NULL,
  `description` text,
  `shop_name` varchar(255) DEFAULT NULL,
  `classify` varchar(255) DEFAULT NULL,
  `main_pic` varchar(255) DEFAULT NULL,
  `integral` bigint(20) NOT NULL,
  `num` varchar(255) DEFAULT NULL,
  PRIMARY KEY (`id`),
  KEY `FK_4u8t7n440xeh8xpkedx2xkllq` (`classify`),
  KEY `FK_nhh2is8f57gbanh3yyma3so7k` (`main_pic`),
  CONSTRAINT `FK_4u8t7n440xeh8xpkedx2xkllq` FOREIGN KEY (`classify`) REFERENCES `categoryitem` (`id`),
  CONSTRAINT `FK_nhh2is8f57gbanh3yyma3so7k` FOREIGN KEY (`main_pic`) REFERENCES `medias` (`id`)
) ENGINE=InnoDB DEFAULT CHARSET=utf8;

-- ----------------------------
-- Records of shop
-- ----------------------------
INSERT INTO shop VALUES ('faf08f184f69691e014f698429e3000d', '2015-08-26 18:18:33', '', '2015-09-21 11:32:04', '吉芬（JEFEN），是为28至40岁风华正茂的女性所设计的高贵服装。\r\n它选用的材料主要是意大利的毛、丝、麻等天然素材，并有最先进的面料加工工艺制成，所以，在面料上体现了它的高贵性。在设计上，在简约的风范之下融合进了时尚流行的基本元素；在实用的基础上，不失性感；特别是版型上，更多考虑到28岁以上女性体型变化的诸多特点，在欧码版型的基础上，经过对东方女性体型的深入研究，而做出的设计。\r\n它以时尚、高贵、独特的文化内涵引导人们高品位的生活方式。它不仅是一件衣服，而且通过时尚的款式设计，精良的手工制做工艺及中西合璧、无与伦比的板型制造所带来的穿着效果，充分体现穿着JEFEN品牌所带给人们的风采与自豪。', 'JEFEN', null, 'faf08f184fb5e098014fb66177cf0015', '10000', '01');
INSERT INTO shop VALUES ('faf08f184fa58458014fa5bf9ced000c', '2015-09-07 11:00:42', '', '2015-09-10 17:52:15', '业内知名', '商户1', null, 'faf08f184faadb33014faae31c510005', '12300', '02');
INSERT INTO shop VALUES ('faf08f184fa58458014fa5c22dca0012', '2015-09-07 11:03:30', '', '2015-09-10 17:58:33', '的的顶顶顶顶顶顶顶顶顶顶的的顶顶顶顶顶顶顶顶顶顶的的顶顶顶顶顶顶顶顶顶顶的的顶顶顶顶顶顶顶顶顶顶的的顶顶顶顶顶顶顶顶顶顶的的顶顶顶顶顶顶顶顶顶顶的的顶顶顶顶顶顶顶顶顶顶的的顶顶顶顶顶顶顶顶顶顶', '商户2', null, 'faf08f184faadb33014faae36dd40006', '100000', '03');
INSERT INTO shop VALUES ('faf08f184fa58458014fa5c2f4650016', '2015-09-07 11:04:21', '', '2015-09-10 17:52:09', '业内知名', '商户3', null, 'faf08f184faadb33014faae39bea0007', '100000', '04');
INSERT INTO shop VALUES ('faf08f184fa58458014fa5c9541f001a', '2015-09-07 11:11:19', '', '2015-09-10 17:52:07', 'sssssssssssssssssssss', '商户4', null, 'faf08f184faadb33014faae3d12c0008', '160000', '05');
INSERT INTO shop VALUES ('faf08f184fa58458014fa5cb40ad001d', '2015-09-07 11:13:24', '', '2015-09-10 17:52:05', 'dfdfdsf', '商户5', null, 'faf08f184faadb33014faadbba5e0000', '100000', '06');
INSERT INTO shop VALUES ('faf08f184faafe6b014fac267d2600ae', '2015-09-08 16:50:47', '', '2015-09-10 17:52:03', 'sadd', '商户7', null, 'faf08f184faafe6b014fac267ce000ad', '10000', '07');
INSERT INTO shop VALUES ('faf08f184faafe6b014fac28c13300b1', '2015-09-08 16:53:15', '', '2015-09-10 17:51:39', 'fgfg', '商户8', null, 'faf08f184faafe6b014fac28be5000b0', '100000', '08');
INSERT INTO shop VALUES ('faf08f184faafe6b014fac2df1ca00b4', '2015-09-08 16:58:56', '', '2015-09-10 17:51:37', 'asfdf', '商户9', null, 'faf08f184faafe6b014fac2df13300b3', '90000', '09');
INSERT INTO shop VALUES ('faf08f184faafe6b014fac2e6a8300b6', '2015-09-08 16:59:27', '', '2015-09-10 17:51:34', 'fdfgfdsad', '商户10', null, 'faf08f184faafe6b014fac2e6a3600b5', '90000', '10');
INSERT INTO shop VALUES ('faf08f184faafe6b014fac2fb1ad00ba', '2015-09-08 17:00:50', '', '2015-09-10 17:51:28', 'dsf', '商户11', null, 'faf08f184faafe6b014fac2fb16800b9', '10000', '11');
INSERT INTO shop VALUES ('faf08f184faafe6b014fb04be1fd016a', '2015-09-09 12:10:07', '', '2015-09-16 11:55:51', '佳美口腔隶属于北京佳美医院管理有限责任公司，成立于1993年，是国内第一个连锁经营的大型现代化口腔门诊体系。\r\n佳美采用当今世界口腔医疗前沿技术，拥有系列自主知识产权和国内高水平医疗队伍，突破了传统的国内口腔医疗服务模式，以超过二十年的从业背景和雄厚的医护技术资源，开展口腔内科、口腔外科、口腔正畸、烤瓷牙、种植牙等业务。\r\n佳美以先进的医疗设备、人性化的服务、科学安全的消毒技术等特点受到广大患者的认可，已成为业界领先的知名品牌。\r\n佳美目前在北京、上海、大连多个中心城市建立了数十家直营连锁门诊，终身会员突破百万。 ', '佳美口腔', null, 'faf08f184fcf1fdd014fd44b5634000d', '10500', '12');
INSERT INTO shop VALUES ('faf08f184fb13015014fb143cc1c0019', '2015-09-09 16:40:54', '', '2015-09-10 17:56:54', '北京光之树瑜伽中心是京城第一家艾扬格瑜伽中心，提供了综合的瑜伽学习课程，包括常规课程，密集课程，工作坊，以及艾扬格瑜伽教师培训，瑜伽的习练遵循艾扬格大师的方式。我们的目标是去鼓励学生以艾扬格瑜伽的精神去习练，让身体轻盈健康，心理健康并获得灵性的成长。 \r\n光之树艾扬格瑜伽中心教师团队的老师都参加过严格的艾扬格教师培训，并获得教学认证资格。他们自律谦卑，并坚持每日习练，除了这些持续的教师培训课程以外，教师们会规律的去印度艾扬格学院及瑞诗凯诗参加更深入的学习。\r\n正因为如此老师们将会给中心的学生的高质量的指导和个人的关注。\r\n我们的中心位于北京市朝阳区东四环霄云桥芳园南里9号院7号楼108底商，场馆面积达600平。辅助工具配备齐全。环境简洁宽敞明亮。\r\n光之树，愿成为你瑜伽之路上的那盏明灯，照亮旅途中的每个暗角。', '光之树瑜伽中心', null, 'faf08f184fb5e098014fb66393fd0016', '10000', '13');
INSERT INTO shop VALUES ('faf08f184fb6d0c2014fba2033980002', '2015-09-11 09:58:36', '', '2015-09-11 11:54:53', '谦亨，创建于2006年，借鉴英伦贵族美学理念，针对东方人的气质，专研适合东方高端人士的美发造型，为每一位高端贵宾打造高贵、优雅、独特的专属风格。谦亨的每一家门店都精雕细琢，拥有独特的装修风格，始终为客户提供物超所值的享受和服务，因此赢得了北京众多高端人士的欢迎！谦亨，北京受高端人士欢迎的美发造型品牌，每年接待6万人次的塔尖高端人士，欢迎您的光临！', '谦亨SPA会所', null, 'faf08f184fb6d0c2014fba2033820001', '10000', '14');
INSERT INTO shop VALUES ('faf08f184fb6d0c2014fba8d8d4b0006', '2015-09-11 11:58:03', '', '2015-09-11 11:58:03', '专业高端日式美甲', 'Kira Kira Nail日式美甲', null, 'faf08f184fb6d0c2014fba8d8d430005', '10000', '15');
INSERT INTO shop VALUES ('faf08f184fbb13d7014fbb20d1ce0009', '2015-09-11 14:38:54', '', '2015-09-11 14:38:54', '美丽田园（BEAUTY FARM）美容发展有限公司始创于一九九三年，是中国著名美容美体SPA连锁中心之一，总部设于上海，目前已有113家分店。店内采用会员制管理，根据顾客皮肤和身体状况，建立针对性护肤方案。美丽田园于2013年12月全资收购了世界顶尖健发权威品牌——史云逊健发中心的中国区整体业务。', '美丽田园', null, 'faf08f184fbb13d7014fbb20d1b50008', '10000', '16');
INSERT INTO shop VALUES ('faf08f184fbb2400014fbb3317860001', '2015-09-11 14:58:51', '', '2015-09-11 15:02:16', '東田造型是中国著名国家级造型师、著名时尚人士李东田先生于1999年精心创建，是国内一流的时尚化妆造型机构。工作室拥有中国十大青年时尚化妆师等国内一批著名化妆师，在服 装模特、广告、时尚摄影、演艺明星、MTV制作、歌舞表演等领域具有国际影响。旗下著名造型师唐毅（巴黎欧莱雅中国区首席特约造型师）、壮志、君君、摄影师袁峰等均是国内造型界著名锋尚人物。东田造型公司位于北京建外SOHO西区15号楼3层，拥有优越的地理位置和一流的造型设计水平，被誉为“中国流行时尚的风向标”,在业内的“领头羊”的位置越加明显。', '東田造型', null, 'faf08f184fbb2400014fbb3317670000', '10000', '17');
INSERT INTO shop VALUES ('faf08f184fbb2400014fbb3368480003', '2015-09-11 14:59:12', '', '2015-09-11 14:59:17', '是中国著名国家级造型师、著名时尚人士李东田先生于1999年精心创建，是国内一流的时尚化妆造型机构。工作室拥有中国十大青年时尚化妆师等国内一批著名化妆师，在服 装模特、广告、时尚摄影、演艺明星、MTV制作、歌舞表演等领域具有国际影响。旗下著名造型师唐毅（巴黎欧莱雅中国区首席特约造型师）、壮志、君君、摄影师袁峰等均是国内造型界著名锋尚人物。东田造型公司位于北京建外SOHO西区15号楼3层，拥有优越的地理位置和一流的造型设计水平，被誉为“中国流行时尚的风向标”,在业内的“领头羊”的位置越加明显。', '东田造型', null, 'faf08f184fbb2400014fbb3368350002', '10000', '17');
INSERT INTO shop VALUES ('faf08f184fbb2400014fbb9c41290006', '2015-09-11 16:53:43', '', '2015-09-11 17:00:13', '北京布瑞琳洗染服务有限公司创立于2009年，作为中国高端专业洗护行业的创立者，布瑞琳以中国洗护行业产业升级为己任，采用国际领先的节能环保设备、先进的工艺技术、中央工厂规模化洗护方式、在商超和社区广泛布局，运用互联网工具，为广大中、高端客户群体提供高效、便捷的专业洗护服务 \r\n从服饰的专业洗护到家庭整体洗护，布瑞琳以精品成衣洗护，窗帘、沙发、地毯为主的上门家纺洗护及皮草、手袋、鞋类养护三大项目，打造极致用户体验的个性化洗护服务。', '布瑞琳', null, 'faf08f184fbb2400014fbba23272000c', '10000', '18');
INSERT INTO shop VALUES ('faf08f184fbb2400014fbb9cca9b0008', '2015-09-11 16:54:19', '', '2015-09-11 16:54:22', '北京布瑞琳洗染服务有限公司创立于2009年，作为中国高端专业洗护行业的创立者，布瑞琳以中国洗护行业产业升级为己任，采用国际领先的节能环保设备、先进的工艺技术、中央工厂规模化洗护方式、在商超和社区广泛布局，运用互联网工具，为广大中、高端客户群体提供高效、便捷的专业洗护服务 \r\n从服饰的专业洗护到家庭整体洗护，布瑞琳以精品成衣洗护，窗帘、沙发、地毯为主的上门家纺洗护及皮草、手袋、鞋类养护三大项目，打造极致用户体验的个性化洗护服务。', '布瑞琳', null, 'faf08f184fbb2400014fbb9cca910007', '10000', '18');
INSERT INTO shop VALUES ('faf08f184fbb2400014fbb9cf772000a', '2015-09-11 16:54:30', '', '2015-09-11 16:54:39', '北京布瑞琳洗染服务有限公司创立于2009年，作为中国高端专业洗护行业的创立者，布瑞琳以中国洗护行业产业升级为己任，采用国际领先的节能环保设备、先进的工艺技术、中央工厂规模化洗护方式、在商超和社区广泛布局，运用互联网工具，为广大中、高端客户群体提供高效、便捷的专业洗护服务 \r\n从服饰的专业洗护到家庭整体洗护，布瑞琳以精品成衣洗护，窗帘、沙发、地毯为主的上门家纺洗护及皮草、手袋、鞋类养护三大项目，打造极致用户体验的个性化洗护服务。', '布瑞琳', null, 'faf08f184fbb2400014fbb9cf76d0009', '10000', '18');
INSERT INTO shop VALUES ('faf08f184fbb2400014fbbc7a882000e', '2015-09-11 17:41:08', '', '2015-09-11 17:41:08', '', '美国UPPER奢侈品养护中心', null, 'faf08f184fbb2400014fbbc7a87b000d', '10000', '19');
INSERT INTO shop VALUES ('faf08f184fcf1fdd014fd4c92a840055', '2015-09-16 14:13:17', '', '2015-09-16 14:13:17', '欧丽馨是一家集美容，美发，养生纤体于一身的大型美容机构，经过十多年的沉淀和历练正在焕发出新的能量。我们致力于给客户打造出完美新形象，以及健康的身体。数千客户的认可是我们最大的骄傲，也是我们前进的动力。', '欧丽馨美容美发', null, 'faf08f184fcf1fdd014fd4c92a7d0054', '9540', '20');

-- ----------------------------
-- Table structure for `shop_tag`
-- ----------------------------
DROP TABLE IF EXISTS `shop_tag`;
CREATE TABLE `shop_tag` (
  `shop` varchar(255) NOT NULL,
  `tags` varchar(255) NOT NULL,
  PRIMARY KEY (`shop`,`tags`),
  KEY `FK_itexrmky8sx8gewoyr5fyxwga` (`tags`),
  CONSTRAINT `FK_mi1r5xnvv4r4pqivhiqrkqm5q` FOREIGN KEY (`shop`) REFERENCES `shop` (`id`)
) ENGINE=InnoDB DEFAULT CHARSET=utf8;

-- ----------------------------
-- Records of shop_tag
-- ----------------------------
INSERT INTO shop_tag VALUES ('faf08f184faafe6b014fac28c13300b1', 'faf08f184fa58458014fa5bee5bf0006');
INSERT INTO shop_tag VALUES ('faf08f184faafe6b014fac2df1ca00b4', 'faf08f184fa58458014fa5bee5bf0006');
INSERT INTO shop_tag VALUES ('faf08f184faafe6b014fac2e6a8300b6', 'faf08f184fa58458014fa5bee5bf0006');
INSERT INTO shop_tag VALUES ('faf08f184faafe6b014fac2fb1ad00ba', 'faf08f184fa58458014fa5bee5bf0006');
INSERT INTO shop_tag VALUES ('faf08f184fb6d0c2014fba2033980002', 'faf08f184fa58458014fa5bee5bf0006');
INSERT INTO shop_tag VALUES ('faf08f184fbb13d7014fbb20d1ce0009', 'faf08f184fa58458014fa5bee5bf0006');
INSERT INTO shop_tag VALUES ('faf08f184fcf1fdd014fd4c92a840055', 'faf08f184fa58458014fa5bee5bf0006');
INSERT INTO shop_tag VALUES ('faf08f184faafe6b014fac28c13300b1', 'faf08f184fa58458014fa5bee60f0007');
INSERT INTO shop_tag VALUES ('faf08f184faafe6b014fac2df1ca00b4', 'faf08f184fa58458014fa5bee60f0007');
INSERT INTO shop_tag VALUES ('faf08f184faafe6b014fac2e6a8300b6', 'faf08f184fa58458014fa5bee60f0007');
INSERT INTO shop_tag VALUES ('faf08f184faafe6b014fac2fb1ad00ba', 'faf08f184fa58458014fa5bee60f0007');
INSERT INTO shop_tag VALUES ('faf08f184fbb2400014fbb3317860001', 'faf08f184fa58458014fa5bee60f0007');
INSERT INTO shop_tag VALUES ('faf08f184fbb2400014fbb3368480003', 'faf08f184fa58458014fa5bee60f0007');
INSERT INTO shop_tag VALUES ('faf08f184fcf1fdd014fd4c92a840055', 'faf08f184fa58458014fa5bee60f0007');
INSERT INTO shop_tag VALUES ('faf08f184fa58458014fa5c9541f001a', 'faf08f184fa58458014fa5bee6670008');
INSERT INTO shop_tag VALUES ('faf08f184fa58458014fa5cb40ad001d', 'faf08f184fa58458014fa5bee6670008');
INSERT INTO shop_tag VALUES ('faf08f184faafe6b014fac28c13300b1', 'faf08f184fa58458014fa5bee6670008');
INSERT INTO shop_tag VALUES ('faf08f184faafe6b014fac2df1ca00b4', 'faf08f184fa58458014fa5bee6670008');
INSERT INTO shop_tag VALUES ('faf08f184faafe6b014fac2e6a8300b6', 'faf08f184fa58458014fa5bee6670008');
INSERT INTO shop_tag VALUES ('faf08f184faafe6b014fac2fb1ad00ba', 'faf08f184fa58458014fa5bee6670008');
INSERT INTO shop_tag VALUES ('faf08f184fbb2400014fbb3317860001', 'faf08f184fa58458014fa5bee6670008');
INSERT INTO shop_tag VALUES ('faf08f184fbb2400014fbb3368480003', 'faf08f184fa58458014fa5bee6670008');
INSERT INTO shop_tag VALUES ('faf08f184fa58458014fa5cb40ad001d', 'faf08f184fa58458014fa5bee6830009');
INSERT INTO shop_tag VALUES ('faf08f184faafe6b014fac267d2600ae', 'faf08f184fa58458014fa5bee6830009');
INSERT INTO shop_tag VALUES ('faf08f184faafe6b014fac28c13300b1', 'faf08f184fa58458014fa5bee6830009');
INSERT INTO shop_tag VALUES ('faf08f184faafe6b014fac2df1ca00b4', 'faf08f184fa58458014fa5bee6830009');
INSERT INTO shop_tag VALUES ('faf08f184faafe6b014fac2e6a8300b6', 'faf08f184fa58458014fa5bee6830009');
INSERT INTO shop_tag VALUES ('faf08f184faafe6b014fac2fb1ad00ba', 'faf08f184fa58458014fa5bee6830009');
INSERT INTO shop_tag VALUES ('faf08f184fb6d0c2014fba8d8d4b0006', 'faf08f184fa58458014fa5bee6830009');
INSERT INTO shop_tag VALUES ('faf08f184fa58458014fa5bf9ced000c', 'faf08f184fa58458014fa5bf9ced000b');
INSERT INTO shop_tag VALUES ('faf08f184fb13015014fb143cc1c0019', 'faf08f184fa58458014fa5bf9ced000b');
INSERT INTO shop_tag VALUES ('faf08f184fa58458014fa5c22dca0012', 'faf08f184fa58458014fa5c22d8a000f');
INSERT INTO shop_tag VALUES ('faf08f184fbb2400014fbb9c41290006', 'faf08f184fa58458014fa5c22d8a000f');
INSERT INTO shop_tag VALUES ('faf08f184f69691e014f698429e3000d', 'faf08f184fa58458014fa5c22db00010');
INSERT INTO shop_tag VALUES ('faf08f184fa58458014fa5c22dca0012', 'faf08f184fa58458014fa5c22db00010');
INSERT INTO shop_tag VALUES ('faf08f184fa58458014fa5c22dca0012', 'faf08f184fa58458014fa5c22dc90011');
INSERT INTO shop_tag VALUES ('faf08f184fbb2400014fbb9cca9b0008', 'faf08f184fa58458014fa5c22dc90011');
INSERT INTO shop_tag VALUES ('faf08f184fbb2400014fbb9cf772000a', 'faf08f184fa58458014fa5c22dc90011');
INSERT INTO shop_tag VALUES ('faf08f184fbb2400014fbbc7a882000e', 'faf08f184fa58458014fa5c22dc90011');
INSERT INTO shop_tag VALUES ('faf08f184fa58458014fa5c2f4650016', 'faf08f184fa58458014fa5c2f4650015');
INSERT INTO shop_tag VALUES ('faf08f184faafe6b014fb04be1fd016a', 'faf08f184fa58458014fa5c2f4650015');
INSERT INTO shop_tag VALUES ('faf08f184fa58458014fa5c9541f001a', 'faf08f184fa58458014fa5c9541f0019');

-- ----------------------------
-- Table structure for `social_login`
-- ----------------------------
DROP TABLE IF EXISTS `social_login`;
CREATE TABLE `social_login` (
  `social_id` varchar(255) NOT NULL,
  `social_avatar` varchar(255) DEFAULT NULL,
  `user_id` varchar(255) DEFAULT NULL,
  PRIMARY KEY (`social_id`)
) ENGINE=InnoDB DEFAULT CHARSET=utf8;

-- ----------------------------
-- Records of social_login
-- ----------------------------
INSERT INTO social_login VALUES ('038608D00B0F4BB4231AC38A58DAD134', 'http://q.qlogo.cn/qqapp/1104777160/038608D00B0F4BB4231AC38A58DAD134/100', 'faf08f18501bcb9101509397e5ef009b');
INSERT INTO social_login VALUES ('0726478525E83D09879F231F34A7B773', 'http://q.qlogo.cn/qqapp/1104777160/0726478525E83D09879F231F34A7B773/100', 'faf08f18501bcb910150c6f1102c0516');
INSERT INTO social_login VALUES ('1152237282', 'http://tp3.sinaimg.cn/1152237282/180/0/0', 'faf08f18501bcb910150aa173b680136');
INSERT INTO social_login VALUES ('1435985561', 'http://tp2.sinaimg.cn/1435985561/180/40011107112/1', 'faf08f18501bcb910150e653436707ba');
INSERT INTO social_login VALUES ('1767462837', 'http://tp2.sinaimg.cn/1767462837/180/5738646562/0', 'faf08f18501bcb9101509397e5ef009b');
INSERT INTO social_login VALUES ('1798705701', 'http://tp2.sinaimg.cn/1798705701/180/5650363790/1', '000000004b1fafb1014b1fcf8dc50001');
INSERT INTO social_login VALUES ('183FA44F5999DA9C19D361A9AEC7BFE4', 'http://q.qlogo.cn/qqapp/1104777160/183FA44F5999DA9C19D361A9AEC7BFE4/100', 'faf08f184fd9cd23014fee0e3e6900e9');
INSERT INTO social_login VALUES ('1933008761', 'http://tp2.sinaimg.cn/1933008761/180/5691447622/0', 'faf08f18501bcb910150c85632b605f9');
INSERT INTO social_login VALUES ('2192149117', 'http://tp2.sinaimg.cn/2192149117/180/5686390826/0', 'faf08f18501bcb910150c816b5b505aa');
INSERT INTO social_login VALUES ('2482682937', 'http://tp2.sinaimg.cn/2482682937/180/5712750579/0', 'faf08f18501bcb910150cc0fc43a063e');
INSERT INTO social_login VALUES ('2A0065C1568F9755F3DD14E13B2073CD', 'http://q.qlogo.cn/qqapp/1104777160/2A0065C1568F9755F3DD14E13B2073CD/100', 'faf08f18501bcb910150aecde9050289');
INSERT INTO social_login VALUES ('4AB27EE7DA2F6A0D684850EB8FB28349', 'http://q.qlogo.cn/qqapp/1104777160/4AB27EE7DA2F6A0D684850EB8FB28349/100', 'faf08f184be41285014c458ad91a003c');
INSERT INTO social_login VALUES ('55ACA59B1C4CD6EA5F9B08A9493CD3C1', 'http://q.qlogo.cn/qqapp/1104777160/55ACA59B1C4CD6EA5F9B08A9493CD3C1/100', 'faf08f18501bcb910150cb23513b0620');
INSERT INTO social_login VALUES ('5631389045', 'http://tp2.sinaimg.cn/5631389045/180/0/1', 'faf08f18501bcb91015083369f07006c');
INSERT INTO social_login VALUES ('5657187824', 'http://tp1.sinaimg.cn/5657187824/180/5732583275/1', 'faf08f184fd9cd23014fee0e3e6900e9');
INSERT INTO social_login VALUES ('607B9C5D06F6476F357C6E925AB4744F', 'http://q.qlogo.cn/qqapp/1104777160/607B9C5D06F6476F357C6E925AB4744F/100', 'faf08f18501bcb910150c1f46a580465');
INSERT INTO social_login VALUES ('636E61294753C7EE0C06D945D92A2ADC', 'http://q.qlogo.cn/qqapp/1104777160/636E61294753C7EE0C06D945D92A2ADC/100', 'faf08f18501bcb910150accc7aca01c4');
INSERT INTO social_login VALUES ('80711645A31AF4C786DBC27C383E7617', 'http://q.qlogo.cn/qqapp/1104777160/80711645A31AF4C786DBC27C383E7617/100', 'faf08f184be41285014c0715d8470014');
INSERT INTO social_login VALUES ('82058564E0AFB6F72AD622C36EEDBE9E', 'http://q.qlogo.cn/qqapp/1104777160/82058564E0AFB6F72AD622C36EEDBE9E/100', '000000004b213cde014b34c1bd68028c');
INSERT INTO social_login VALUES ('9542F42F0F5FD8BD54528413F1820A60', 'http://q.qlogo.cn/qqapp/1104777160/9542F42F0F5FD8BD54528413F1820A60/100', 'faf08f18501bcb910150c7e87acf055e');
INSERT INTO social_login VALUES ('CCDCB3CDE31971B2E5A68D14BA4B3B18', 'http://q.qlogo.cn/qqapp/1104777160/CCDCB3CDE31971B2E5A68D14BA4B3B18/100', 'faf08f184cff8c09014d9ab9288200e5');
INSERT INTO social_login VALUES ('D8E4B8073EC2AF297917E1C503F9A6F9', 'http://q.qlogo.cn/qqapp/1104777160/D8E4B8073EC2AF297917E1C503F9A6F9/100', 'faf08f18501bcb91015083369f07006c');
INSERT INTO social_login VALUES ('EC0073CE66642D458EF2420642B811D3', 'http://q.qlogo.cn/qqapp/1104777160/EC0073CE66642D458EF2420642B811D3/100', '000000004b1fafb1014b1fcf8dc50001');
INSERT INTO social_login VALUES ('FB54C5628CA0E52B4C2490EAE2A2B064', 'http://q.qlogo.cn/qqapp/1104777160/FB54C5628CA0E52B4C2490EAE2A2B064/100', 'faf08f18501bcb910150ae17aa5f025e');
INSERT INTO social_login VALUES ('FC423B711323618B6E82314A30B460CF', '', 'faf08f18501bcb910150c6fb156e0519');
INSERT INTO social_login VALUES ('oduWUt-viQQoCXSPkb3-DzgHf-54', 'http://wx.qlogo.cn/mmopen/Xewa2JUmZ1psopVtSLg9PmPfgv8AbXFj6WDhos2xQjzsv6qzAGgH9ibVmKt5ia9GuBibI6btn5nwmqKSXbbBllduTIzPGKHbKWy/0', 'faf08f18501bcb910150c6d4f8d40510');
INSERT INTO social_login VALUES ('oduWUt-wSrantTpfTfXrf72DBIWU', 'http://wx.qlogo.cn/mmopen/GRFEtHXoXyj3gKf8ISyTnHx6iaMpJprdH5IhWrtpTtB91ibZrfTbNacCiaAxGWZkz8MutbPfpoEdS3iab3ia1zfmuFHMSHnEHUYRD/0', 'faf08f18501bcb910150f14b6fd20841');
INSERT INTO social_login VALUES ('oduWUt07GdDEKptRr3PK8W2rcamY', 'http://wx.qlogo.cn/mmopen/Uf9DI1PbM57dN7iaRSEF41qGEST4cGTE1gicW4HHRpeT49eK0jRswDtskns9zLic3GjqeC2nUg9s80hopdSNAssDJeNcK7BgnSI/0', 'faf08f184e438dab014e4cd48d5d00fa');
INSERT INTO social_login VALUES ('oduWUt08BlC5ptyWPqHvB7EqXttM', 'http://wx.qlogo.cn/mmopen/OUicWJdJoz3F1V2HUCLyice6ic2pyiaHtpSnpU0TG140xVkaL7hicSX5ia2biawcJCCSucolxmE9MDzicLTxvjicd0BxyohcROLSEwIg7/0', 'faf08f184d9ddaea014d9ea46160021c');
INSERT INTO social_login VALUES ('oduWUt0fw_tJSCsXmTu_k7MWE2R8', 'http://wx.qlogo.cn/mmopen/Uf9DI1PbM56dibloIuvia6uTgyH0S1KjFlgib8NBibCgh3nRyFC6TiakLYUrQsyQC78Ysq76GDXz21yy6ENm9lB5ZaXiagPBiczKd24/0', 'faf08f184e438dab014e48b369040082');
INSERT INTO social_login VALUES ('oduWUt0P-ueZxakktyQFP4bA7x0s', 'http://wx.qlogo.cn/mmopen/qJKKEcBYqEPM3ujSTR8VBrzG3VPibcuouyJw7uhPjdNvlw5T0pSoibQSKv7YvBfDGKMfPxCZJgu4DiaysE5P18df47XO0puSJ0Q/0', 'faf08f18501bcb910150e7e1abfe07ea');
INSERT INTO social_login VALUES ('oduWUt0ZjYZRxaHXUsI7l6sUgN1g', 'http://wx.qlogo.cn/mmopen/PiajxSqBRaEJx50AVibffNLCuWaxXzAPj7yfjyXRMlov4bPq42NhwlZnXeJ78AZ6FdrStTmhdDTfe5jlggyanjKQ/0', 'faf08f18501bcb910150c74eaa0d0525');
INSERT INTO social_login VALUES ('oduWUt1rRDMqU-o2EGabnOHdGFow', 'http://wx.qlogo.cn/mmopen/6l8Y6CAaNHYtQA9B6IrQFVqROqxXezPpXlRBBlk5qWgeFefawUJdicfNtZL31kHgSkY5cK1fHvjTSyEpaibCGbhkgrBW0kb7cib/0', 'faf08f184fd9cd23014fee0e3e6900e9');
INSERT INTO social_login VALUES ('oduWUt2FwubWoXsu68sTMvEIGhU4', 'http://wx.qlogo.cn/mmopen/GRFEtHXoXygWQibh1aezia3RsBiaEeicFPVibU8P4eMvQ9V63FlgVjSDTEWeq0UrT8uteibGNfwoH1mjic3zgPCerwTtTzmxApJKAR3/0', 'faf08f18501bcb910150e1387cb3071e');
INSERT INTO social_login VALUES ('oduWUt2KgxAhxk7W4d5OvRDHh27g', 'http://wx.qlogo.cn/mmopen/OUicWJdJoz3F1V2HUCLyiceicn6ppZTRF2NuwvQfGmObKZiaMdjOv5TwtRYjs47FofPyia9XxGQaU7mcwkZTVjaJgqWk4MNGcYZnA/0', 'faf08f184cff8c09014d99f1ae8800bc');
INSERT INTO social_login VALUES ('oduWUt2n79lM-F7gyv1cp_K4I7lk', 'http://wx.qlogo.cn/mmopen/PiajxSqBRaEKtbpr8yTrVDa79yWjvwRsWz7S0vV4mic8yE8OcE6myC4OjnnlFEOa8pNkLuI77JC7hrMciaICR0Yaw/0', 'faf08f184d9ddaea014d9e24c23e00c2');
INSERT INTO social_login VALUES ('oduWUt2nXWWB8FAufAea0Tq3dW0U', 'http://wx.qlogo.cn/mmopen/exsartTkz2JIUr49rA6fDgODFD9xqe52ZpDX8S8Xq86crEx65DPTkp8HxXR9CYmTr3SKLOA6DUU7U6OM5pRNmiaelO5XicgdSB/0', 'faf08f18501bcb910150f105795c0832');
INSERT INTO social_login VALUES ('oduWUt2O_7ZFr1TQpOoQmwCbiXXk', '', 'faf08f18501bcb910150be31d06a041a');
INSERT INTO social_login VALUES ('oduWUt30F3PgDXRTIrbpnNtmwQP0', 'http://wx.qlogo.cn/mmopen/exsartTkz2JIUr49rA6fDrSI9QLhIib4VNia8RNeCkdkONDnXho0eHrMeMj7icCN9Nu9uv7Ir3hhPFRIJ7xk3bp0n4BPZibicLZc4/0', 'faf08f18501bcb910150dc0ac08b06f7');
INSERT INTO social_login VALUES ('oduWUt3fffixXJIjBTTpRobNX8cI', 'http://wx.qlogo.cn/mmopen/GRFEtHXoXyia96a64VukXkzFdkO27dro2FtGglxia4RVyaknYRYICkUTCWlib3ZJ3XsicdBFicsCwrnGAG8m3mHqa8WRPUiaDj60H2/0', 'faf08f18501bcb910150b74d71b30346');
INSERT INTO social_login VALUES ('oduWUt3GGat3iZiqRsLjD8V0URYA', 'http://wx.qlogo.cn/mmopen/exsartTkz2IsMyCNVVh5ViabiaBiaibDbb45a2tViaoE4LjBEMoourFuNmqe5VbbYOYaJOicFxrt8tiafPsD5ybdRyCu9EpXdGFOEsx/0', 'faf08f18501bcb910150c8289ed705ce');
INSERT INTO social_login VALUES ('oduWUt3KVWig-WyJisWKa03trN5I', 'http://wx.qlogo.cn/mmopen/ajNVdqHZLLBrxibbf9HuP4TdicagiceNyclyoPREqBlLmCOYV2QkMNwxqz5banzrO8v5g1uibM20ZulK81JqibFBACg/0', 'faf08f184e8abd15014e91091e580001');
INSERT INTO social_login VALUES ('oduWUt3_A4RgoFuOT90nFtEvH40c', 'http://wx.qlogo.cn/mmopen/Q3auHgzwzM54sb1iaPTUKVFK82DZIQew9Kz2femspEf4ksGsuuFNQNicRTrm5WpFoGjrPDRWN0lb4oI6DFeIl5mA/0', 'faf08f18501bcb910150c980a7f80614');
INSERT INTO social_login VALUES ('oduWUt43y5oBNhydAZBgVtSDUKIQ', 'http://wx.qlogo.cn/mmopen/ms1AKnaZoxAZd3iaRpbwoRnM46RfhXgsuPvIrJhHdXXBj4elVz4LpaMQ2AEdWY9qCzlyztcvHnlbzpqGcHBz9TJlCt5p87eOv/0', 'faf08f18501bcb910150bb7b820e039c');
INSERT INTO social_login VALUES ('oduWUt4BDVb4swCT_d1jBOoPtNU0', 'http://wx.qlogo.cn/mmopen/6l8Y6CAaNHYtQA9B6IrQFV1GKGfKSVq7TKh8maews7DzXQmv2hOUmucpI23GUicW5tUVxHXo5uGRFtValEuw6xaibtibgiafhRUc/0', 'faf08f18501bcb910150ae53dd0d0279');
INSERT INTO social_login VALUES ('oduWUt4dQLkQwlBeQkI_G7MkWtUA', 'http://wx.qlogo.cn/mmopen/GRFEtHXoXyh5RVcw81yWg0ZTLO43cLQmYpeqsT0U4xOMtydPkMibhLichbYIiaVKZ3vkKgHzic5SsnTL2pzow54rBmecsYS6Er2Z/0', 'faf08f18501bcb910150c67d78bb04fb');
INSERT INTO social_login VALUES ('oduWUt4T33Kpjpvkd8eDdC3Uu4hk', 'http://wx.qlogo.cn/mmopen/HcVrBiaAgxOx1bzVibLTSRjobicdUxvnucWMPE8bXBf5RoTQhNVC11GteeZ1uIRJjkovbmDrp5OgiaFpfSd94NTa7Ry9Loib9Picr8/0', 'faf08f18501bcb910150c840d3fb05e6');
INSERT INTO social_login VALUES ('oduWUt4y3pMF4KHa2r-I-QJrpBsI', 'http://wx.qlogo.cn/mmopen/Xewa2JUmZ1psopVtSLg9Pj8FEQ1gEs0DFKs61aIfdePic3VcpvX7LhNuDvcbGdxat8HZn8PVic0tSlg46kiceppIv8wA0SVngkm/0', 'faf08f18501bcb910150c7d9001e0549');
INSERT INTO social_login VALUES ('oduWUt4_vz6MF_7IJtFAa541VBms', 'http://wx.qlogo.cn/mmopen/9hqS2IcbhVibicHIPEbUR9wfE299gQs0WicJryjt4z3WHgsKX4kyxo86NVxNqSPHaVTXsTsvbDTag9VqRmZhVwibVU9062a5mNna/0', 'faf08f184db4d1d5014de205f52c0056');
INSERT INTO social_login VALUES ('oduWUt5oXS3LbdVG4B5Px6kusYI0', 'http://wx.qlogo.cn/mmopen/OUicWJdJoz3F1V2HUCLyice3proWw2mdfRT1vx3A9t272KianunqNmv5qqlUYTgnsX90AmibfHCpgtbCdaBQ3y9iadwg6qx3JLsTQ/0', 'faf08f18501bcb910150acc2c38201bd');
INSERT INTO social_login VALUES ('oduWUt5z7WhGN8qsyli50ii27gMA', 'http://wx.qlogo.cn/mmopen/qJKKEcBYqEPM3ujSTR8VBrB0KzCVPTWicpSnFJsqGCLtuvPa6bBD0ffOdLd2SyNDW9SjLaYCOxpxAFEgcrHJdfZShicBEBfrpl/0', 'faf08f18501bcb910150db3bb19506f1');
INSERT INTO social_login VALUES ('oduWUt6iLF073sq-_O8MWO3epS6E', 'http://wx.qlogo.cn/mmopen/Xewa2JUmZ1psopVtSLg9PqjqKhSsFt1qguxBxlnibib1YH3ticVEvtyicCqLNzPoAruEUsmxPByeqeaZ2xYkeAu5L3K3QMDzvhGG/0', 'faf08f18501bcb910150bcbf043003c6');
INSERT INTO social_login VALUES ('oduWUt6JdRTLcVvZ1_gGaMYnMtgc', 'http://wx.qlogo.cn/mmopen/GRFEtHXoXyj3gKf8ISyTnGUkuib6qO3ApHGPH9s3dKGFmFmIUsEWfBsCQWshaJL0mVWOWwRb2XmJvB6h6VAQdzD28wy9Jmgaa/0', 'faf08f18501bcb910150b7a87330035d');
INSERT INTO social_login VALUES ('oduWUt6xYkNcoITL4YS4eFql6IiU', 'http://wx.qlogo.cn/mmopen/exsartTkz2JVdRPibPqWdP4abgV8F4wy7ibgasx8HJW4TZ4UFRIibGocvrgYg77szmdOLa7tXHjDV42TVctlJzHticicbwxDmsfnt/0', 'faf08f184e438dab014e7b78ff5a02d6');
INSERT INTO social_login VALUES ('oduWUt6YFo3tOI_jgCCI0K4WDT5E', 'http://wx.qlogo.cn/mmopen/Xewa2JUmZ1psopVtSLg9PkbY4E1icfmTMYRvMfSlQHkArwEjexJdaOyHfJ8ia67ibKWCvjDrowb5PRiaStJwUNr5RZEd0JYdWp2x/0', 'faf08f18501bcb910150ebaf3bb807ff');
INSERT INTO social_login VALUES ('oduWUt6_VZCpZMuHYOfpcs9lHTIg', 'http://wx.qlogo.cn/mmopen/OUicWJdJoz3F1V2HUCLyice71LthPVCF8XKj1Pm3RhSribbCZadsCVfBJ4eVOOqSbp8VRuoA1VKP5aKe5uhYGUoWEt4FEQiaStMq/0', 'faf08f18501bcb910150513d3639002e');
INSERT INTO social_login VALUES ('oduWUt7aEoxBiTeXZv_aMbsMRmA0', 'http://wx.qlogo.cn/mmopen/GRFEtHXoXygp4Jh7FY7rU0wyqNV85knvA1CISDuorO5pRibmPZcjkCv6jiaIhvYlHmlOVa9YLaJZ4FAS0GZwxnJyq2onIsbn0y/0', 'faf08f18501bcb910150b76a5f93034c');
INSERT INTO social_login VALUES ('oduWUt7_jg1NB3dpk4PJBWyaZXMI', 'http://wx.qlogo.cn/mmopen/qJKKEcBYqENiaMSPEOXhfhu7QQGjWDQia8GNllOBGx58jj6SeHUHicbrKNDzDxowhKQorAibqOthnrmP43c6PxUebtL0LnbRVXp3/0', 'faf08f18501bcb910150f526f400085f');
INSERT INTO social_login VALUES ('oduWUt85jPfcQuop_a2ESZ-8__mk', 'http://wx.qlogo.cn/mmopen/qJKKEcBYqEPM3ujSTR8VBsziaOywqGOic7GSXLiaia7V5aDHbLWI80jeraibbt137NLFQo96ssiceyjy7aHWET1RngbVxnemzz377X/0', 'faf08f18501bcb910150c24e8f030483');
INSERT INTO social_login VALUES ('oduWUt8b7xmQSHiPArKep00XzFTo', 'http://wx.qlogo.cn/mmopen/exsartTkz2LalQAFGytQiaZ0wIBosXTLtZiae5prY7N3gLuX9rgr39qR57Gicju2hXg6ZI74gMHicSrcibGY6UqMiakWMKtiasUSX35/0', 'faf08f18501bcb910150b31d8f380312');
INSERT INTO social_login VALUES ('oduWUt8Chnh1eEbOVsjKqJoSrayM', 'http://wx.qlogo.cn/mmopen/ms1AKnaZoxAZd3iaRpbwoRnhoO4FHLHxVNyCRoROYf9QTIW4I3joRFv19llefCgdX5CbSA97BNFsp8tMrvmyMoKdICnKicJvbH/0', 'faf08f18501bcb910150a9931737011a');
INSERT INTO social_login VALUES ('oduWUt9TRLGM3mCtWs8JJukPb9-w', 'http://wx.qlogo.cn/mmopen/GRFEtHXoXygGyvbu61A0sYgMbicCcNjIIpkNElYP1Hk7XobZnkCK659KyBI7FjHpbW4ricKzibsjXEaSiahQkqUZBkeucLWiaFWFA/0', 'faf08f184fd9cd23014fee0e3e6900e9');
INSERT INTO social_login VALUES ('oduWUt9ZtbQ_zz0diY0dSPNtTddI', 'http://wx.qlogo.cn/mmopen/HcVrBiaAgxOx1bzVibLTSRjguQDTITgtdwnwxZzibNAVJZNzmFcwVROBNfhXm5QRUUsQkF9k156q8X6s3zeL3ftV6mfLg1Effhu/0', 'faf08f18501bcb910150c2d4282104b6');
INSERT INTO social_login VALUES ('oduWUtwH55aRzzpbsKP4w_QfwPmE', 'http://wx.qlogo.cn/mmopen/ms1AKnaZoxAZd3iaRpbwoRnnaaJcibw6pick1LaLshlXWfRiaEDzJkhejXjiahqOV0UMpib2Mcic8vAszsmvZ4JQZicq0Vuj3G2TGXSx/0', 'faf08f18501bcb910150d0680c84066e');
INSERT INTO social_login VALUES ('oduWUtwM2iJ2FrwUjYi0vem1uGMU', 'http://wx.qlogo.cn/mmopen/qJKKEcBYqEPM3ujSTR8VBnzu5icoXDCDhZ7FZsQjuedKsXqx7Mexl43sBSEO5CLdb7VoNVAltXNLeeCfM6ztZQMfnfVmmsicOK/0', 'faf08f184d9ddaea014d9f04ad3e02ee');
INSERT INTO social_login VALUES ('oduWUtwoYpBU_k8uBIVMKL64fLxo', 'http://wx.qlogo.cn/mmopen/GRFEtHXoXyhbUriarWME62uDELlqqkB4KFynVVE4ricMMskAicbBZKmSIrdeQX5iaOgv6Of7nib2lXjly8m3A89z8cOsMznKLEoyq/0', 'faf08f18501bcb910150c7d2f31d0540');
INSERT INTO social_login VALUES ('oduWUtwrZI0J5qFSZOhDzdwNA8Kc', 'http://wx.qlogo.cn/mmopen/GRFEtHXoXyiaBmGgKRYEfN9IQbctRrL1exDxqDAia3OenhGVTrKfMlVWymiaiaMr7wmvC2TIdH4yUia5oelnBKEp0rvicQS6HuHb3Y/0', 'faf08f18501bcb910150cc72c6a00647');
INSERT INTO social_login VALUES ('oduWUtyd_hsY9eDkWalNAwUgaVHc', 'http://wx.qlogo.cn/mmopen/9hqS2IcbhVibicHIPEbUR9wVR2BGuyQS4o5Rlzn2V1PsXhcXfzaWZkA99mPNNJMMiapvzYf7Xgkx2onGL7WGg4QzplLiae8ZPficO/0', 'faf08f184e438dab014e611f93800131');
INSERT INTO social_login VALUES ('oduWUtyGhXdjuNIUWC-9xl7O7JQA', 'http://wx.qlogo.cn/mmopen/qJKKEcBYqEMxFHcYcLlKic3qS1SDBYg0WVFjXNrJZzSHlVbBRWRs1LxHs5cDQ4Fg3Feq6jjzWZC6vXZ0y3ebWeLTsebuu8U90/0', 'faf08f18501bcb910150c20e9f9f046e');
INSERT INTO social_login VALUES ('oduWUtyKQXnLICoX7_iC2UZhADFE', 'http://wx.qlogo.cn/mmopen/exsartTkz2JIUr49rA6fDrLomcxuTrCOcVgvNia7RCVg61PGN2tJHqg2TXvBfgZpqQX5OqdEaqyYoEW8zgcnTfyTfRyyIqQbj/0', 'faf08f18501bcb910150c7f49ea1056d');
INSERT INTO social_login VALUES ('oduWUtz1-3ss8lZ26aEjzGWU_zao', 'http://wx.qlogo.cn/mmopen/qJKKEcBYqEPM3ujSTR8VBhURsBmabKfS74TibgGkXAAJoCZszpicAdeEuCUibEbGmc9B7Z9LptpbFsaIMKSSfn6Rpn98RpOzvGe/0', 'faf08f18501bcb910150d02f35800668');
INSERT INTO social_login VALUES ('oduWUtzBTD4lcGWq0QzecI_BbeAs', 'http://wx.qlogo.cn/mmopen/HcVrBiaAgxOx1bzVibLTSRjndqGhdF8ibEgHfPONPHlONX0Libhc2LsmKDo2Z9Hl4QWQyd6CRc3kiaPs7o8suJTiadl79k1WwmvwLG/0', 'faf08f18501bcb910150d8b632f106da');
INSERT INTO social_login VALUES ('oduWUtzjIexuNUr10ehG51fEgm3w', 'http://wx.qlogo.cn/mmopen/iaepSECPy4bppkrLUeZB7lJ6W72KN0tDYNLmavC88ZNz1wlH0bjZ1VGI5EuuVES1EzEgnckWNMHwhfU3Qu6gxrRxZrkr8WLLN/0', 'faf08f18501bcb910150af1b4f00029b');
INSERT INTO social_login VALUES ('oduWUt_gAYyPAqwXECqVEZws6aMY', 'http://wx.qlogo.cn/mmopen/ms1AKnaZoxAZd3iaRpbwoRvQkQhib2ntvjBcJ5gb2jPfLSJhh7IzN1nTBU36L4pWc2g1qiaVkHcWnK8BpiadNCiadSq3LGQOon0Z2/0', 'faf08f18501bcb910150c8158b26059b');
INSERT INTO social_login VALUES ('oduWUt_mJUH4wrBgMm1ksFsnyhtc', 'http://wx.qlogo.cn/mmopen/Xewa2JUmZ1psopVtSLg9PgmLBs7ItNnOkunwLiaicCSXKBjEOblqsw15ibuT3AMWpFCicpTI9hm6Grk71ATN9R3tna5ic6Lnk1uFx/0', 'faf08f18501bcb910150ebb331520805');
INSERT INTO social_login VALUES ('oOuAat-2k9uaYdqvfGNewzGQBQE0', 'http://wx.qlogo.cn/mmopen/GRFEtHXoXygZoy9TZnylqS3LzsNfmK3C1KwtHZtWTtoOrEk1o9hg0ibZ4FuxpwMVOOVgQxp6IdgfSU7v13lULhMGym3eEhjvP/0', 'faf08f18501bcb910150d19377ca0686');
INSERT INTO social_login VALUES ('oOuAat-2t0N2g1CtQR2EAU3l7qwQ', 'http://wx.qlogo.cn/mmopen/exsartTkz2JIUr49rA6fDjibszHnXxTQnPYeed64P67khibq6ibdKiaicg6tlZXibicmibLfO7HlZtXAnib74iaicicFDBHHiaD1szoia11xVV/0', 'faf08f18501bcb910150cc8c7113064a');
INSERT INTO social_login VALUES ('oOuAat-AKaN7MbHP7AqQritbg7AI', 'http://wx.qlogo.cn/mmopen/Q3auHgzwzM7jbBUG7LIUvIhjqphN8aewYRG3zGUY6R9gqHSRiaWwjTBj2l8dSUzcEtYtq9wvWKXowXqojR3RVb5p729xUJVnol4EGSKRXHNA/0', 'faf08f18501bcb910150c27e86b4049b');
INSERT INTO social_login VALUES ('oOuAat-Bc8_7Z5vH1s9wMgjpiLYg', 'http://wx.qlogo.cn/mmopen/Xewa2JUmZ1o1MOoP836ZPiaup0micPaTKsrwYHmLOXxHic8IjgpmKSw3Tmy6hLYUNJ3XgZZUJMo6GOXY8s7botuEA/0', 'faf08f18501bcb910150adc4ab980258');
INSERT INTO social_login VALUES ('oOuAat-EOIvWqEVWHaSXKp2fzudo', 'http://wx.qlogo.cn/mmopen/qJKKEcBYqEPM3ujSTR8VBmbTPXS1JDfRtFzJkVzSz3yFN3tIiaRODfkibziath1fg38iaH8y6iacx5MBjibJYiaic5HpFYZ6yOOp4CAib/0', 'faf08f18501bcb910150c27a079a0498');
INSERT INTO social_login VALUES ('oOuAat-j7j8yVCYg0a-pyCvKXoCI', 'http://wx.qlogo.cn/mmopen/Xewa2JUmZ1qTicUMmicjUtSntyiaVd5bIm88IvT8IhQicHF0vyL3TChnt22XYRCnuiahrIWbNiafnU7aw1Z6vUb1tSsA/0', 'faf08f18501bcb910150b2b326380300');
INSERT INTO social_login VALUES ('oOuAat-T7DqX-e2wYA7Dcq1QTGTw', 'http://wx.qlogo.cn/mmopen/GRFEtHXoXyggHKHPWV2FmibdibDum2ZGl0ic8AeGArLF3DBdpvvg3ibQEGHJYCrGniaTLLVjd2p1mvPH4ic3ZQwt6vsg/0', 'faf08f184eafa2f2014f9b802e3b03e2');
INSERT INTO social_login VALUES ('oOuAat-tN3NDBje6pfpsCE2Xgi_I', 'http://wx.qlogo.cn/mmopen/Xewa2JUmZ1rsDah3fbzcYSp2cyg9ibPxqamLgdFmtJXibUnANlYMvIcrhz7apFPoOWL7PAhOqgYJnoiabM9LiafHmg/0', 'faf08f18501bcb910150b1a1417d02b6');
INSERT INTO social_login VALUES ('oOuAat08eye6qqnjORyzVVVV2Ifg', 'http://wx.qlogo.cn/mmopen/mF2ibwQ89GMa5TCJ5elaibxgvL1jSo7OSic7iambDlxcJTAXeH1oFnDhzqgSgANtcLbJxO5dbicrn2N8XWflepP8rW9CJWkoMUKsk/0', 'faf08f18501bcb910150b6bfe3a2033a');
INSERT INTO social_login VALUES ('oOuAat0F_HEQEEmyUq57I-yIgrzM', 'http://wx.qlogo.cn/mmopen/HcVrBiaAgxOx1bzVibLTSRjoBF8RUtHiccyYYwAGeIxX4N7SPnqdayJJrg9yJDqr7qFib6feJbNiaicmS1M4EIP2Uia0jcNXMzn2JY5/0', 'faf08f18501bcb910150b888e5a90387');
INSERT INTO social_login VALUES ('oOuAat0Q3nO02itWBdRy3uUKoo1s', 'http://wx.qlogo.cn/mmopen/qJKKEcBYqEP02CLZw57p9W0dicYhQzgHBlkzgYP9gDEFLtggrxvuqDicFLiaL1mTzpsNNh6dmanWmb8ibAj7q6C2aDSzPVKKU7kc/0', 'faf08f18501bcb910150bbfb37d503a8');
INSERT INTO social_login VALUES ('oOuAat0VEL4bLNcUAiQhjECcC8v4', 'http://wx.qlogo.cn/mmopen/Q3auHgzwzM7fQStmaVEMcaYLeTFu95A7f3TusjwoMQkgan99N6xePfoH8qz7DnPicnHSiaLbV0ickd0bao2T9OH5w/0', 'faf08f18501bcb910150be0d4651040e');
INSERT INTO social_login VALUES ('oOuAat14KAzLDsjqSJwSdB5jJSM8', 'http://wx.qlogo.cn/mmopen/exsartTkz2JIUr49rA6fDqI0ymIOyHeocics0TYiarJFeeRCPaSNSYREZqIjmicr7XzKubaTPnu08b07p9rLhtIcpFYK4ibNicnkz/0', 'faf08f18501bcb910150c84811ca05ef');
INSERT INTO social_login VALUES ('oOuAat14y6RoUN4rgQkuBAaleoHc', 'http://wx.qlogo.cn/mmopen/exsartTkz2K0ibLqyaHhKOHn7doWDjmYODK3K5ajQceEbSib4PMibDjd8Orp7pCrLZdmSicgtEqTPsX3WEasJTzbyw/0', '000000004b1fafb1014b1fcf8dc50001');
INSERT INTO social_login VALUES ('oOuAat1liNUfnA71DjBosNp6MVfc', 'http://wx.qlogo.cn/mmopen/qJKKEcBYqENXSlibWwsL28aZ66ony5swIlxrtMfDNZqZU1PdeUkHxoVOPnnl4qtLsKX6OwTkMjnIso8YeS6x7juWeb87HZEyb/0', 'faf08f184d9d2b2f014d9d6fbbc10006');
INSERT INTO social_login VALUES ('oOuAat1Xev7ikojMPjubSTR14iJA', 'http://wx.qlogo.cn/mmopen/Xewa2JUmZ1psopVtSLg9PniaVa9micRK0yfllkL8G8SXkQh5MbaA1PaOia90auX7LhMtbbeD9rlPblcj0XUl5cA3LsKxIwlNq1O/0', 'faf08f18501bcb910150ae21357f0264');
INSERT INTO social_login VALUES ('oOuAat24cA-L6RNZr-n1Y68rKNEA', 'http://wx.qlogo.cn/mmopen/exsartTkz2JIUr49rA6fDjKhwGW42hPAStdb6D3HpUDyDDSQgxIH7EAo1t6ZAy6ge0KUxoS5FgV6b0SuVYvxXqZ67QMicsvIA/0', 'faf08f18501bcb910150c81d39df05bc');
INSERT INTO social_login VALUES ('oOuAat29Jh89rXOGHckTW7Ndqe_Y', 'http://wx.qlogo.cn/mmopen/Q3auHgzwzM5ibhnXs8f0wPmnCKJEaQHddrAhjxHZbmsib8lCNj1xibJa8Z4pGV0HGO0ia7BTiapG0CMnsicFg6AtTBsg/0', 'faf08f184d9ddaea014d9f24e952031b');
INSERT INTO social_login VALUES ('oOuAat2D6WsPT-8SJMf4-3LuS44k', 'http://wx.qlogo.cn/mmopen/GRFEtHXoXyj3gKf8ISyTnDRRY6q8OC7eZvoWP7YHYMEa4P1LzX87JWtSa7UO5oamWU2fKFVTG8LdRNWpSE9TatN4nQy0YL8R/0', 'faf08f18501bcb910150ad4d23d30221');
INSERT INTO social_login VALUES ('oOuAat2dEBAq7GCbC6OZMv4WsHrA', 'http://wx.qlogo.cn/mmopen/ajNVdqHZLLBGSEmcsCfmrXXvm15uI8pYrqIicQZg3WcZB27X8u9wP4s0k8wfbFvtnSvfGlC9h4b5qHziaH7UZq6Q/0', 'faf08f18501bcb910150ad44f0ce0212');
INSERT INTO social_login VALUES ('oOuAat2GgRSqRsdA35aTmrskkLDw', 'http://wx.qlogo.cn/mmopen/Xewa2JUmZ1pNvdhHmN45aRtTlS9Znua1svKPbt8Jrq3NNXqYnM2VTdwuejDuphtmhF6tB2QYicIGMvLm6ibNqXXE1ofV31p4mq/0', 'faf08f184eafa2f2014eba682e59000a');
INSERT INTO social_login VALUES ('oOuAat2h54PBgkPJdLj7yy7UgUSI', 'http://wx.qlogo.cn/mmopen/ajNVdqHZLLAxfhFs0aQPdFMWUic9d5Mjm6icvBHdaiaBZiaiaxW8cDIKCA9fD8NwNTB2p7m5ibibZLTw5O1SCwQM3iamcw/0', 'faf08f18501bcb910150c814b5620592');
INSERT INTO social_login VALUES ('oOuAat2PM5UhchG9nDnUE3vPVxbU', 'http://wx.qlogo.cn/mmopen/Xewa2JUmZ1of8exNiaaOEjoJCKFZn38qe10nicjgX6JV82AG6KpryfcvK64jdhWVl0T8Viat6PeiaLU6lwYIu4zzcA/0', 'faf08f18501bcb910150f1368184083e');
INSERT INTO social_login VALUES ('oOuAat2TsH9rSofxVufhzz3Aa4vA', 'http://wx.qlogo.cn/mmopen/Xewa2JUmZ1rLFuIES0E85BKDNKBtdc3AY0LJGibakEL6D7uVTmJibChsqGHNClC1cVOIG9pLjqKLFRYFYSc7AnjA/0', 'faf08f18501bcb910150c7b4719f0534');
INSERT INTO social_login VALUES ('oOuAat2V4d9PvpnwnV0A-RJG4FTE', 'http://wx.qlogo.cn/mmopen/exsartTkz2JIUr49rA6fDt7yk74LfjUIUpFtO4V4Rg6Zj1BEL23Hm8oZ2nyDnNbmzibAyDZYexsPcZGcToPFEzTh3ibqdtibjFT/0', 'faf08f18501bcb910150acf3acc801e8');
INSERT INTO social_login VALUES ('oOuAat2V9anOTmcDEr8lxn4b4Ijc', 'http://wx.qlogo.cn/mmopen/Xewa2JUmZ1oYdzuFiatboF5liaiarNn3HKkp2JKo3kekrOJiaZ8G735pSruDDsT1FTgZI4Uxp332cnAiccHBlpnmIzA/0', 'faf08f18501bcb910150cbba9d3b062f');
INSERT INTO social_login VALUES ('oOuAat2VqBMMb1ngpWbGA2qyGHLI', 'http://wx.qlogo.cn/mmopen/ajNVdqHZLLB4xrnDc9B9ba5MkibvZ3VFReC4HX4FJhgibeZn58tpoTaRuPMscLicnYtLd0ywEx6rayo5XmhAtmBPA/0', 'faf08f18501bcb910150aa575e020139');
INSERT INTO social_login VALUES ('oOuAat34eQyJ7Mq-2aLqk6QlBJVg', 'http://wx.qlogo.cn/mmopen/exsartTkz2JIUr49rA6fDrZY4Giaq1qr5HwCQVnWenc7hygan1fCADlHtcQExfzTKBBjete4r6OwCnWdth0YLH3ut79VMQiakT/0', 'faf08f184d9d2b2f014d9da4e8470008');
INSERT INTO social_login VALUES ('oOuAat3aMWjBJVX8O5_xjpuFwtBU', 'http://wx.qlogo.cn/mmopen/GRFEtHXoXyj3gKf8ISyTnFqq5s18N5Z99FMVCLHhniaJJoXOzR4IteH8VicEXQTojNmc0iaOibfpOMgvHYjhicFIGqVEWgK9FkB71/0', 'faf08f184b57cadd014b58b9c51c0001');
INSERT INTO social_login VALUES ('oOuAat3b2PclvoM54J04vTU_ayvM', 'http://wx.qlogo.cn/mmopen/PiajxSqBRaELgHERb7dRxog3LMu2bbCYVEzrmbjlCqArVNbIZJicbYCB7ic3cTtmrgT7DqJU6hHp1TicZZst8kh84Q/0', 'faf08f18501bcb910150e5e5c7ea0796');
INSERT INTO social_login VALUES ('oOuAat3dV-Kwjo-Shszqzt_toG1Q', 'http://wx.qlogo.cn/mmopen/GRFEtHXoXyhDdI3CtyVJsL7WZbuKCUcnEQB0icADsaydmj1smv3rTdawZDiceoo6hje713Bkffpnr5nyCuVUEiamqV8oG9z4u5n/0', 'faf08f18501bcb910150c25065040486');
INSERT INTO social_login VALUES ('oOuAat3je6JEOwVkWhHLzP3E9sBA', 'http://wx.qlogo.cn/mmopen/qJKKEcBYqENLAq3SUj9YH9aQ7C63Legv9ZXhl96QQUPRObplDfuqG2tWdFHXxeT0dqSo2qHjJ2NvMBfhLZozEFBZ2zY3y0xh/0', 'faf08f18501bcb9101509c62794b00c1');
INSERT INTO social_login VALUES ('oOuAat3NQuY9B8n4CeApgOrXeNXQ', 'http://wx.qlogo.cn/mmopen/HcVrBiaAgxOx1bzVibLTSRjn6Zv4MmZFW5SN4UjyiaVgLpfKChmqHxvibEJAGkYIUl5mZH0EtEe3lhkDeFdTdUepDxJyPc1kh0Hr/0', 'faf08f18501bcb910150c53fba2704d7');
INSERT INTO social_login VALUES ('oOuAat3SLNjngI4eHJvF9yHEtFBc', 'http://wx.qlogo.cn/mmopen/ajNVdqHZLLC1G84vVT51BDfaVhK3xWVJmINkqT5qEFLRZF25H1fY4U6OYS3hia5iba0jpDicqVfzecVjQrZt9cWXg/0', 'faf08f18501bcb910150c816abe605a7');
INSERT INTO social_login VALUES ('oOuAat3swT1u0N1C3_ISxjYER9e8', 'http://wx.qlogo.cn/mmopen/Xewa2JUmZ1oOzSoKyxOLuVuCGTbPJ0JUhSlBtSr15sOrFMEwJSfibmI5XygWibveicCS9z2CZGHSiaCMgEJZjeh9YA/0', 'faf08f18501bcb910150c8181ef105b3');
INSERT INTO social_login VALUES ('oOuAat493D40PyNT4Nli1gmbfb6g', 'http://wx.qlogo.cn/mmopen/ajNVdqHZLLAiblJ5m14QtbuU5pgRMJdftbEb8gXERAAuIjY8K3fxmkklcwnhyCC0fOZmCLQEMulr9j5Wlp2DkzA/0', 'faf08f184d9ddaea014d9df97b7c0063');
INSERT INTO social_login VALUES ('oOuAat4lNM7H6hCjOv_K58hM5mjA', 'http://wx.qlogo.cn/mmopen/ajNVdqHZLLBWVZ8oqeD9GfE8kDYRtGNv2k5lZnTAMeJUZnFLnAbZe58oVvqQibHJ6T45yo8wSD24Z530nJhHfBw/0', 'faf08f18501bcb910150ae2099b40261');
INSERT INTO social_login VALUES ('oOuAat4NXJreygzj7RFmN6XvnzJs', 'http://wx.qlogo.cn/mmopen/Q3auHgzwzM70p2aKlyhb4AF7qssf1GZeOEnbCmYtQtGgdHCjjWW37u2IWjKqcqqsM3CLZtXhFl1vibKCa90qNJdnFMr9utyKtVtBrU9gzsLY/0', 'faf08f18501bcb910150c822096b05cb');
INSERT INTO social_login VALUES ('oOuAat4QhGY0UlzgVZix--Rp0c7M', 'http://wx.qlogo.cn/mmopen/ajNVdqHZLLDiaBbqnO2ib5GUN2CKHPCbGdyribzTXvibyHugXK9qTc8DB73qGibNZLPugUg3hJnOXmRb3mvWjYGoeibA/0', 'faf08f18501bcb910150c1af75ff044d');
INSERT INTO social_login VALUES ('oOuAat4Wtz4qY0TViIIAdkSRsMRc', 'http://wx.qlogo.cn/mmopen/qJKKEcBYqEPxRjcfB0fsvUAItKsicWZ73xn1yhMKfIXYwBM2dw5ib0Rtd2sOwlJX53xbVVsR2YPFjCyKuPE6t9cxAtxZpa62LS/0', 'faf08f18501bcb910150ad4128fc0209');
INSERT INTO social_login VALUES ('oOuAat4xEqZv4L-A7k6OwgcbFrz0', 'http://wx.qlogo.cn/mmopen/Xewa2JUmZ1ox4ASJpo48NZSZbnRExDO6oKKHYlC8UZAySK6LLpWw4BmedibV2xSmT8tSQliciavRcxXD4h3C9lSVQ/0', 'faf08f18501bcb910150b3c0cea10327');
INSERT INTO social_login VALUES ('oOuAat4XmS1_LDOz22MyR_GVlFas', 'http://wx.qlogo.cn/mmopen/qJKKEcBYqEPM3ujSTR8VBtEcgUk8Z3NwFt5xHspCicbXSPcBsCbmRK6icVpAvDC7dsWEZgYiaUW35DS7a1WzjwfHZcw02zZyCn1/0', 'faf08f18501bcb910150b6bc07850337');
INSERT INTO social_login VALUES ('oOuAat4YK9D-qVQ-TG1afnKzkXhE', 'http://wx.qlogo.cn/mmopen/PiajxSqBRaEJmLCkCjOIuWz6mvbcRQtLAZibjWiaSbe8ZNibJhOPGI9ZKYKN2TUE6BXbFEFHicDg70Gia6yzyWA2ZpPA/0', 'faf08f18501bcb9101508e0dc1200075');
INSERT INTO social_login VALUES ('oOuAat4_ifbooKNom40WJJZ5YVe0', 'http://wx.qlogo.cn/mmopen/ajNVdqHZLLAwVErNbUN5bpyKXnRjqicqkxeohcgk0KggDoInx42icPqs61lZHI6DzWTStStnLWouZF5Q3dr9Vutw/0', 'faf08f184e438dab014e51d75f4b010a');
INSERT INTO social_login VALUES ('oOuAat57_EvFxiG6WXxpIndwjd7w', 'http://wx.qlogo.cn/mmopen/PiajxSqBRaEJtGnp6gudSDN8icc4FwAzVYcCYmIJWFO1duDbvcpqbj1rDLcE43pdjPnWQrnDQZdRcT8ao8qvv4rQ/0', 'faf08f18501bcb910150e61ec8e307a5');
INSERT INTO social_login VALUES ('oOuAat5BJc38YvQEppUjfCO0OFOQ', 'http://wx.qlogo.cn/mmopen/exsartTkz2Iu0pGib9kHWMqHxepFkyNhIDdn0myBZHziaqJ27Y0qic9eGDA50bTxI4jL4ruKShjfBmCTZqnAhp6Vg/0', 'faf08f18501bcb910150bd776e6203ea');
INSERT INTO social_login VALUES ('oOuAat5d1Gqpfby2eBTMCcE25cuc', 'http://wx.qlogo.cn/mmopen/PiajxSqBRaEJ8x01KDnKIQIPcd1GqLIuUI79EicTgbq6CN1iaYiceGo76ebNWuIUNz5A41nTVlROSibtZAzgydicr1EQ/0', 'faf08f18501bcb910150b79852d20353');
INSERT INTO social_login VALUES ('oOuAat5lACK-MspdX8BY9feKNZNM', 'http://wx.qlogo.cn/mmopen/Xewa2JUmZ1rNUrzWEN9viaYAnzgNZzy5yic46oOe5y8qdjrgYw4g3RQeLBuFElI7ygfFXh5pibsibQ1rQ3fBIKiaIFQ/0', 'faf08f184d9ddaea014d9ddd3a860019');
INSERT INTO social_login VALUES ('oOuAat5NWFtw3IbFlWX6SesxSomc', 'http://wx.qlogo.cn/mmopen/exsartTkz2JIUr49rA6fDpQQ1otmhVibA5OtR6f2qcPgb5eNubDHibAuqceel68UNOZBCdvY2py45DlexwxdsCg3Z57nAG2rpl/0', 'faf08f184be41285014c0b053c790022');
INSERT INTO social_login VALUES ('oOuAat5PN8vPs-Fp0eBAxoxm_pJE', 'http://wx.qlogo.cn/mmopen/ajNVdqHZLLAbWia2rSuUf3zpwY8wwo4uoD9ptRgCDEGfbAKSgGO9tqK5OBltfmFz1kFSibw1cayzGAVwSPTCmHGg/0', 'faf08f184e438dab014e57c19f8b0120');
INSERT INTO social_login VALUES ('oOuAat5vCjFagrqh4HxfWOtn4BLU', 'http://wx.qlogo.cn/mmopen/POSGZzgOEA1e2zRD0BUZJagwhIWibPtQDNdKJibE1UjPpAFmbXPALC3kiaRR9tibiayZ9UWltb4NEVaiaps9ibnr1uI6AgBCcOsutEO/0', 'faf08f18501bcb910150e62782f507ae');
INSERT INTO social_login VALUES ('oOuAat63l1-t-HzJFd3mcgMKk6vA', 'http://wx.qlogo.cn/mmopen/ajNVdqHZLLDibqSW9AdyY0g5rcDmfnatm99WpXJzm23PFTXA8VWiadrricsibQ3yCnfMsnMLib4OibVgldwr1kOOicjuA/0', 'faf08f184cff8c09014d98302f540064');
INSERT INTO social_login VALUES ('oOuAat6Asimhr7qdxH5e84TShLuQ', 'http://wx.qlogo.cn/mmopen/GRFEtHXoXyj3gKf8ISyTnE9YpqJF8ds1oMZqkZwwsPZ5nkreDRwcklovBZnicoCkNickINO4APsmBViaw9nC0nfT6NibGT1rsQZI/0', 'faf08f18501bcb910150c7369da70522');
INSERT INTO social_login VALUES ('oOuAat6cSm62K1NjK-O36MrQOrTU', 'http://wx.qlogo.cn/mmopen/exsartTkz2JIUr49rA6fDntK01278us8ibIgcndLVPDFIcrPlDxicBnLYNsNMsLmZajQsBxib96vEHPcspU23KdL2ibG9yw37OYO/0', 'faf08f18501bcb910150acf3556101e5');
INSERT INTO social_login VALUES ('oOuAat6j_SiyYs5UnLsQYkdYtSJE', 'http://wx.qlogo.cn/mmopen/GRFEtHXoXyj3gKf8ISyTnOkQqOZO023E34m9NADg8lGZPrPM3oo9YgEKSylkKSticnuOvp2lCF7znpGYMluDKUicpAyjqeTIgf/0', 'faf08f18501bcb910150e154cbad0724');
INSERT INTO social_login VALUES ('oOuAat6k2Y9cJj-wwB09E9lk0Qjg', 'http://wx.qlogo.cn/mmopen/ajNVdqHZLLB5dmToAtU96gGWK5aIgI7XrBcaXp9qg0lib4BPHDaj0Kv2OvK7d6PeBPtDDAARiaibudXy8ibXZ9vf2Q/0', 'faf08f184db4d1d5014dc1b37b440020');
INSERT INTO social_login VALUES ('oOuAat6LY7KCC_GaRYh6DMQE5UEA', 'http://wx.qlogo.cn/mmopen/GRFEtHXoXyj3gKf8ISyTnCvoFOtlWRN5XnM19iatdy0cBuIvXtiaAtheQWgGnvLRo4GYNGnBUhLcpR2QMab5bMtHeCv4QajbDG/0', 'faf08f184db4d1d5014dc7933767002c');
INSERT INTO social_login VALUES ('oOuAat6rkNL_m3roz4kyNpFrKy9Y', 'http://wx.qlogo.cn/mmopen/ajNVdqHZLLAdOBZoXZXGIibdBic2gbsoTSgFEgvN7DDWLprMs8fFmCia3zlVNjnibCUarGKM9ibM3UQHeH3fmDQrUhg/0', 'faf08f18501bcb910150cb587cb00626');
INSERT INTO social_login VALUES ('oOuAat6wKZ2h0iVxFN1P5xhS9lno', 'http://wx.qlogo.cn/mmopen/qJKKEcBYqEPM3ujSTR8VBvlUtb3F4W7ziat6hKCnUP3eQHXtKnPowuiaAxAxzxbm5e9JJJkDOpYibJWL5fNmERmWnWZ9tpEvqwV/0', 'faf08f18501bcb910150c8e89a78060e');
INSERT INTO social_login VALUES ('oOuAat7c9rDPHCCijgGmIBBl3xCM', 'http://wx.qlogo.cn/mmopen/exsartTkz2JIUr49rA6fDniadPkYoyNElPG7Tqw2hPDg4BuRE57FyZolbFrwJkd3fG63qtoIewOVzJsI7EKQxkuAMC4LAnecQ/0', 'faf08f184fd9cd23015002d8234b0106');
INSERT INTO social_login VALUES ('oOuAat7K9hIuKCotTRc0Bly-GhsU', 'http://wx.qlogo.cn/mmopen/qJKKEcBYqEPWDao4nm1NepYgZMibiblwIoNvqa8w2fWlCwI9qrEPlAkZFs4P9YGPJSlicaAwEXWlhLjJ0d8yWbw59wFjkfrGvWJ/0', 'faf08f18501bcb910150c7ef28350564');
INSERT INTO social_login VALUES ('oOuAat7oSCT5zbNeJ5o0vPD0MFkM', 'http://wx.qlogo.cn/mmopen/GRFEtHXoXyg1t6zPlDSzEaR80cpkBRyfsMCagDafib7MciaprmOiaibylHKsxSPQpibds5anZ8YdrkQvJXyLlkfK72mG6VIGL4YT2/0', 'faf08f18501bcb910150c7f80bb70570');
INSERT INTO social_login VALUES ('oOuAat7pcQYkeK2JDr9rjEgZIurk', 'http://wx.qlogo.cn/mmopen/qJKKEcBYqEP02CLZw57p9cvyyR5ua9w6Y9WhNvJcCNDJzlPFE0Hic2XQjm24icyIcVKfp9tRt4ySPD5hAI9libxYAoLicibu5ho3F/0', 'faf08f18501bcb910150c87569330602');
INSERT INTO social_login VALUES ('oOuAat7T03b0Wz0ykPvc79ddGYSY', 'http://wx.qlogo.cn/mmopen/Xewa2JUmZ1psopVtSLg9Pia3HwEibYrHibdibJwYOicyLaHeY2jFzHu7cGQBkCpmdNaNicLb798JoQDP9XCl0UsOpxrVib7EL0YV7eib/0', 'faf08f184db4d1d5014db7f8ebf40006');
INSERT INTO social_login VALUES ('oOuAat8826fc3Yp0KnxucBSPwUTI', 'http://wx.qlogo.cn/mmopen/exsartTkz2JIUr49rA6fDgNhJA1csV1YS3fbbutFRiaunia2aGBYVc5Zdv9miajJ80RKJiazCHMGJPQ4ib1noFmxGHzXFWtOAQQz5/0', 'faf08f18501bcb910150d170b19e0683');
INSERT INTO social_login VALUES ('oOuAat8A0wm1peLJU2KC3nmzYbXY', 'http://wx.qlogo.cn/mmopen/GRFEtHXoXyj3gKf8ISyTnKOVUWogAic71p9QzrX96YkqLNKl9bsia3UtXfpKrh5iaxOj5pXllILY7xqL8tgtt3w11NLpkz4V6Vp/0', 'faf08f184d9ddaea014d9e095e1f007b');
INSERT INTO social_login VALUES ('oOuAat8D_YbIPpoDVPuAWLWbBEVU', 'http://wx.qlogo.cn/mmopen/Q3auHgzwzM4ia4FxF0ot81CsoInL5OZIPdv7nk667e2Ot3Gz9GjxIic9f3M1JrXTZGSNRYSzc5E5lE08w93fJJYA/0', 'faf08f184e438dab014e60ae0336012f');
INSERT INTO social_login VALUES ('oOuAat8hLIB6vMuiNwECacKa6Fvc', 'http://wx.qlogo.cn/mmopen/exsartTkz2JIUr49rA6fDhJBvUBuAmjxu5viam7rrYQkrzXqcNrcmewa0ky4HVxf8n9ajfQZLgRkBYjejjh9cdHS4jOV3geX0/0', 'faf08f18501bcb910150acde29e701d6');
INSERT INTO social_login VALUES ('oOuAat8jrMm8N48bP8ObNYNpNSSA', 'http://wx.qlogo.cn/mmopen/GRFEtHXoXyj3gKf8ISyTnEc4hTOB0l4RfuTxg6XXTsMpQy9RdjfSGjQCLGmSdmIhCOQ5nCoGmPSn0qY0OAZ6a0ThYYlAN5mt/0', '000000004b213cde014b34c1bd68028c');
INSERT INTO social_login VALUES ('oOuAat8PcHn6b_C1VSxEFXoLXC08', 'http://wx.qlogo.cn/mmopen/ajNVdqHZLLA1mia6N9tvoNyFYb6A81RfscJQtV0SFzFcr6O6rib36balicnBKAI2m5jRZYUwGU5d0dlfpUNQQxQyPzq9wRyMAoYHI4r7m0nuHU/0', 'faf08f18501bcb910150adb6a49b0252');
INSERT INTO social_login VALUES ('oOuAat8rXLKn4KWkI3kJP3iY5OVM', 'http://wx.qlogo.cn/mmopen/exsartTkz2JIUr49rA6fDjcD6ggwg0QJqIwYZ79fZ8GO9MIflMc7t23yAFVQmJrkXuN1HcIPgiabqk1LuH3KgbkbCpP0MR5dR/0', 'faf08f18501bcb910150c2721ee10495');
INSERT INTO social_login VALUES ('oOuAat8zzyba686MBx9930W0KOoc', 'http://wx.qlogo.cn/mmopen/exsartTkz2JIUr49rA6fDpsGtphTibpTpbOMIlibuKaic8c4efBoJ3F0JTFIQKawS7ndHm2CR5tLEXfbUdA56MoTMpmjmahbNvv/0', 'faf08f18501bcb910150e14b1d2f0721');
INSERT INTO social_login VALUES ('oOuAat9fNzTrEORwa01yiksAEL90', 'http://wx.qlogo.cn/mmopen/PiajxSqBRaELavPl0eFRrcaoPtXchR35zv5prBpLC67U8cMM1g7icPFnL65a3G01auWruR6Ky4u8A3giczn5aWdKBAtq3BrO7xLu8icXwk6HpM8/0', 'faf08f184d9ddaea014d9e1aee04009f');
INSERT INTO social_login VALUES ('oOuAat9NYrLG7IaBzlix9iIBdgBY', 'http://wx.qlogo.cn/mmopen/iaepSECPy4bppkrLUeZB7lCzrvBbKCDofPkURzw0umToOibEziaCsCmKkoPPfAnN79pYhcykNvtARb45iaVpJwnn9r4LXlkpQfUq/0', 'faf08f18501bcb910150ab94798d0142');
INSERT INTO social_login VALUES ('oOuAat9oDQzwwhf0NnhwnmG1sZPY', 'http://wx.qlogo.cn/mmopen/GRFEtHXoXyj3gKf8ISyTnBKqdxqIzCFF9wNswOGhib2R9jJakNb9kgW1icnyaKumktymrr8uYOgZsRoa8bH2O5edjPrvATGIaK/0', 'faf08f18501bcb9101509397e5ef009b');
INSERT INTO social_login VALUES ('oOuAat9QDnx35To_MXLnbL0Sh1JE', 'http://wx.qlogo.cn/mmopen/ajNVdqHZLLDic6IdTwMriaLbic6YVEEOoGykLdVEmFRk48sf5CrC4QOAic3ZPlTS0ut3ibMTS2fo331xKz7QCKSABtg/0', 'faf08f18501bcb910150c82f836a05d4');
INSERT INTO social_login VALUES ('oOuAat9ri8HzmJKHN5JofxRXtsAw', 'http://wx.qlogo.cn/mmopen/GRFEtHXoXyj3gKf8ISyTnCqYJ9rZoNUZ6icQPuBmeJe8P7QudVeiava4MEvRUunl2DqGn6PCFicmXPSMqXicyoG9icpbf0E2ftINM/0', 'faf08f18501bcb910150d69e42a106be');
INSERT INTO social_login VALUES ('oOuAat9tus8UYFV09PQWDxty-bg8', 'http://wx.qlogo.cn/mmopen/qJKKEcBYqEPM3ujSTR8VBmZteunCgETUUTqGvNOsVjgjcUJ1w22pBXWtPRiciaefUKQibZppHG9zelPibv9ggkWzBaXXyHz8pjoib/0', 'faf08f184eafa2f2014ef69839930021');
INSERT INTO social_login VALUES ('oOuAat9Zc3QOeUuBmda__xfmHWxU', 'http://wx.qlogo.cn/mmopen/ajNVdqHZLLBROJGg8ScKUJTu3lgtKSOfQjltibV2rVSoVU7GCiaFoSeGUYE47oIG2deTv97cCjhkhseCgXKWHuTA/0', 'faf08f184e438dab014e57c00e6e011e');
INSERT INTO social_login VALUES ('oOuAatwcahrIxwn8viCEvKT8IxhQ', 'http://wx.qlogo.cn/mmopen/HcVrBiaAgxOx1bzVibLTSRjq6KDR5qV1xM4IR02SrKoq9T73Sfv0JkzwxmbWWnO8c9hsjJG0EicVONXdxq3W6kL80ETO1JDu1ap/0', 'faf08f18501bcb910150d2af464e06a7');
INSERT INTO social_login VALUES ('oOuAatwiS-mPlGxqUa341JZe1s1A', 'http://wx.qlogo.cn/mmopen/Q3auHgzwzM52yamB3TAqTianZNeWCEZrgwnrtbOCCv7uofVE5Scfukp4z2cPqhxGAj5gccWbEv8XXR5nicKhHnVQ/0', 'faf08f18501bcb910150e1277475071b');
INSERT INTO social_login VALUES ('oOuAatwpF1JMM0KC6fZCB1RFzmO0', 'http://wx.qlogo.cn/mmopen/exsartTkz2JIUr49rA6fDjZQHzLxX4xhF01KC5hGqic1sUHA18WTGk6zVcffLcOicPib0RzFbU1HA2zwK1AVIFqfmviaaUicmFvRY/0', 'faf08f18501bcb910150c6905e770504');
INSERT INTO social_login VALUES ('oOuAatwuO0vrLFUN-PFZvO5mswjE', 'http://wx.qlogo.cn/mmopen/Q3auHgzwzM5I5XvRbJCEM2VJicQYmHQpbDV0Ls2KPLBvibW7aVS7UticFdns4hlsdklMav7fPWbx9z6u5Cf9eTRbg/0', 'faf08f18501bcb910150f12a5e940838');
INSERT INTO social_login VALUES ('oOuAatx1OvvobgM9sMKDvB2TF5Hg', 'http://wx.qlogo.cn/mmopen/ajNVdqHZLLA5qoKkzWdXoMxibricxn3CLJChyr8y1ZiaVKhN7piaSWL7crvHBCfxtAVJRtdRceicFPd8TszEwFIpLF1Mzr3Q5iapJwJe2jMMic7Cjc/0', 'faf08f18501bcb910150cb587cb00626');
INSERT INTO social_login VALUES ('oOuAatxAd4pWZf8MjBs7yMDBw9nU', 'http://fake_icon', 'faf08f184fd9cd23014fee0e3e6900e9');
INSERT INTO social_login VALUES ('oOuAatxFlzZLtxBkGB0CbZgJInHo', 'http://wx.qlogo.cn/mmopen/exsartTkz2JIUr49rA6fDiabxjZ30NszbEObktgg7u2tqIkmTDpWkicmX6DAUrATgV5I2vIVNGicDqGQQwtLI4HZRq5CtkWHVyT/0', 'faf08f184eafa2f2014f9d2d6f0703e4');
INSERT INTO social_login VALUES ('oOuAatxSA7orX-cX1Dy1G4BKbf_w', 'http://wx.qlogo.cn/mmopen/exsartTkz2JIUr49rA6fDp1KVowCFrmM7ib8QehpRlibe8LqJ44rh1bYBGf4vicQHcdr0iaN3jiakezuoS2lmOjrpOvzC7e67QIpz/0', 'faf08f18501bcb910150db2c6a4206ea');
INSERT INTO social_login VALUES ('oOuAaty4NX5WfmjN7rIjYydtqH_M', 'http://wx.qlogo.cn/mmopen/exsartTkz2JIUr49rA6fDrra8zxDt0DIVpLGXYnDg2gOw95ATKt6VpDHaNYuYVkUzSULIZZvZFnJdvdBjmhJP0I5pmEnDZqd/0', 'faf08f18501bcb910150b4472580032a');
INSERT INTO social_login VALUES ('oOuAaty4zceuQkrUkFUnFTWWTe94', 'http://wx.qlogo.cn/mmopen/Q3auHgzwzM7C5OzovgicsWMr63BDlKdswrGzd1s5vficxBQhntBtS6P3dvCdyg9diciaQzQF8Tw77dHYHzKV1GpQZQ/0', 'faf08f184eafa2f2014ef7ecf6c20029');
INSERT INTO social_login VALUES ('oOuAaty6vGPpqdJ3s_HQ7cISwlnY', 'http://wx.qlogo.cn/mmopen/Xewa2JUmZ1pNWRgxjdLQmIzhfyB8zPT3x2oB6MgO9z1MrKcsEtluauz5ztKpoMYKpJdZwGb1sjk0J51zKr5KRg/0', 'faf08f18501bcb910150c21326750471');
INSERT INTO social_login VALUES ('oOuAatyNcK4hmwEjSfle3jLgj23Q', 'http://wx.qlogo.cn/mmopen/Xewa2JUmZ1psopVtSLg9Ps0sHYgroThCXoOgpBFGMSgKuHSzKIia3ccicNcWINSdlGyDxo5tQ57SkZFztmtUkHxxLrSBvNNmdy/0', 'faf08f18501bcb910150c814d7710598');
INSERT INTO social_login VALUES ('oOuAatzHAmjPQ2ZGWYkG0rvLoUhM', 'http://wx.qlogo.cn/mmopen/exsartTkz2KXRNbqPM6JSsS9JARX26HgTyzdUmJaicxUJicibjM75dibMnsCVWXpDasyGDDriaQ93MiavpJvePNzE7PuCHl2EoVXxN/0', 'faf08f18501bcb910150bcae08e203bd');
INSERT INTO social_login VALUES ('oOuAatzisDjSxd0UoCz8QLc53bx0', 'http://wx.qlogo.cn/mmopen/exsartTkz2JIUr49rA6fDj8mONt10UbjNCchId9wrcNqBaHNwXdxa8qZN8SpEcFCjYG3g1bL84YsSqhzYo9u5GgXy9TxlMEn/0', 'faf08f184d9ddaea014d9ea4b1ab021f');
INSERT INTO social_login VALUES ('oOuAatzpdqrp9mDk79h2nFUVVTSI', 'http://wx.qlogo.cn/mmopen/qJKKEcBYqEPM3ujSTR8VBiaSxJzHvRwGMibj9IRA9NMiaJQmD19aHuEdEGgx9AQUKZ8VaiaY3nerMp5LvDRibTZYPNtR1viaHJSsqh/0', 'faf08f184eafa2f2014fa70b093203e6');
INSERT INTO social_login VALUES ('oOuAatztuNoLmYZYYLYQkaoQ-G5o', 'http://wx.qlogo.cn/mmopen/GRFEtHXoXyj3gKf8ISyTnNBeialKY54zbmpM4WIYic6dJib2XJiaa8vb8eyrIaAfbzFkFd75YTH7zyicibI83ib2SJ4HZ20RicPkCren/0', 'faf08f18501bcb910150e6caf81607cf');
INSERT INTO social_login VALUES ('oOuAatzuQ5oAZuE_g1GGx5Zn9Pe0', 'http://wx.qlogo.cn/mmopen/PiajxSqBRaEJcvgnQYibNvh18DsXnJWqGscjia531Fu7QECaUoH5ZP0ibiaTiazbicpw2wChmO9ciaibPgRR2jecfQCTKAQ/0', 'faf08f184be41285014c458ad91a003c');
INSERT INTO social_login VALUES ('oOuAat_CZ0cJGYsYyVj_qa_sN2Jw', 'http://wx.qlogo.cn/mmopen/GRFEtHXoXyj3gKf8ISyTnBw4Wvc6ic1urYzK1KUWMia6BVH1L1ia9L7QnhnEMEYMbegRKTuGyxtP7xrcode6zfXibAkte4W3eicNH/0', 'faf08f18501bcb910150b3745a570321');
INSERT INTO social_login VALUES ('oOuAat_erFn11gkc7kdAKbELFjpE', 'http://wx.qlogo.cn/mmopen/exsartTkz2JIUr49rA6fDriaEZvB37X9lvQ42AreK4CbA6RlKY0Tvyr272UE8BXIKBSQ0O7R3vp7RNq7QK0QM4SD8qwtENia8X/0', 'faf08f184e438dab014e533e455c0113');
INSERT INTO social_login VALUES ('oOuAat_LwXh8Gczl7SyXOokNaseY', 'http://wx.qlogo.cn/mmopen/Q3auHgzwzM7ibguUDeicL8Sr93ib09180gdkUCl8ib7Q8rJt4qXQXXAJ5yoOuYblP0ScicNpqEJ744mY0leQicBvWH7g/0', 'faf08f18501bcb910150bbe5481f03a2');
INSERT INTO social_login VALUES ('oOuAat_mj8iAqSdErvcMSCkecWOQ', 'http://wx.qlogo.cn/mmopen/GRFEtHXoXyj3gKf8ISyTnKLg5ZeohzKQCSsr40Y6nRKLUt8HgkI55U9punhyrqZyro4yLZujGSQt4tytlQAflSf6qU8YmNKB/0', 'faf08f184e438dab014e6d59377d02c1');
INSERT INTO social_login VALUES ('oOuAat_TkDAPB-seBRfTr85hdgT4', 'http://wx.qlogo.cn/mmopen/GRFEtHXoXyj3gKf8ISyTnBibVWuzEQCz7wHLlFazVfV1FgPpyFCQawGSwtiarIy6XziaPyJcibEF3YcoGVIhicCDUFJgrFibhk4ENC/0', 'faf08f184db4d1d5014db7f8ebf40006');
INSERT INTO social_login VALUES ('oOuAat_trBAyFeIqhwK8JGNJK0Vw', 'http://wx.qlogo.cn/mmopen/qJKKEcBYqEPM3ujSTR8VBgonQX4IdxZEUlLiaWNiaRtKtsP1jb4UrvgBjAlLIl6c9RpiacVTC09jCoushN3Ekv8NJ6J0QWBJeXQ/0', 'faf08f18501bcb910150c7f39744056a');
INSERT INTO social_login VALUES ('oOuAat_TZD8-GoLK5iZ0U2sH6WpE', 'http://wx.qlogo.cn/mmopen/ajNVdqHZLLAEy0NTgtYSIW5K5NskM7r3ic41mSKDW9AmSM7Z3pVfaeh6OITzQTmJFUqibcMF7YjoPStneficPYEcQ/0', 'faf08f18501bcb910150c809f67e0580');
INSERT INTO social_login VALUES ('oOuAat_waX0gXGl4Ix49ydurrK0o', 'http://wx.qlogo.cn/mmopen/GRFEtHXoXyj3gKf8ISyTnGPicemGNLay0gRRTvnlKsgUx5v1HmUDGjfDPs1zaQU7qxmhVJDWwotxxR5vSAQIAI394HmLRGnlq/0', 'faf08f184db4d1d5014e1f67caa00085');

-- ----------------------------
-- Table structure for `url_perm`
-- ----------------------------
DROP TABLE IF EXISTS `url_perm`;
CREATE TABLE `url_perm` (
  `id` varchar(255) NOT NULL,
  `create_time` datetime DEFAULT NULL,
  `deleted` bit(1) NOT NULL,
  `update_time` datetime DEFAULT NULL,
  `perm` varchar(255) DEFAULT NULL,
  `url` varchar(255) DEFAULT NULL,
  `role` varchar(255) DEFAULT NULL,
  PRIMARY KEY (`id`)
) ENGINE=InnoDB DEFAULT CHARSET=utf8;

-- ----------------------------
-- Records of url_perm
-- ----------------------------
INSERT INTO url_perm VALUES ('1', '2015-09-02 11:26:53', '', '2015-09-24 17:42:05', 'user:add', '/admin/user/add', '');
INSERT INTO url_perm VALUES ('2', '2015-09-02 11:32:03', '', '2015-09-02 11:32:06', 'merchandise:*', '/admin/merchandise/**', '');
INSERT INTO url_perm VALUES ('3', '2015-09-02 11:32:32', '', '2015-09-02 11:32:35', 'integralOrder:*', '/admin/integralOrder/**', '');
INSERT INTO url_perm VALUES ('4', '2015-09-02 11:33:08', '', '2015-09-02 11:33:14', 'shop:*', '/admin/shop/**', '');
INSERT INTO url_perm VALUES ('4040409e4f8cb0f4014f8cb60ec20003', '2015-09-02 14:19:46', '', '2015-09-02 14:19:46', 'role:*', '/admin/role/**', '');
INSERT INTO url_perm VALUES ('4040409e4f8cb0f4014f8cb95cc10004', '2015-09-02 14:23:22', '', '2015-09-02 14:23:22', 'perm:*', '/admin/perm/**', '');
INSERT INTO url_perm VALUES ('4040409e4f8cb0f4014f8cb994dc0005', '2015-09-02 14:23:37', '', '2015-09-02 14:23:37', 'url:*', '/admin/url/**', '');
INSERT INTO url_perm VALUES ('4040409e4fba997e014fba9b7c9b0000', '2015-09-11 12:13:16', '', '2015-09-11 12:13:16', 'integral:*', '/admin/integral/**', '');
INSERT INTO url_perm VALUES ('faf08f184ffeb9bc014ffebb7bf30000', '2015-09-24 17:42:23', '', '2015-09-24 17:42:23', 'user:update', '/admin/user/**/edit', '');
INSERT INTO url_perm VALUES ('faf08f184ffeb9bc014ffebbaf790001', '2015-09-24 17:42:37', '', '2015-09-24 17:42:37', 'user:list', '/admin/user/**', '');
INSERT INTO url_perm VALUES ('faf08f184ffeb9bc014ffebbe8920002', '2015-09-24 17:42:51', '', '2015-09-24 17:42:51', 'user:delete', '/admin/user/delete', '');

-- ----------------------------
-- Table structure for `user`
-- ----------------------------
DROP TABLE IF EXISTS `user`;
CREATE TABLE `user` (
  `id` varchar(255) NOT NULL,
  `password` varchar(255) DEFAULT NULL,
  `username` varchar(255) DEFAULT NULL,
  `create_time` datetime DEFAULT NULL,
  `deleted` bit(1) NOT NULL,
  `update_time` datetime DEFAULT NULL,
  PRIMARY KEY (`id`)
) ENGINE=InnoDB DEFAULT CHARSET=utf8;

-- ----------------------------
-- Records of user
-- ----------------------------
INSERT INTO user VALUES ('4040409e4f4a7076014f4a71b2ed0000', '123', 'test', '2015-08-26 15:39:46', '', '2015-09-02 12:49:09');
INSERT INTO user VALUES ('4040409e4f5d9364014f5d953eb70000', '123', 'fd', '2015-08-26 15:39:46', '', '2015-09-02 12:27:51');
INSERT INTO user VALUES ('4040409e4f63868e014f6387b4be0000', '123', 'zd', '2015-08-26 15:39:46', '', '2015-09-02 12:27:59');
INSERT INTO user VALUES ('404040e650b2fb390150b2fee3880000', 'live', 'live', '2015-10-29 17:47:40', '', '2015-10-29 17:47:40');
INSERT INTO user VALUES ('999', 'admin', 'admin', '2015-08-26 15:39:46', '', '2015-10-08 18:20:41');

-- ----------------------------
-- Table structure for `user_favour`
-- ----------------------------
DROP TABLE IF EXISTS `user_favour`;
CREATE TABLE `user_favour` (
  `favour` varchar(255) NOT NULL,
  `users` varchar(255) NOT NULL,
  PRIMARY KEY (`favour`,`users`),
  KEY `FK_70m8bqyyt9crijl38lxf7fk86` (`users`),
  CONSTRAINT `FK_aaegujra2nrtgl94ja7781jk4` FOREIGN KEY (`favour`) REFERENCES `favour` (`id`),
  CONSTRAINT `FK_70m8bqyyt9crijl38lxf7fk86` FOREIGN KEY (`users`) REFERENCES `jefen`.`userinfo` (`id`)
) ENGINE=InnoDB DEFAULT CHARSET=utf8;

-- ----------------------------
-- Records of user_favour
-- ----------------------------
INSERT INTO user_favour VALUES ('faf08f18508f683401508f6d39a50002', '000000004b1fafb1014b1fcf8dc50001');
INSERT INTO user_favour VALUES ('faf08f18509329a30150938bfe070007', '000000004b1fafb1014b1fcf8dc50001');
INSERT INTO user_favour VALUES ('faf08f18509329a301509390a3340008', '000000004b1fafb1014b1fcf8dc50001');
INSERT INTO user_favour VALUES ('faf08f185093c28001509d46c1d10017', '000000004b1fafb1014b1fcf8dc50001');
INSERT INTO user_favour VALUES ('faf08f1850b852520150c36b62680080', '000000004b1fafb1014b1fcf8dc50001');
INSERT INTO user_favour VALUES ('faf08f185093c2800150940bd56c0006', '000000004b213cde014b34c1bd68028c');
INSERT INTO user_favour VALUES ('faf08f185093c2800150940c85660007', '000000004b213cde014b34c1bd68028c');
INSERT INTO user_favour VALUES ('faf08f1850a3947c0150a89dcc3e0001', '000000004b213cde014b34c1bd68028c');
INSERT INTO user_favour VALUES ('faf08f1850a3947c0150ac1de61c0027', 'faf08f184be41285014c0b053c790022');
INSERT INTO user_favour VALUES ('faf08f1850b852520150c26934e30062', 'faf08f184cff8c09014d99877aa0009c');
INSERT INTO user_favour VALUES ('faf08f1850a3947c0150a98b30ae0010', 'faf08f184d9ddaea014d9e1992c10099');
INSERT INTO user_favour VALUES ('faf08f1850b852520150c369f46d007d', 'faf08f184d9ddaea014d9e78cfe901c0');
INSERT INTO user_favour VALUES ('faf08f1850a3947c0150a89e2b270002', 'faf08f184d9ddaea014d9ee02a4502c2');
INSERT INTO user_favour VALUES ('faf08f1850a3947c0150a8f441f90006', 'faf08f184d9ddaea014d9ee02a4502c2');
INSERT INTO user_favour VALUES ('faf08f1850a3947c0150a94f19a0000a', 'faf08f184d9ddaea014d9ee02a4502c2');
INSERT INTO user_favour VALUES ('faf08f1850a3947c0150a9572ca2000b', 'faf08f184d9ddaea014d9ee02a4502c2');
INSERT INTO user_favour VALUES ('faf08f1850a3947c0150a9578aa2000c', 'faf08f184d9ddaea014d9ee02a4502c2');
INSERT INTO user_favour VALUES ('faf08f1850b852520150c2545d870058', 'faf08f184d9ddaea014d9f1a71eb0303');
INSERT INTO user_favour VALUES ('faf08f1850b852520150c2576450005b', 'faf08f184d9ddaea014d9f1a71eb0303');
INSERT INTO user_favour VALUES ('faf08f1850b852520150c2585f2a005d', 'faf08f184d9ddaea014d9f1a71eb0303');
INSERT INTO user_favour VALUES ('faf08f1850b852520150c369f46d007d', 'faf08f184d9ddaea014d9f1a71eb0303');
INSERT INTO user_favour VALUES ('faf08f1850b852520150c8214fa700c6', 'faf08f184db4d1d5014de205f52c0056');
INSERT INTO user_favour VALUES ('faf08f1850b852520150c8228f7700ca', 'faf08f184db4d1d5014de205f52c0056');
INSERT INTO user_favour VALUES ('faf08f1850a3947c0150abb9832d0020', 'faf08f184e438dab014e57c19f8b0120');
INSERT INTO user_favour VALUES ('faf08f185093c280015093ea7bdc0003', 'faf08f184fd366a3014fd3fda04c0004');
INSERT INTO user_favour VALUES ('faf08f1850b852520150c36a3fd6007e', 'faf08f184fd366a3014fd3fda04c0004');
INSERT INTO user_favour VALUES ('faf08f18508f683401508f6be0480001', 'faf08f184fd366a3014fd446be92001c');
INSERT INTO user_favour VALUES ('faf08f18509329a30150938bfe070007', 'faf08f184fd366a3014fd446be92001c');
INSERT INTO user_favour VALUES ('faf08f18509329a301509390a3340008', 'faf08f184fd366a3014fd446be92001c');
INSERT INTO user_favour VALUES ('faf08f1850b852520150c25597c30059', 'faf08f184fd366a3014fd511dc480021');
INSERT INTO user_favour VALUES ('faf08f1850b852520150c36a3fd6007e', 'faf08f184fd366a3014fd511dc480021');
INSERT INTO user_favour VALUES ('faf08f1850cccd7f0150d15c6d4f0008', 'faf08f184fd366a3014fd511dc480021');
INSERT INTO user_favour VALUES ('faf08f1850b852520150c369f46d007d', 'faf08f184fd9cd23015009f34d85010b');
INSERT INTO user_favour VALUES ('faf08f1850b852520150c819432500bf', 'faf08f18501349e9015013aa83750008');
INSERT INTO user_favour VALUES ('faf08f18509329a301509349e3970001', 'faf08f18501bcb91015083369f07006c');
INSERT INTO user_favour VALUES ('faf08f18509329a30150934e093e0002', 'faf08f18501bcb91015083369f07006c');
INSERT INTO user_favour VALUES ('faf08f18509329a3015093504c1e0004', 'faf08f18501bcb91015083369f07006c');
INSERT INTO user_favour VALUES ('faf08f185093c28001509cd916100014', 'faf08f18501bcb91015083369f07006c');
INSERT INTO user_favour VALUES ('faf08f185093c28001509cd916120015', 'faf08f18501bcb91015083369f07006c');
INSERT INTO user_favour VALUES ('faf08f185093c28001509cd916130016', 'faf08f18501bcb91015083369f07006c');
INSERT INTO user_favour VALUES ('faf08f18508f683401508fd4dea90005', 'faf08f18501bcb910150900c0b0c0087');
INSERT INTO user_favour VALUES ('faf08f18508f683401508f6be0480001', 'faf08f18501bcb91015092b354c9008c');
INSERT INTO user_favour VALUES ('faf08f18508f683401508f6d39a50002', 'faf08f18501bcb91015092b354c9008c');
INSERT INTO user_favour VALUES ('faf08f18508f683401508fd2f90d0004', 'faf08f18501bcb91015092b354c9008c');
INSERT INTO user_favour VALUES ('faf08f18508f683401508fd4dea90005', 'faf08f18501bcb91015092b354c9008c');
INSERT INTO user_favour VALUES ('faf08f18509329a301509390a3340008', 'faf08f18501bcb91015092b354c9008c');
INSERT INTO user_favour VALUES ('faf08f18508f683401508f6be0480001', 'faf08f18501bcb9101509397e5ef009b');
INSERT INTO user_favour VALUES ('faf08f18508f683401508f6d39a50002', 'faf08f18501bcb9101509397e5ef009b');
INSERT INTO user_favour VALUES ('faf08f18508f683401508fd2f90d0004', 'faf08f18501bcb9101509397e5ef009b');
INSERT INTO user_favour VALUES ('faf08f18508f683401508fd4dea90005', 'faf08f18501bcb9101509397e5ef009b');
INSERT INTO user_favour VALUES ('faf08f18509329a30150938bfe070007', 'faf08f18501bcb9101509397e5ef009b');
INSERT INTO user_favour VALUES ('faf08f18509329a30150938bfe070007', 'faf08f18501bcb9101509d6ebcde00c4');
INSERT INTO user_favour VALUES ('faf08f18508f683401508f6be0480001', 'faf08f18501bcb9101509d9c778200c8');
INSERT INTO user_favour VALUES ('faf08f18509329a30150938bfe070007', 'faf08f18501bcb9101509d9c778200c8');
INSERT INTO user_favour VALUES ('faf08f18509329a301509390a3340008', 'faf08f18501bcb9101509d9c778200c8');
INSERT INTO user_favour VALUES ('faf08f185093c280015093ea7bdc0003', 'faf08f18501bcb9101509d9c778200c8');
INSERT INTO user_favour VALUES ('faf08f185093c28001509d46c1d10017', 'faf08f18501bcb9101509d9c778200c8');
INSERT INTO user_favour VALUES ('faf08f18508f683401508f6d39a50002', 'faf08f18501bcb910150a219f6f000ce');
INSERT INTO user_favour VALUES ('faf08f18509329a301509390a3340008', 'faf08f18501bcb910150a219f6f000ce');
INSERT INTO user_favour VALUES ('faf08f185093c28001509d46c1d10017', 'faf08f18501bcb910150a219f6f000ce');
INSERT INTO user_favour VALUES ('faf08f1850b852520150c27282580067', 'faf08f18501bcb910150a219f6f000ce');
INSERT INTO user_favour VALUES ('faf08f1850b852520150c6fd9f4c0096', 'faf08f18501bcb910150a219f6f000ce');
INSERT INTO user_favour VALUES ('faf08f1850b852520150c2545d870058', 'faf08f18501bcb910150a232752400d5');
INSERT INTO user_favour VALUES ('faf08f18508f683401508fd4dea90005', 'faf08f18501bcb910150a3461eb200e5');
INSERT INTO user_favour VALUES ('faf08f18509329a30150937c7f340006', 'faf08f18501bcb910150a3461eb200e5');
INSERT INTO user_favour VALUES ('faf08f185093c28001509d46c1d10017', 'faf08f18501bcb910150a3461eb200e5');
INSERT INTO user_favour VALUES ('faf08f1850b852520150c369f46d007d', 'faf08f18501bcb910150a866328900e9');
INSERT INTO user_favour VALUES ('faf08f1850b852520150c36a3fd6007e', 'faf08f18501bcb910150a866328900e9');
INSERT INTO user_favour VALUES ('faf08f1850a3947c0150a8f441f90006', 'faf08f18501bcb910150a8e6370d00f2');
INSERT INTO user_favour VALUES ('faf08f1850b852520150c2545d870058', 'faf08f18501bcb910150a903f88900fc');
INSERT INTO user_favour VALUES ('faf08f1850b852520150c2585f2a005d', 'faf08f18501bcb910150a903f88900fc');
INSERT INTO user_favour VALUES ('faf08f1850b852520150c374d4980081', 'faf08f18501bcb910150a903f88900fc');
INSERT INTO user_favour VALUES ('faf08f1850b852520150c6fc04ed0093', 'faf08f18501bcb910150a903f88900fc');
INSERT INTO user_favour VALUES ('faf08f1850b852520150c81b62d100c1', 'faf08f18501bcb910150a903f88900fc');
INSERT INTO user_favour VALUES ('faf08f1850a3947c0150a94ee19e0009', 'faf08f18501bcb910150a94e74d10108');
INSERT INTO user_favour VALUES ('faf08f1850a3947c0150a94f19a0000a', 'faf08f18501bcb910150a94e74d10108');
INSERT INTO user_favour VALUES ('faf08f1850a3947c0150a89d71ec0000', 'faf08f18501bcb910150a985df070117');
INSERT INTO user_favour VALUES ('faf08f1850a3947c0150a98ad0e5000e', 'faf08f18501bcb910150a985df070117');
INSERT INTO user_favour VALUES ('faf08f1850a3947c0150a98af486000f', 'faf08f18501bcb910150a985df070117');
INSERT INTO user_favour VALUES ('faf08f1850a3947c0150a98b30ae0010', 'faf08f18501bcb910150a985df070117');
INSERT INTO user_favour VALUES ('faf08f1850a3947c0150a98b56e00011', 'faf08f18501bcb910150a985df070117');
INSERT INTO user_favour VALUES ('faf08f1850b852520150c81e74d100c4', 'faf08f18501bcb910150a9bc7caa0126');
INSERT INTO user_favour VALUES ('faf08f1850a3947c0150ab8eb7b8001f', 'faf08f18501bcb910150ab8d9d21013f');
INSERT INTO user_favour VALUES ('faf08f1850b852520150c374d4980081', 'faf08f18501bcb910150abc11bd00148');
INSERT INTO user_favour VALUES ('faf08f1850b852520150c81bc79800c2', 'faf08f18501bcb910150abc11bd00148');
INSERT INTO user_favour VALUES ('faf08f1850b852520150c81ed54900c5', 'faf08f18501bcb910150abc11bd00148');
INSERT INTO user_favour VALUES ('faf08f1850b852520150c257e75e005c', 'faf08f18501bcb910150ac0045e00154');
INSERT INTO user_favour VALUES ('faf08f1850b852520150c36b62680080', 'faf08f18501bcb910150ac0045e00154');
INSERT INTO user_favour VALUES ('faf08f1850b852520150c81b170900c0', 'faf08f18501bcb910150ac0045e00154');
INSERT INTO user_favour VALUES ('faf08f1850b852520150c81b62d100c1', 'faf08f18501bcb910150ac0045e00154');
INSERT INTO user_favour VALUES ('faf08f1850b852520150c821bb5500c7', 'faf08f18501bcb910150ac0045e00154');
INSERT INTO user_favour VALUES ('faf08f1850b852520150c2545d870058', 'faf08f18501bcb910150ac060b7c015d');
INSERT INTO user_favour VALUES ('faf08f1850b852520150c2545d870058', 'faf08f18501bcb910150ac15e752016c');
INSERT INTO user_favour VALUES ('faf08f1850b852520150c819432500bf', 'faf08f18501bcb910150ac15e752016c');
INSERT INTO user_favour VALUES ('faf08f1850b852520150c81b170900c0', 'faf08f18501bcb910150ac15e752016c');
INSERT INTO user_favour VALUES ('faf08f1850b852520150c81b62d100c1', 'faf08f18501bcb910150ac15e752016c');
INSERT INTO user_favour VALUES ('faf08f1850b852520150ca598be500ea', 'faf08f18501bcb910150ac15e752016c');
INSERT INTO user_favour VALUES ('faf08f1850b852520150c2545d870058', 'faf08f18501bcb910150ac1d0adc017f');
INSERT INTO user_favour VALUES ('faf08f1850b852520150c81b170900c0', 'faf08f18501bcb910150ac2137650185');
INSERT INTO user_favour VALUES ('faf08f1850b852520150c2545d870058', 'faf08f18501bcb910150ac6c11e001a0');
INSERT INTO user_favour VALUES ('faf08f1850b852520150c25597c30059', 'faf08f18501bcb910150accc7aca01c4');
INSERT INTO user_favour VALUES ('faf08f1850b852520150c2569228005a', 'faf08f18501bcb910150accc7aca01c4');
INSERT INTO user_favour VALUES ('faf08f1850b852520150c2576450005b', 'faf08f18501bcb910150accc7aca01c4');
INSERT INTO user_favour VALUES ('faf08f1850b852520150c257e75e005c', 'faf08f18501bcb910150accc7aca01c4');
INSERT INTO user_favour VALUES ('faf08f1850b852520150c2585f2a005d', 'faf08f18501bcb910150accc7aca01c4');
INSERT INTO user_favour VALUES ('faf08f1850b852520150c2545d870058', 'faf08f18501bcb910150ad4d1bda021e');
INSERT INTO user_favour VALUES ('faf08f1850b852520150c369f46d007d', 'faf08f18501bcb910150ad4d1bda021e');
INSERT INTO user_favour VALUES ('faf08f1850b852520150c36a3fd6007e', 'faf08f18501bcb910150ad4d1bda021e');
INSERT INTO user_favour VALUES ('faf08f1850b852520150c36aabbb007f', 'faf08f18501bcb910150ad4d1bda021e');
INSERT INTO user_favour VALUES ('faf08f1850b852520150c819432500bf', 'faf08f18501bcb910150ad4d1bda021e');
INSERT INTO user_favour VALUES ('faf08f1850b852520150c2545d870058', 'faf08f18501bcb910150ad6a9f92023d');
INSERT INTO user_favour VALUES ('faf08f1850b852520150c369f46d007d', 'faf08f18501bcb910150ad6a9f92023d');
INSERT INTO user_favour VALUES ('faf08f1850b852520150c36a3fd6007e', 'faf08f18501bcb910150ad6a9f92023d');
INSERT INTO user_favour VALUES ('faf08f1850b852520150c36aabbb007f', 'faf08f18501bcb910150ad6a9f92023d');
INSERT INTO user_favour VALUES ('faf08f1850b852520150c819432500bf', 'faf08f18501bcb910150ad6a9f92023d');
INSERT INTO user_favour VALUES ('faf08f1850b852520150c374d4980081', 'faf08f18501bcb910150ad7e26c80243');
INSERT INTO user_favour VALUES ('faf08f1850b852520150c819432500bf', 'faf08f18501bcb910150ad7e26c80243');
INSERT INTO user_favour VALUES ('faf08f1850b852520150c81ed54900c5', 'faf08f18501bcb910150ad7e26c80243');
INSERT INTO user_favour VALUES ('faf08f1850b852520150c27256ce0066', 'faf08f18501bcb910150ad8a6e890246');
INSERT INTO user_favour VALUES ('faf08f1850b852520150c27282580067', 'faf08f18501bcb910150ad8a6e890246');
INSERT INTO user_favour VALUES ('faf08f1850b852520150c36a3fd6007e', 'faf08f18501bcb910150ad8a6e890246');
INSERT INTO user_favour VALUES ('faf08f1850b852520150c821bb5500c7', 'faf08f18501bcb910150ad8a6e890246');
INSERT INTO user_favour VALUES ('faf08f1850b852520150c27256ce0066', 'faf08f18501bcb910150ae41547d0270');
INSERT INTO user_favour VALUES ('faf08f1850b852520150c374d4980081', 'faf08f18501bcb910150ae41547d0270');
INSERT INTO user_favour VALUES ('faf08f1850b852520150c6fc04ed0093', 'faf08f18501bcb910150ae41547d0270');
INSERT INTO user_favour VALUES ('faf08f1850b852520150c6fc1c5e0094', 'faf08f18501bcb910150ae41547d0270');
INSERT INTO user_favour VALUES ('faf08f1850b852520150c81ed54900c5', 'faf08f18501bcb910150ae41547d0270');
INSERT INTO user_favour VALUES ('faf08f1850b852520150c2545d870058', 'faf08f18501bcb910150aecde9050289');
INSERT INTO user_favour VALUES ('faf08f1850b852520150c2545d870058', 'faf08f18501bcb910150aed05084028c');
INSERT INTO user_favour VALUES ('faf08f1850b852520150c369f46d007d', 'faf08f18501bcb910150aed05084028c');
INSERT INTO user_favour VALUES ('faf08f1850b852520150c36a3fd6007e', 'faf08f18501bcb910150aed05084028c');
INSERT INTO user_favour VALUES ('faf08f1850b852520150c6fcd79f0095', 'faf08f18501bcb910150aed05084028c');
INSERT INTO user_favour VALUES ('faf08f1850b852520150c8214fa700c6', 'faf08f18501bcb910150aed05084028c');
INSERT INTO user_favour VALUES ('faf08f1850b852520150c6fc04ed0093', 'faf08f18501bcb910150af1b4f00029b');
INSERT INTO user_favour VALUES ('faf08f1850b852520150c819432500bf', 'faf08f18501bcb910150af1b4f00029b');
INSERT INTO user_favour VALUES ('faf08f1850b852520150c81e233e00c3', 'faf08f18501bcb910150af1b4f00029b');
INSERT INTO user_favour VALUES ('faf08f1850b852520150c26934e30062', 'faf08f18501bcb910150b2b146d502fd');
INSERT INTO user_favour VALUES ('faf08f1850b852520150c36b62680080', 'faf08f18501bcb910150b2b146d502fd');
INSERT INTO user_favour VALUES ('faf08f1850b852520150c819432500bf', 'faf08f18501bcb910150b2b146d502fd');
INSERT INTO user_favour VALUES ('faf08f1850b852520150c81b170900c0', 'faf08f18501bcb910150b2b146d502fd');
INSERT INTO user_favour VALUES ('faf08f1850b852520150ca598be500ea', 'faf08f18501bcb910150b2b146d502fd');
INSERT INTO user_favour VALUES ('faf08f1850b852520150c36aabbb007f', 'faf08f18501bcb910150b4472580032a');
INSERT INTO user_favour VALUES ('faf08f1850b852520150c36b62680080', 'faf08f18501bcb910150b6b3cb640334');
INSERT INTO user_favour VALUES ('faf08f1850b852520150c6fc04ed0093', 'faf08f18501bcb910150b6b3cb640334');
INSERT INTO user_favour VALUES ('faf08f1850b852520150c2545d870058', 'faf08f18501bcb910150bb7b820e039c');
INSERT INTO user_favour VALUES ('faf08f1850b852520150c36aabbb007f', 'faf08f18501bcb910150bd4066de03e4');
INSERT INTO user_favour VALUES ('faf08f1850b852520150c6fc04ed0093', 'faf08f18501bcb910150bd4066de03e4');
INSERT INTO user_favour VALUES ('faf08f1850b852520150c2585f2a005d', 'faf08f18501bcb910150bd776e6203ea');
INSERT INTO user_favour VALUES ('faf08f1850b852520150c374d4980081', 'faf08f18501bcb910150bdaad84d03f3');
INSERT INTO user_favour VALUES ('faf08f1850b852520150c821bb5500c7', 'faf08f18501bcb910150bdaad84d03f3');
INSERT INTO user_favour VALUES ('faf08f1850b852520150c2545d870058', 'faf08f18501bcb910150bdb12b0203fc');
INSERT INTO user_favour VALUES ('faf08f1850b852520150c25597c30059', 'faf08f18501bcb910150bdb12b0203fc');
INSERT INTO user_favour VALUES ('faf08f1850b852520150c2569228005a', 'faf08f18501bcb910150bdb12b0203fc');
INSERT INTO user_favour VALUES ('faf08f1850b852520150c26934e30062', 'faf08f18501bcb910150bdb12b0203fc');
INSERT INTO user_favour VALUES ('faf08f1850b852520150c36a3fd6007e', 'faf08f18501bcb910150bdb12b0203fc');
INSERT INTO user_favour VALUES ('faf08f1850b852520150c2545d870058', 'faf08f18501bcb910150bde78a340408');
INSERT INTO user_favour VALUES ('faf08f1850b852520150c2576450005b', 'faf08f18501bcb910150bde78a340408');
INSERT INTO user_favour VALUES ('faf08f1850b852520150c6fc1c5e0094', 'faf08f18501bcb910150bde78a340408');
INSERT INTO user_favour VALUES ('faf08f1850b852520150c2569228005a', 'faf08f18501bcb910150c1af75ff044d');
INSERT INTO user_favour VALUES ('faf08f1850b852520150c26934e30062', 'faf08f18501bcb910150c1af75ff044d');
INSERT INTO user_favour VALUES ('faf08f1850b852520150c6fc04ed0093', 'faf08f18501bcb910150c1af75ff044d');
INSERT INTO user_favour VALUES ('faf08f1850b852520150c6fc1c5e0094', 'faf08f18501bcb910150c1af75ff044d');
INSERT INTO user_favour VALUES ('faf08f1850b852520150c6fcd79f0095', 'faf08f18501bcb910150c1af75ff044d');
INSERT INTO user_favour VALUES ('faf08f1850b852520150c27256ce0066', 'faf08f18501bcb910150c20e9f9f046e');
INSERT INTO user_favour VALUES ('faf08f1850b852520150c36a3fd6007e', 'faf08f18501bcb910150c20e9f9f046e');
INSERT INTO user_favour VALUES ('faf08f1850b852520150c374d4980081', 'faf08f18501bcb910150c20e9f9f046e');
INSERT INTO user_favour VALUES ('faf08f1850b852520150c81b170900c0', 'faf08f18501bcb910150c20e9f9f046e');
INSERT INTO user_favour VALUES ('faf08f1850b852520150ca598be500ea', 'faf08f18501bcb910150c20e9f9f046e');
INSERT INTO user_favour VALUES ('faf08f1850b852520150c369f46d007d', 'faf08f18501bcb910150c297058a04a4');
INSERT INTO user_favour VALUES ('faf08f1850b852520150c2545d870058', 'faf08f18501bcb910150c64b196204e9');
INSERT INTO user_favour VALUES ('faf08f1850b852520150c27256ce0066', 'faf08f18501bcb910150c64b196204e9');
INSERT INTO user_favour VALUES ('faf08f1850b852520150c369f46d007d', 'faf08f18501bcb910150c64b196204e9');
INSERT INTO user_favour VALUES ('faf08f1850b852520150c374d4980081', 'faf08f18501bcb910150c67d78bb04fb');
INSERT INTO user_favour VALUES ('faf08f1850b852520150c6fc04ed0093', 'faf08f18501bcb910150c67d78bb04fb');
INSERT INTO user_favour VALUES ('faf08f1850b852520150c6fc1c5e0094', 'faf08f18501bcb910150c67d78bb04fb');
INSERT INTO user_favour VALUES ('faf08f1850b852520150c8214fa700c6', 'faf08f18501bcb910150c67d78bb04fb');
INSERT INTO user_favour VALUES ('faf08f1850b852520150cc5570b200fc', 'faf08f18501bcb910150c67d78bb04fb');
INSERT INTO user_favour VALUES ('faf08f1850b852520150c2545d870058', 'faf08f18501bcb910150c6fb156e0519');
INSERT INTO user_favour VALUES ('faf08f1850b852520150c26934e30062', 'faf08f18501bcb910150c70a1791051c');
INSERT INTO user_favour VALUES ('faf08f1850b852520150c369f46d007d', 'faf08f18501bcb910150c70a1791051c');
INSERT INTO user_favour VALUES ('faf08f1850b852520150c36a3fd6007e', 'faf08f18501bcb910150c70a1791051c');
INSERT INTO user_favour VALUES ('faf08f1850b852520150c36aabbb007f', 'faf08f18501bcb910150c70a1791051c');
INSERT INTO user_favour VALUES ('faf08f1850b852520150c36b62680080', 'faf08f18501bcb910150c70a1791051c');
INSERT INTO user_favour VALUES ('faf08f1850b852520150c27256ce0066', 'faf08f18501bcb910150c7a488e5052e');
INSERT INTO user_favour VALUES ('faf08f1850b852520150c369f46d007d', 'faf08f18501bcb910150c7a488e5052e');
INSERT INTO user_favour VALUES ('faf08f1850b852520150c6fc04ed0093', 'faf08f18501bcb910150c7a488e5052e');
INSERT INTO user_favour VALUES ('faf08f1850b852520150c6fc1c5e0094', 'faf08f18501bcb910150c7a488e5052e');
INSERT INTO user_favour VALUES ('faf08f1850b852520150c257e75e005c', 'faf08f18501bcb910150c7d64b3d0546');
INSERT INTO user_favour VALUES ('faf08f1850b852520150c369f46d007d', 'faf08f18501bcb910150c7d64b3d0546');
INSERT INTO user_favour VALUES ('faf08f1850b852520150c36b62680080', 'faf08f18501bcb910150c7d64b3d0546');
INSERT INTO user_favour VALUES ('faf08f1850b852520150c374d4980081', 'faf08f18501bcb910150c7d64b3d0546');
INSERT INTO user_favour VALUES ('faf08f1850b852520150ca598be500ea', 'faf08f18501bcb910150c7d64b3d0546');
INSERT INTO user_favour VALUES ('faf08f1850b852520150c25597c30059', 'faf08f18501bcb910150c7e36a930555');
INSERT INTO user_favour VALUES ('faf08f1850b852520150c2576450005b', 'faf08f18501bcb910150c7e36a930555');
INSERT INTO user_favour VALUES ('faf08f1850b852520150c2585f2a005d', 'faf08f18501bcb910150c7e36a930555');
INSERT INTO user_favour VALUES ('faf08f1850b852520150c26934e30062', 'faf08f18501bcb910150c7e36a930555');
INSERT INTO user_favour VALUES ('faf08f1850b852520150c819432500bf', 'faf08f18501bcb910150c7e36a930555');
INSERT INTO user_favour VALUES ('faf08f1850b852520150c2545d870058', 'faf08f18501bcb910150c7e76c50055b');
INSERT INTO user_favour VALUES ('faf08f1850b852520150c2576450005b', 'faf08f18501bcb910150c7e76c50055b');
INSERT INTO user_favour VALUES ('faf08f1850b852520150c257e75e005c', 'faf08f18501bcb910150c7e76c50055b');
INSERT INTO user_favour VALUES ('faf08f1850b852520150c26934e30062', 'faf08f18501bcb910150c7e76c50055b');
INSERT INTO user_favour VALUES ('faf08f1850b852520150c81b62d100c1', 'faf08f18501bcb910150c7e76c50055b');
INSERT INTO user_favour VALUES ('faf08f1850b852520150c25597c30059', 'faf08f18501bcb910150c7ef28350564');
INSERT INTO user_favour VALUES ('faf08f1850b852520150c2576450005b', 'faf08f18501bcb910150c7ef28350564');
INSERT INTO user_favour VALUES ('faf08f1850b852520150c257e75e005c', 'faf08f18501bcb910150c7ef28350564');
INSERT INTO user_favour VALUES ('faf08f1850b852520150c6fc04ed0093', 'faf08f18501bcb910150c7ef28350564');
INSERT INTO user_favour VALUES ('faf08f1850b852520150c81e233e00c3', 'faf08f18501bcb910150c7ef28350564');
INSERT INTO user_favour VALUES ('faf08f1850b852520150c257e75e005c', 'faf08f18501bcb910150c7f49ea1056d');
INSERT INTO user_favour VALUES ('faf08f1850b852520150c374d4980081', 'faf08f18501bcb910150c7f49ea1056d');
INSERT INTO user_favour VALUES ('faf08f1850b852520150c81bc79800c2', 'faf08f18501bcb910150c7f49ea1056d');
INSERT INTO user_favour VALUES ('faf08f1850b852520150c81e233e00c3', 'faf08f18501bcb910150c7f49ea1056d');
INSERT INTO user_favour VALUES ('faf08f1850b852520150c81ed54900c5', 'faf08f18501bcb910150c7f49ea1056d');
INSERT INTO user_favour VALUES ('faf08f1850b852520150c36aabbb007f', 'faf08f18501bcb910150c809f67e0580');
INSERT INTO user_favour VALUES ('faf08f1850b852520150c6fc04ed0093', 'faf08f18501bcb910150c809f67e0580');
INSERT INTO user_favour VALUES ('faf08f1850b852520150c81bc79800c2', 'faf08f18501bcb910150c809f67e0580');
INSERT INTO user_favour VALUES ('faf08f1850b852520150c81ed54900c5', 'faf08f18501bcb910150c809f67e0580');
INSERT INTO user_favour VALUES ('faf08f1850b852520150c8214fa700c6', 'faf08f18501bcb910150c809f67e0580');
INSERT INTO user_favour VALUES ('faf08f1850b852520150c374d4980081', 'faf08f18501bcb910150c80f06ae0589');
INSERT INTO user_favour VALUES ('faf08f1850b852520150c25597c30059', 'faf08f18501bcb910150c81253f2058c');
INSERT INTO user_favour VALUES ('faf08f1850b852520150c2576450005b', 'faf08f18501bcb910150c81253f2058c');
INSERT INTO user_favour VALUES ('faf08f1850b852520150c2585f2a005d', 'faf08f18501bcb910150c81253f2058c');
INSERT INTO user_favour VALUES ('faf08f1850b852520150c81bc79800c2', 'faf08f18501bcb910150c81253f2058c');
INSERT INTO user_favour VALUES ('faf08f1850b852520150c81e233e00c3', 'faf08f18501bcb910150c81253f2058c');
INSERT INTO user_favour VALUES ('faf08f1850b852520150c81e74d100c4', 'faf08f18501bcb910150c814d7710598');
INSERT INTO user_favour VALUES ('faf08f1850b852520150c2545d870058', 'faf08f18501bcb910150c817529005ad');
INSERT INTO user_favour VALUES ('faf08f1850b852520150c369f46d007d', 'faf08f18501bcb910150c817529005ad');
INSERT INTO user_favour VALUES ('faf08f1850b852520150c81e74d100c4', 'faf08f18501bcb910150c81d39df05bc');
INSERT INTO user_favour VALUES ('faf08f1850b852520150c81ed54900c5', 'faf08f18501bcb910150c81d39df05bc');
INSERT INTO user_favour VALUES ('faf08f1850b852520150c27282580067', 'faf08f18501bcb910150c81ede0f05c2');
INSERT INTO user_favour VALUES ('faf08f1850b852520150c374d4980081', 'faf08f18501bcb910150c820510105c5');
INSERT INTO user_favour VALUES ('faf08f1850b852520150c6fc1c5e0094', 'faf08f18501bcb910150c820510105c5');
INSERT INTO user_favour VALUES ('faf08f1850b852520150c6fcd79f0095', 'faf08f18501bcb910150c820510105c5');
INSERT INTO user_favour VALUES ('faf08f1850b852520150c6fd9f4c0096', 'faf08f18501bcb910150c820510105c5');
INSERT INTO user_favour VALUES ('faf08f1850b852520150c8214fa700c6', 'faf08f18501bcb910150c820510105c5');
INSERT INTO user_favour VALUES ('faf08f1850b852520150c2545d870058', 'faf08f18501bcb910150c8464b0f05ec');
INSERT INTO user_favour VALUES ('faf08f1850b852520150c2545d870058', 'faf08f18501bcb910150c8b1bc7b060b');
INSERT INTO user_favour VALUES ('faf08f1850b852520150c36aabbb007f', 'faf08f18501bcb910150c8e89a78060e');
INSERT INTO user_favour VALUES ('faf08f1850b852520150c819432500bf', 'faf08f18501bcb910150cad8f7e7061a');
INSERT INTO user_favour VALUES ('faf08f1850b852520150c369f46d007d', 'faf08f18501bcb910150cb23513b0620');
INSERT INTO user_favour VALUES ('faf08f1850b852520150c2545d870058', 'faf08f18501bcb910150cb551ea00623');
INSERT INTO user_favour VALUES ('faf08f1850b852520150c2545d870058', 'faf08f18501bcb910150cc72c6a00647');
INSERT INTO user_favour VALUES ('faf08f1850b852520150c369f46d007d', 'faf08f18501bcb910150cc72c6a00647');
INSERT INTO user_favour VALUES ('faf08f1850b852520150c369f46d007d', 'faf08f18501bcb910150cc9107e0064d');
INSERT INTO user_favour VALUES ('faf08f1850b852520150c36aabbb007f', 'faf08f18501bcb910150cc9107e0064d');
INSERT INTO user_favour VALUES ('faf08f1850b852520150cc5570b200fc', 'faf08f18501bcb910150cd2dc243065c');
INSERT INTO user_favour VALUES ('faf08f1850b852520150c2545d870058', 'faf08f18501bcb910150d02f35800668');
INSERT INTO user_favour VALUES ('faf08f1850b852520150c819432500bf', 'faf08f18501bcb910150d0680c84066e');
INSERT INTO user_favour VALUES ('faf08f1850b852520150c369f46d007d', 'faf08f18501bcb910150d19377ca0686');
INSERT INTO user_favour VALUES ('faf08f1850b852520150c36a3fd6007e', 'faf08f18501bcb910150d8474cbe06d3');
INSERT INTO user_favour VALUES ('faf08f1850b852520150c26934e30062', 'faf08f18501bcb910150db3bb19506f1');
INSERT INTO user_favour VALUES ('faf08f1850b852520150c81bc79800c2', 'faf08f18501bcb910150dfd31bfe0706');
INSERT INTO user_favour VALUES ('faf08f1850b852520150c369f46d007d', 'faf08f18501bcb910150e262b2440778');

-- ----------------------------
-- Table structure for `user_role`
-- ----------------------------
DROP TABLE IF EXISTS `user_role`;
CREATE TABLE `user_role` (
  `users` varchar(255) NOT NULL,
  `roles` varchar(255) NOT NULL,
  PRIMARY KEY (`users`,`roles`),
  KEY `FK_jkxpywaiv5wun80y6eh0lhv6n` (`roles`),
  CONSTRAINT `FK_ayvj6lx62cg2fc3ca8m0qh7ig` FOREIGN KEY (`users`) REFERENCES `user` (`id`),
  CONSTRAINT `FK_jkxpywaiv5wun80y6eh0lhv6n` FOREIGN KEY (`roles`) REFERENCES `role` (`id`)
) ENGINE=InnoDB DEFAULT CHARSET=utf8;

-- ----------------------------
-- Records of user_role
-- ----------------------------
INSERT INTO user_role VALUES ('999', '1');
INSERT INTO user_role VALUES ('4040409e4f4a7076014f4a71b2ed0000', '4040409e4f699206014f6992ac4b0000');
INSERT INTO user_role VALUES ('4040409e4f5d9364014f5d953eb70000', '4040409e4f8c4513014f8c4dd10d0001');
INSERT INTO user_role VALUES ('4040409e4f63868e014f6387b4be0000', '4040409e4f8c4513014f8c4e4b660002');

-- ----------------------------
-- Table structure for `user_token`
-- ----------------------------
DROP TABLE IF EXISTS `user_token`;
CREATE TABLE `user_token` (
  `id` varchar(255) NOT NULL,
  `token` varchar(255) DEFAULT NULL,
  `user` varchar(255) NOT NULL,
  PRIMARY KEY (`id`),
  UNIQUE KEY `UK_2spl1jv3vep3g4fqr1kf6a38y` (`user`),
  CONSTRAINT `FK_2spl1jv3vep3g4fqr1kf6a38y` FOREIGN KEY (`user`) REFERENCES `user` (`id`)
) ENGINE=InnoDB DEFAULT CHARSET=utf8;

-- ----------------------------
-- Records of user_token
-- ----------------------------
